step,cracktip_ratio,time,ELM
1,0.11209566939590199,4.643131732940674,15503
2,0.13156340257539456,9.579907417297363,16327
3,0.15344267144199697,14.471869468688965,17355
4,0.1767376768178176,19.77310609817505,18369
5,0.19943289640783046,25.507467031478882,19455
6,0.22399167215112192,30.477789163589478,20725
7,0.24758498985185728,35.81196689605713,22145
8,0.2715483405466669,41.39701557159424,23667
9,0.296130649483034,47.548739194869995,25223
10,0.32009877507425066,54.264955043792725,26781
11,0.34301241628003976,60.2358775138855,28279
12,0.3671648393166802,66.69311189651489,29741
13,0.38988452273808527,75.57056856155396,31201
14,0.4123498881022757,84.87232804298401,32589
15,0.43400071094949866,94.36013078689575,33911
16,0.4544515527314338,104.04739093780518,35165
17,0.4750365311948326,114.5007221698761,36433
18,0.49399403052143687,125.15003395080566,37619
19,0.5131066464714479,133.8202474117279,38725
20,0.5319192106507978,144.91952872276306,39745
21,0.5491429108017417,154.81495833396912,40689
22,0.5651126363301864,164.3206331729889,41647
23,0.5821278822692367,176.48154091835022,42507
24,0.5978663982678649,184.69278407096863,43277
25,0.6121115769684959,195.54438066482544,44025
26,0.6267817035010921,204.20507168769836,44793
27,0.6404416414893543,212.8073046207428,45429
28,0.6535959468210846,221.87234258651733,46135
29,0.6664481295623741,231.13121342658997,46763
30,0.6782895480901656,240.2722508907318,47273
31,0.690101141551229,249.26194024085999,47785
32,0.7011650667513308,258.70303559303284,48343
33,0.7119897048110724,269.2378897666931,48801
34,0.722332586481442,281.51399850845337,49275
35,0.7318970128427198,291.02953600883484,49651
36,0.7411379872869216,300.94481325149536,50049
37,0.750090956440348,311.0472331047058,50377
38,0.7585263964648072,320.8152310848236,50705
39,0.7669565274005352,331.01387643814087,51031
40,0.7747928006144092,341.123952627182,51293
41,0.7821379548474143,354.85753655433655,51595
42,0.7891371407090483,365.18662548065186,51845
43,0.79666465435707,378.4809412956238,52083
44,0.8029624609179183,389.28736996650696,52329
45,0.8090020084183431,400.1607995033264,52547
46,0.8156596444509595,410.9855365753174,52771
47,0.8210808619155192,419.2356789112091,52989
48,0.8269797018112166,430.0523808002472,53131
49,0.8324423942477088,441.5166985988617,53307
50,0.8374711629788925,453.30896759033203,53501
51,0.841979989889144,462.6202175617218,53631
52,0.8464060744398603,472.002788066864,53731
53,0.8507925993395095,484.665976524353,53811
54,0.8549721972861694,493.7858142852783,53909
55,0.8591768951608503,504.80587673187256,54047
56,0.8632393256616302,515.5180177688599,54145
57,0.866436527002811,523.32395362854,54265
58,0.8699599546820356,531.4534854888916,54331
59,0.8742182154938198,542.0079889297485,54405
60,0.8770160416805148,557.5160412788391,54515
61,0.8796365138155805,568.009560585022,54629
62,0.883243672122084,579.6374387741089,54709
63,0.8860339374467735,595.340015411377,54835
64,0.8887905708365399,607.2462828159332,54907
65,0.8906328055623761,618.1376321315765,54935
66,0.8933095119640029,629.2527709007263,55071
67,0.8959394935544914,639.8274154663086,55159
68,0.8976715885657731,651.0052998065948,55189
69,0.9002463686771266,666.9575595855713,55259
70,0.9019640540266602,678.103306055069,55319
71,0.9037379976454093,687.8424673080444,55383
72,0.9054764978240444,696.5307025909424,55419
73,0.907197768686454,706.8190999031067,55471
74,0.9089057016286458,716.5613424777985,55527
75,0.9097863439401772,726.1820974349976,55565
76,0.9114848825861949,736.7154319286346,55595
77,0.9132234349928657,745.9455323219299,55675
78,0.914931585339645,755.1782429218292,55701
79,0.9158008615429805,764.3615708351135,55753
80,0.9166701377463158,769.6063787937164,55753
81,0.917537693387572,775.3862442970276,55753
82,0.9192424026101927,784.5724058151245,55811
83,0.9201099582514489,793.8629648685455,55857
84,0.9209471118328136,803.3911466598511,55875
85,0.9218146674740697,812.9049978256226,55887
86,0.9226518210554344,822.1461353302002,55923
87,0.92437778874774,831.1631691455841,55959
88,0.9252362007987895,836.9873135089874,55959
89,0.9260830611648135,846.3151006698608,56025
90,0.9269530249008885,855.3183085918427,56031
91,0.9286467456329364,860.8931345939636,56031
92,0.9286582973179619,870.990895986557,56057
93,0.9295167093690113,880.8824663162231,56135
94,0.9303635697350353,886.449654340744,56135
95,0.931202452866221,892.1004331111908,56135
96,0.9320528876824323,901.549870967865,56151
97,0.932891770813618,911.8798077106476,56179
98,0.9329033224986435,922.1485614776611,56199
99,0.9337306539448037,932.6200914382935,56215
100,0.9345695370759894,943.0764291286469,56237
step,cracktip_ratio,time,ELM
1,0.1209128575676911,2.8586862087249756,15980
2,0.14764964775785294,6.546685695648193,17478
3,0.17574702080592575,10.500392198562622,18830
4,0.20508335105877584,14.82103681564331,20504
5,0.23507744162471467,19.71645760536194,22382
6,0.2655773099412222,24.935981035232544,24606
7,0.296130649483034,30.748121976852417,26888
8,0.32616531917446856,37.07843255996704,29072
9,0.3560198263580088,45.51929998397827,31278
10,0.38490241444754525,51.213441133499146,33384
11,0.41287064542111174,57.333163022994995,35276
12,0.44012541632247915,66.21227669715881,37162
13,0.4660924970847893,75.90868902206421,38842
14,0.4908184463888531,83.71154165267944,40404
15,0.5141045380094236,92.95306134223938,41854
step,cracktip_ratio,time,ELM
1,0.16898288357633384,4.464886665344238,20997
2,0.22589969062668813,10.272467851638794,27159
3,0.2859384713747263,18.48391056060791,34965
4,0.3450887847556273,29.230037927627563,42861
5,0.4011063652186726,42.872621059417725,50185
6,0.4531426920768351,59.06325316429138,56611
7,0.5010795211706667,76.42464447021484,62331
8,0.5451288813339136,95.5156364440918,67151
9,0.5841264315618688,116.19736075401306,71151
10,0.618965237493806,138.08491611480713,74221
step,cracktip_ratio,time,ELM
1,0.16898288357633384,4.970845937728882,20997
2,0.22589969062668813,11.663966178894043,27159
3,0.2859384713747263,20.409008979797363,34965
4,0.3450887847556273,31.889835834503174,42861
5,0.4011063652186726,46.94183039665222,50185
6,0.4531426920768351,66.97411775588989,56611
7,0.5010795211706667,90.23394823074341,62331
step,cracktip_ratio,time,ELM
1,0.11209566939590199,3.8163223266601562,15503
2,0.13156340257539456,7.889927387237549,16327
3,0.15344267144199697,12.304142475128174,17355
4,0.1767376768178176,16.80705714225769,18369
5,0.19943289640783046,21.523282527923584,19455
6,0.22399167215112192,26.3894259929657,20725
7,0.24758498985185728,32.54927158355713,22145
8,0.2715483405466669,38.57479906082153,23667
9,0.296130649483034,44.54355454444885,25223
10,0.32009877507425066,51.31159567832947,26781
11,0.34301241628003976,56.696879148483276,28279
12,0.3671648393166802,62.23682475090027,29741
13,0.38988452273808527,69.57743787765503,31201
14,0.4123498881022757,77.37557673454285,32589
15,0.43400071094949866,85.60897827148438,33911
16,0.4544515527314338,94.59090328216553,35165
17,0.4750365311948326,103.43818593025208,36433
18,0.49399403052143687,112.6607575416565,37619
19,0.5131066464714479,119.84827947616577,38725
20,0.5319192106507978,129.52214193344116,39745
21,0.5491429108017417,137.31995010375977,40689
22,0.5651126363301864,145.20294523239136,41647
23,0.5821278822692367,155.69507789611816,42507
24,0.5978663982678649,163.99398469924927,43277
25,0.6121115769684959,174.7633125782013,44025
26,0.6267817035010921,183.53341150283813,44793
27,0.6404416414893543,192.13977456092834,45429
28,0.6535959468210846,201.03599095344543,46135
29,0.6664481295623741,209.8460178375244,46763
30,0.6782895480901656,219.2804820537567,47273
31,0.690101141551229,228.99142146110535,47785
32,0.7011650667513308,238.3816146850586,48343
33,0.7119897048110724,247.67852568626404,48801
34,0.722332586481442,260.3928246498108,49275
35,0.7318970128427198,269.89751839637756,49651
36,0.7411379872869216,279.6450731754303,50049
37,0.750090956440348,289.5830202102661,50377
38,0.7585263964648072,299.44005060195923,50705
39,0.7669565274005352,311.63449931144714,51031
40,0.7747928006144092,326.3127703666687,51293
41,0.7821379548474143,342.35861563682556,51595
42,0.7891371407090483,352.61603927612305,51845
43,0.79666465435707,368.21836042404175,52083
44,0.8029624609179183,380.57779240608215,52329
45,0.8090020084183431,392.42706632614136,52547
46,0.8156596444509595,402.4964165687561,52771
47,0.8210808619155192,409.1041188240051,52989
48,0.8269797018112166,418.53724813461304,53131
49,0.8324423942477088,428.8230092525482,53307
50,0.8374711629788925,438.5460481643677,53501
51,0.841979989889144,445.5229067802429,53631
52,0.8464060744398603,452.7819902896881,53731
53,0.8507925993395095,462.69708800315857,53811
54,0.8549721972861694,469.63230872154236,53909
55,0.8591768951608503,480.2207918167114,54047
56,0.8632393256616302,490.60088896751404,54145
57,0.866436527002811,497.63019943237305,54265
58,0.8699599546820356,505.0076410770416,54331
59,0.8742182154938198,512.1811125278473,54405
60,0.8770160416805148,523.4675662517548,54515
61,0.8796365138155805,530.6593396663666,54629
62,0.883243672122084,537.7908902168274,54709
63,0.8860339374467735,548.0990014076233,54835
64,0.8887905708365399,556.655179977417,54907
65,0.8906328055623761,564.1016492843628,54935
66,0.8933095119640029,571.4492373466492,55071
67,0.8959394935544914,579.1250314712524,55159
68,0.8976715885657731,586.5420310497284,55189
69,0.9002463686771266,596.8436393737793,55259
70,0.9019640540266602,605.183509349823,55319
71,0.9037379976454093,612.8063788414001,55383
72,0.9054764978240444,620.1079425811768,55419
73,0.907197768686454,627.8429801464081,55471
74,0.9089057016286458,635.8890380859375,55527
75,0.9097863439401772,643.6875858306885,55565
76,0.9114848825861949,651.0303661823273,55595
77,0.9132234349928657,658.7179896831512,55675
78,0.914931585339645,666.6513271331787,55701
79,0.9158008615429805,674.2864713668823,55753
80,0.9166701377463158,678.6720530986786,55753
81,0.917537693387572,683.0839951038361,55753
82,0.9192424026101927,1974.573625087738,55811
83,0.9201099582514489,1982.3650074005127,55857
84,0.9209471118328136,1989.5786106586456,55875
85,0.9218146674740697,1996.5673859119415,55887
86,0.9226518210554344,2003.7326200008392,55923
87,0.92437778874774,2010.5975081920624,55959
88,0.9252362007987895,2014.7954392433167,55959
89,0.9260830611648135,2022.0641753673553,56025
90,0.9269530249008885,2029.064527273178,56031
91,0.9286467456329364,2033.3056600093842,56031
92,0.9286582973179619,2040.5495800971985,56057
93,0.9295167093690113,2047.6831607818604,56135
94,0.9303635697350353,2051.979020833969,56135
95,0.931202452866221,2056.2096009254456,56135
96,0.9320528876824323,2063.426497220993,56151
97,0.932891770813618,2070.63458609581,56179
98,0.9329033224986435,2078.0196437835693,56199
99,0.9337306539448037,2085.5738637447357,56215
100,0.9345695370759894,2092.8376631736755,56237
step,cracktip_ratio,time,ELM
1,0.11209566939590199,4.663414716720581,15495
2,0.13147701406026402,8.849780082702637,16317
3,0.15144305783445566,12.849276542663574,17285
4,0.17432517044435847,17.10777735710144,18325
5,0.19695667839367315,22.026084899902344,19466
6,0.22041456086039668,25.857207775115967,20863
7,0.24346229463881852,30.079795598983765,22377
8,0.26656358842570194,37.68493175506592,24167
9,0.2909908480209922,45.37778043746948,26140
10,0.31398250401387584,52.68595290184021,28010
11,0.3379604830102717,61.280473947525024,30020
12,0.36009174674121325,68.2930359840393,31891
13,0.3829710262627839,77.22806191444397,33926
14,0.405008457104301,84.36005353927612,35917
15,0.4267697923943089,92.81285166740417,38075
16,0.44731883110392023,101.92635917663574,40330
17,0.4682103807868968,110.42559266090393,42270
18,0.4881250421205837,119.49842429161072,44414
19,0.5072845606636884,128.3868727684021,46673
20,0.5259705394024833,142.1057460308075,48976
21,0.5435687284782765,153.59629487991333,51157
22,0.5609387231454647,165.34958624839783,53313
23,0.5772337140281039,179.29253840446472,55573
24,0.5934515811638756,191.05637550354004,57983
25,0.6080808449045201,202.79044365882874,60214
26,0.6237700301866913,215.38928699493408,62470
27,0.6380024266682082,228.35060167312622,64919
28,0.652049652599684,245.8938775062561,67324
29,0.6650308180537996,259.96283435821533,69776
30,0.6778628155064901,274.30514430999756,72169
31,0.6906448219101632,289.3768045902252,74824
32,0.7021591265100207,305.0909583568573,77142
33,0.7134821746387892,320.9246120452881,79869
34,0.7244162538781826,337.08725666999817,82252
35,0.7349361451075929,355.4618122577667,84610
36,0.7451782164018588,374.64107394218445,87467
37,0.7550425414137141,400.2918698787689,89901
38,0.7644743790463404,428.0488905906677,92707
39,0.7728754500305756,448.5650818347931,95426
40,0.7821379548474143,470.2171280384064,98178
41,0.7902477465914763,501.2070903778076,100717
42,0.7981921949367472,523.5951042175293,103436
43,0.8059409007844873,548.0384616851807,106247
44,0.8140842385040605,579.0958993434906,109038
45,0.8210778300916983,602.4982154369354,111778
46,0.8284409293942735,627.2404522895813,114703
47,0.8349567786133008,652.7371537685394,117412
48,0.8413105863003518,679.1784145832062,120231
49,0.8479497131264261,705.7924249172211,122947
50,0.8538854559740239,732.1144866943359,125722
51,0.8601088191350842,759.9707374572754,129129
52,0.8654379082139423,806.4383239746094,132523
53,0.8709585734709043,836.9114751815796,136666
54,0.8768841488523604,866.9145016670227,140209
55,0.8822847731456276,898.445686340332,143762
56,0.8879517353996862,931.3374636173248,147462
57,0.8932627871528647,978.205112695694,151025
58,0.8985609984769831,1012.7799265384674,154512
59,0.9046225313529483,1050.4162993431091,157903
60,0.9097996818603948,1088.515837430954,161542
61,0.9158312636028718,1129.5608994960785,165362
62,0.9218375716127567,1181.359710931778,169124
63,0.9286698490029874,1221.530546426773,172822
64,0.9354656741680973,1263.8340482711792,176567
65,0.9418447080958128,1305.913060426712,180065
66,0.9481594468976223,1348.0611763000488,184164
67,0.9559785384557606,1390.7351932525635,187917
68,0.963838140342762,1435.6048395633698,191884
69,0.9725171027655218,1479.6274862289429,195763
70,0.9836606036328552,1537.4841825962067,199938
71,1.0,1598.8240375518799,204674
72,1.0,1647.3085186481476,209807
73,1.0,1702.8319835662842,214414
74,1.0,1753.8803696632385,219621
step,cracktip_ratio,time,ELM
1,0.1296756099286942,3.937566041946411,16589
step,cracktip_ratio,time,ELM
1,0.11209566939590199,3.5852160453796387,15495
2,0.13147701406026402,7.191170930862427,16317
3,0.15144305783445566,10.934110164642334,17285
4,0.17432517044435847,15.119514465332031,18325
5,0.19695667839367315,19.43416404724121,19466
6,0.22041456086039668,22.94722270965576,20863
7,0.24346229463881852,26.63713502883911,22377
8,0.26656358842570194,31.919888734817505,24167
9,0.2909908480209922,37.62851572036743,26140
10,0.31398250401387584,43.932451486587524,28010
11,0.3379604830102717,50.82923722267151,30020
12,0.36009174674121325,56.378947496414185,31891
13,0.3829710262627839,64.36833882331848,33926
14,0.405008457104301,70.97718954086304,35917
15,0.4267697923943089,78.11120653152466,38075
16,0.44731883110392023,85.66844081878662,40330
17,0.4682103807868968,93.70814418792725,42270
18,0.4881250421205837,102.88311457633972,44414
19,0.5072845606636884,111.90109467506409,46673
20,0.5259705394024833,124.5554506778717,48976
21,0.5435687284782765,135.2645547389984,51157
22,0.5609387231454647,147.06383848190308,53313
23,0.5772337140281039,158.52833557128906,55573
24,0.5934515811638756,170.11460971832275,57983
25,0.6080808449045201,182.26288414001465,60214
26,0.6237700301866913,195.04425835609436,62470
27,0.6380024266682082,208.74116849899292,64919
28,0.652049652599684,235.104798078537,67324
29,0.6650308180537996,251.78770637512207,69776
30,0.6778628155064901,270.568430185318,72169
31,0.6906448219101632,290.7039918899536,74824
32,0.7021591265100207,311.0220627784729,77142
33,0.7134821746387892,331.92138051986694,79869
34,0.7244162538781826,353.6885561943054,82252
35,0.7349361451075929,375.7698163986206,84610
36,0.7451782164018588,401.87281703948975,87467
37,0.7550425414137141,437.405779838562,89901
38,0.7644743790463404,472.6939663887024,92707
39,0.7728754500305756,499.24420523643494,95426
40,0.7821379548474143,527.3010532855988,98178
41,0.7902477465914763,563.6363699436188,100717
42,0.7981921949367472,595.5876939296722,103436
43,0.8059409007844873,626.0088756084442,106247
44,0.8140842385040605,669.6876864433289,109038
45,0.8210778300916983,702.8625686168671,111778
46,0.8284409293942735,738.492329120636,114703
47,0.8349567786133008,775.168333530426,117412
48,0.8413105863003518,811.8642821311951,120231
49,0.8479497131264261,848.2868270874023,122947
50,0.8538854559740239,888.3638231754303,125722
51,0.8601088191350842,928.0690581798553,129129
52,0.8654379082139423,984.5212976932526,132523
53,0.8709585734709043,1015.1782732009888,136666
54,0.8768841488523604,1046.0775065422058,140209
55,0.8822847731456276,1083.608929157257,143762
56,0.8879517353996862,1125.3906445503235,147462
57,0.8932627871528647,1174.5868999958038,151025
58,0.8985609984769831,1210.7159550189972,154512
59,0.9046225313529483,1247.5541715621948,157903
60,0.9097996818603948,1284.8183298110962,161542
61,0.9158312636028718,1328.0677750110626,165362
62,0.9218375716127567,1383.6420576572418,169124
63,0.9286698490029874,1430.9844424724579,172822
64,0.9354656741680973,1482.2143487930298,176567
65,0.9418447080958128,1527.0643780231476,180065
66,0.9481594468976223,1591.6941440105438,184164
67,0.9559785384557606,1643.9863662719727,187917
68,0.963838140342762,1692.2483837604523,191884
69,0.9725171027655218,1740.4974853992462,195763
70,0.9836606036328552,1810.6965901851654,199938
71,1.0,1877.958773136139,204674
72,1.0,1929.857843875885,209807
73,1.0,1977.3213274478912,214414
74,1.0,2025.3870556354523,219621
75,1.0,2076.178018093109,224768
76,1.0,2127.3339915275574,229706
77,1.0,2183.38459277153,234883
78,1.0,2244.7169251441956,240388
step,cracktip_ratio,time,ELM
1,0.11580380021646952,33.90222454071045,134456
step,cracktip_ratio,time,ELM
1,0.10959856195072515,33.12063002586365,134148
step,cracktip_ratio,time,ELM
1,0.11996186936000108,23.658321857452393,134746
step,cracktip_ratio,time,ELM
1,0.11162498041669322,40.557350873947144,134270
step,cracktip_ratio,time,ELM
1,0.11162498041669322,40.28597354888916,134270
2,0.1314013600125955,67.55105137825012,134998
3,0.15189210705938083,96.0449047088623,135718
4,0.17363997127477104,125.81840181350708,136364
5,0.19570925540976192,159.32951259613037,137106
step,cracktip_ratio,time,ELM
step,cracktip_ratio,time,ELM
1,0.11209566939590199,4.18000054359436,15503
2,0.13156340257539456,8.233819723129272,16327
3,0.15344267144199697,12.514296293258667,17355
4,0.1767376768178176,17.612734079360962,18369
5,0.19943289640783046,23.16251277923584,19455
6,0.22399167215112192,28.728879690170288,20725
7,0.24758498985185728,34.92746925354004,22145
8,0.2715483405466669,41.505324602127075,23667
9,0.296130649483034,48.59531116485596,25223
10,0.32009877507425066,55.92750906944275,26781
11,0.34301241628003976,61.80567121505737,28279
12,0.3671648393166802,67.87470054626465,29741
13,0.38988452273808527,75.92895722389221,31201
14,0.4123498881022757,83.72666144371033,32589
15,0.43400071094949866,91.50955986976624,33911
16,0.4544515527314338,99.70691800117493,35165
17,0.4750365311948326,108.72870063781738,36433
18,0.49399403052143687,118.01922035217285,37619
19,0.5131066464714479,125.2834095954895,38725
20,0.5319192106507978,135.21802854537964,39745
21,0.5491429108017417,143.37671756744385,40689
22,0.5651126363301864,151.67320919036865,41647
23,0.5821278822692367,163.33820223808289,42507
24,0.5978663982678649,172.77751994132996,43277
25,0.6121115769684959,184.35092878341675,44025
26,0.6267817035010921,193.83661341667175,44793
27,0.6404416414893543,203.13368153572083,45429
28,0.6535959468210846,212.34590864181519,46135
29,0.6664481295623741,222.14929461479187,46763
30,0.6782895480901656,231.89157605171204,47273
31,0.690101141551229,241.67918848991394,47785
32,0.7011650667513308,251.61133408546448,48343
33,0.7119897048110724,261.47596502304077,48801
34,0.722332586481442,274.4359459877014,49275
35,0.7318970128427198,284.68702960014343,49651
36,0.7411379872869216,294.85851407051086,50049
37,0.750090956440348,305.99047565460205,50377
38,0.7585263964648072,316.4131705760956,50705
39,0.7669565274005352,326.869163274765,51031
40,0.7747928006144092,338.72452569007874,51293
41,0.7821379548474143,354.4803249835968,51595
42,0.7891371407090483,365.8741042613983,51845
43,0.79666465435707,382.8544750213623,52083
44,0.8029624609179183,394.0770239830017,52329
45,0.8090020084183431,404.9183325767517,52547
46,0.8156596444509595,415.65570092201233,52771
47,0.8210808619155192,423.6256527900696,52989
48,0.8269797018112166,435.0229539871216,53131
49,0.8324423942477088,445.98522877693176,53307
50,0.8374711629788925,457.8341464996338,53501
51,0.841979989889144,465.55449771881104,53631
52,0.8464060744398603,473.5063326358795,53731
53,0.8507925993395095,486.45711493492126,53811
54,0.8549721972861694,494.955659866333,53909
55,0.8591768951608503,508.5074415206909,54047
56,0.8632393256616302,521.1380670070648,54145
57,0.866436527002811,528.8540585041046,54265
58,0.8699599546820356,537.5603764057159,54331
59,0.8742182154938198,545.595278263092,54405
60,0.8770160416805148,557.5443208217621,54515
61,0.8796365138155805,565.633894443512,54629
62,0.883243672122084,573.7666444778442,54709
63,0.8860339374467735,585.1068201065063,54835
64,0.8887905708365399,593.3232867717743,54907
65,0.8906328055623761,601.9906630516052,54935
66,0.8933095119640029,610.3976957798004,55071
67,0.8959394935544914,618.5850262641907,55159
68,0.8976715885657731,627.2583711147308,55189
69,0.9002463686771266,638.9410004615784,55259
70,0.9019640540266602,646.8697836399078,55319
71,0.9037379976454093,654.9425656795502,55383
72,0.9054764978240444,663.4265894889832,55419
73,0.907197768686454,672.7764332294464,55471
74,0.9089057016286458,681.0509099960327,55527
75,0.9097863439401772,689.3823986053467,55565
76,0.9114848825861949,697.7212116718292,55595
77,0.9132234349928657,705.6780400276184,55675
78,0.914931585339645,714.2429602146149,55701
79,0.9158008615429805,722.3308458328247,55753
80,0.9166701377463158,727.7768170833588,55753
81,0.917537693387572,733.9761066436768,55753
82,0.9192424026101927,743.8124551773071,55811
83,0.9201099582514489,752.7328541278839,55857
84,0.9209471118328136,761.2354598045349,55875
85,0.9218146674740697,769.0269103050232,55887
86,0.9226518210554344,777.0952243804932,55923
87,0.92437778874774,785.5754795074463,55959
88,0.9252362007987895,790.4062342643738,55959
89,0.9260830611648135,797.9833016395569,56025
90,0.9269530249008885,805.8802835941315,56031
91,0.9286467456329364,810.8147161006927,56031
92,0.9286582973179619,818.5992681980133,56057
93,0.9295167093690113,826.5254149436951,56135
94,0.9303635697350353,831.2353665828705,56135
95,0.931202452866221,836.2675583362579,56135
96,0.9320528876824323,844.3711321353912,56151
97,0.932891770813618,852.1686751842499,56179
98,0.9329033224986435,859.7811343669891,56199
99,0.9337306539448037,867.7652802467346,56215
100,0.9345695370759894,875.4632062911987,56237
step,cracktip_ratio,time,ELM
1,0.10491604716388658,0.8631305694580078,2175
2,0.11919480726921405,1.850107192993164,2919
3,0.13419212736956276,2.741551399230957,3697
4,0.15023152131430295,3.7190980911254883,4611
5,0.16766447637955506,5.088514566421509,5545
6,0.18507447187020853,6.674302339553833,6553
7,0.20359998276875924,8.510327100753784,7519
8,0.22179857914787404,10.226063013076782,8527
9,0.23984135515704064,12.631223917007446,9811
10,0.259489629576262,15.358512163162231,11127
11,0.27857833786053665,18.502765655517578,12515
12,0.29775009740747305,22.906620502471924,13877
13,0.31589491789419344,28.91895079612732,15543
14,0.3343844442941861,34.59706664085388,16963
15,0.35235299817746435,39.807483196258545,18253
16,0.3697195508151071,44.45479917526245,19293
17,0.38701490193597377,49.15026521682739,20307
18,0.40404761829126,54.01768493652344,21159
19,0.4196536666087277,60.42815041542053,22075
20,0.4357070218411889,67.0119857788086,22915
21,0.45074248748537504,72.59931921958923,23593
22,0.46555931481822854,78.50328707695007,24247
23,0.48004952002711554,84.3098611831665,24851
24,0.4934213885197769,90.28800535202026,25503
25,0.506487495694101,96.43630957603455,26039
26,0.5199022162690152,102.45605444908142,26639
27,0.5321002263681199,108.553546667099,27121
28,0.5444890628121746,114.5870885848999,27607
29,0.5558554169205401,120.76103711128235,28091
30,0.5665793362446272,128.7897243499756,28575
31,0.5771204513984722,135.70405316352844,29045
32,0.5874584902740563,143.80458760261536,29609
33,0.5970653124686716,150.9153299331665,30053
34,0.6070377430037712,158.62514448165894,30529
35,0.6147557071719082,168.60810256004333,30911
36,0.6234079642992747,177.99142575263977,31253
37,0.6319542339267077,189.7846691608429,31573
38,0.6399431278478529,197.0515820980072,31765
39,0.6469661477892915,204.23108792304993,31927
40,0.6551896990091748,210.72548174858093,32183
41,0.6622127189506135,216.60752511024475,32321
42,0.6704362701704968,222.79754662513733,32527
43,0.6770936817714512,228.80192351341248,32685
44,0.6841685548413858,235.11927318572998,32795
45,0.6906431622720981,243.09378623962402,32925
46,0.6962130508772671,249.32258534431458,33053
47,0.7020641069095123,255.2001714706421,33167
48,0.7072869912255322,261.273494720459,33295
49,0.7128017407269541,268.38599824905396,33422
50,0.7180313418992219,273.62859582901,33520
51,0.7216468975915645,277.4249618053436,33616
52,0.7264676385146882,284.11218643188477,33732
53,0.731691890807793,289.549519777298,33820
54,0.7361091203609352,294.95937848091125,33916
55,0.7397300249324409,298.91071605682373,33982
56,0.7441472544855832,304.67549109458923,34084
57,0.7481663215479071,309.0896234512329,34162
58,0.7513837147494313,315.3256642818451,34252
59,0.7554027818117554,319.5736918449402,34310
60,0.7590236863832609,323.9712677001953,34376
61,0.7626445909547666,329.78508138656616,34436
62,0.7666583091379275,334.0576820373535,34506
63,0.7690686795994893,338.3792657852173,34542
64,0.7722860728010137,344.6570258140564,34598
65,0.7759016284933563,349.82294487953186,34652
66,0.7791190216948807,354.9889802932739,34698
67,0.7823364148964049,359.4662735462189,34778
68,0.7847467853579668,363.7401387691498,34802
69,0.7867589933287102,368.2296533584595,34820
70,0.7899763865302345,372.72605180740356,34862
71,0.7930635130143483,377.172078371048,34923
72,0.7951251632565328,381.48261857032776,34981
73,0.7976344182609767,387.3718032836914,35033
74,0.7996960685031611,391.6285014152527,35087
75,0.802205323507605,395.95420837402344,35135
76,0.8042669737497895,400.33117175102234,35165
77,0.8063286239919739,404.8008816242218,35213
78,0.8088378789964178,409.1750783920288,35261
step,cracktip_ratio,time,ELM
1,0.08881853176065924,0.46335530281066895,1387
2,0.0941059627700338,0.8542978763580322,1547
3,0.10042318908914649,1.2172458171844482,1685
4,0.10725011911679394,1.8291139602661133,1913
5,0.11470438859043675,2.4309775829315186,2111
6,0.12222724016105058,3.0468738079071045,2341
7,0.12890793094804576,3.709003210067749,2581
8,0.13680996245813992,4.314379930496216,2863
9,0.14467559928496232,5.014750719070435,3123
10,0.15281369237638798,5.700011491775513,3385
11,0.16234694458351806,6.630802392959595,3661
12,0.17210617582905907,7.573665380477905,4013
13,0.18106141573497792,8.601691246032715,4405
14,0.19127710887177174,9.694287061691284,4719
15,0.2012940944374405,10.875038623809814,5057
16,0.211491714906766,12.37128758430481,5453
17,0.22179857914787404,13.85804033279419,5805
18,0.23300085783841273,15.441106796264648,6277
19,0.2433771236819241,17.054067611694336,6771
20,0.25418101314563335,18.345736980438232,7183
21,0.26616103691629567,20.506338596343994,7669
22,0.27787662819100767,22.428926706314087,8155
23,0.2893530917208308,24.81115412712097,8703
24,0.30108580107748983,27.28275227546692,9273
25,0.31270861329235744,29.94086194038391,9941
26,0.3242281617403967,32.329553842544556,10515
27,0.33585568509237784,34.83081674575806,11171
28,0.3474565078755679,37.372772216796875,11849
29,0.3592924990808437,40.12610626220703,12359
30,0.37048908634246225,43.003623962402344,12845
31,0.3818280766376331,46.59181785583496,13289
32,0.39321148587173793,49.800808906555176,13749
33,0.4049061557145853,53.00884246826172,14157
34,0.4157666576328356,56.35078716278076,14617
35,0.4275672098423039,59.69503998756409,15045
36,0.4383693322877612,63.22991394996643,15469
37,0.4494983291317909,66.90352392196655,15821
38,0.4598418095997424,70.46615552902222,16157
39,0.47064418431980537,74.47649002075195,16497
40,0.4813207374025097,78.77736043930054,16869
41,0.4918444098260455,82.79378342628479,17247
42,0.5023680822495813,86.86656856536865,17643
43,0.5131975159914544,91.217205286026,17995
step,cracktip_ratio,time,ELM
1,0.09433011411107117,0.6039304733276367,1817
2,0.10446399354896585,1.269878625869751,2241
3,0.11477053129144499,1.9387364387512207,2757
4,0.12595094331630807,2.8818302154541016,3271
5,0.13680996245813992,3.9570212364196777,3911
6,0.1493627099195476,4.921006202697754,4531
7,0.16172135439757718,6.057185649871826,5085
8,0.17467110472074032,7.939711570739746,5801
9,0.18825619254806025,10.220910549163818,6543
10,0.20193071818183195,12.42940354347229,7201
11,0.21542083869715933,14.169565916061401,7891
12,0.23048942653251936,16.681421756744385,8697
13,0.24473200152085217,19.333088397979736,9531
14,0.2593574133282869,21.96593165397644,10433
15,0.2750697895128915,25.00246810913086,11255
16,0.2910209435558393,28.170847177505493,12215
17,0.30637758457445874,33.599294662475586,13461
18,0.32147492938310596,37.9681932926178,14489
19,0.33732692589056956,43.4972927570343,15675
20,0.3532649367383718,46.64933753013611,16741
21,0.3688610133917818,51.28253650665283,17637
22,0.3843680881492212,55.983728885650635,18451
23,0.4003466269281498,60.75207781791687,19161
24,0.4159000784677399,65.71895480155945,19923
25,0.4314736786424602,72.1392822265625,20621
26,0.44650914428664623,78.12877988815308,21403
27,0.46154460993083224,83.88906335830688,22043
28,0.47654162921927035,89.60557651519775,22671
29,0.491691529166877,95.533123254776,23323
30,0.5061817343757639,101.73814010620117,23993
31,0.520213297607145,107.63778638839722,24651
32,0.5351441551786669,111.92540764808655,25255
33,0.549071745711633,117.5712718963623,25769
34,0.5630046964699316,123.32777643203735,26487
35,0.5761658863312236,129.35517501831055,27261
36,0.5891442720222735,135.58277368545532,28035
37,0.601574245202597,142.21109867095947,28799
38,0.6139839462749015,149.1840238571167,29509
39,0.6260280390067217,158.03347611427307,30243
40,0.6391600580383883,163.86285090446472,30651
41,0.6513780562188443,169.6477563381195,31119
42,0.6626301804195937,176.07959508895874,31431
43,0.6742479129608273,182.28836965560913,31801
44,0.6855000371615767,190.59725046157837,32179
45,0.6960395487326927,198.5495913028717,32593
46,0.7057913087864345,204.941725730896,32949
47,0.7164119475401338,211.46845316886902,33356
48,0.7264569407563621,219.76032829284668,33798
49,0.735700260111791,228.12596535682678,34118
50,0.745352439716364,236.85237979888916,34460
51,0.7545957590717928,243.78651666641235,34770
52,0.7630374045664219,252.4601776599884,35020
53,0.7718772125518695,259.5916163921356,35322
54,0.7795171841856989,266.6227722167969,35570
55,0.7875553183103469,277.843576669693,35843
56,0.7949895476599593,285.0413715839386,36077
57,0.8026529282698645,292.2592303752899,36419
58,0.80986870411751,299.37521052360535,36673
59,0.8167250619874525,306.6857557296753,36989
60,0.8231338150951357,316.2898998260498,37245
61,0.8287355454628562,324.42891454696655,37505
62,0.8351442985705394,333.05755710601807,37737
63,0.8409698313193896,341.2086691856384,37977
64,0.8465715616871102,350.9073989391327,38169
65,0.8519494896737011,358.42001008987427,38433
66,0.8573274176602921,365.6963551044464,38625
67,0.8629291480280126,373.6487081050873,38822
68,0.8676438171361481,381.3895812034607,38936
69,0.8716952273658283,389.1204664707184,39074
70,0.8756747556647547,395.0599138736725,39184
71,0.8808370295351496,401.93924617767334,39318
72,0.8835619303318543,409.78485560417175,39426
73,0.8875414586307808,418.34988045692444,39504
74,0.8909911211846313,427.24915194511414,39591
75,0.8941776959362291,432.90658044815063,39673
76,0.8973642706878268,439.2177588939667,39769
77,0.8999698475437858,445.8216509819031,39843
78,0.9024316605382376,454.73924827575684,39935
79,0.9056182352898354,463.8997890949249,39999
80,0.9080800482842873,471.8295133113861,40076
81,0.9105418612787393,480.3164758682251,40152
82,0.9131474381346983,488.6543622016907,40218
83,0.9148844893720043,495.3832759857178,40254
84,0.9174900662279634,501.51358008384705,40340
85,0.9192271174652694,507.6963794231415,40404
86,0.9200956430839224,513.597748041153,40444
87,0.9218326943212285,519.8552343845367,40490
88,0.9244382711771875,526.1599152088165,40510
89,0.9261753224144935,532.3220195770264,40546
90,0.9279123736517996,538.8900842666626,40600
91,0.9287808992704526,545.9416351318359,40610
92,0.9296494248891056,552.4875259399414,40698
93,0.9305179505077587,558.4301736354828,40710
94,0.9313864761264117,562.3455245494843,40710
95,0.9322550017450647,568.2894744873047,40722
96,0.9331235273637177,575.2658331394196,40754
97,0.9331235273637177,582.3434965610504,40760
98,0.9339920529823706,589.0796134471893,40766
99,0.9339920529823706,593.6059062480927,40766
100,0.9348605786010237,600.8522708415985,40776
step,cracktip_ratio,time,ELM
1,0.07999999999999996,0.34021615982055664,1050
2,0.07999999999999996,0.5994863510131836,1050
3,0.07999999999999996,0.8405177593231201,1050
4,0.07999999999999996,1.0829722881317139,1050
5,0.07999999999999996,1.372446060180664,1050
6,0.07999999999999996,1.6285035610198975,1050
7,0.07999999999999996,1.8804969787597656,1050
8,0.07999999999999996,2.2038278579711914,1050
9,0.07999999999999996,2.4878180027008057,1050
10,0.07999999999999996,2.7674272060394287,1050
11,0.07999999999999996,3.050227403640747,1050
12,0.07999999999999996,3.321321487426758,1050
13,0.07999999999999996,3.598433494567871,1050
14,0.07999999999999996,3.825587034225464,1050
15,0.07999999999999996,4.035836935043335,1050
16,0.07999999999999996,4.250524044036865,1050
17,0.07999999999999996,4.466511011123657,1050
18,0.07999999999999996,4.676247835159302,1050
19,0.07999999999999996,4.889441728591919,1050
20,0.07999999999999996,5.102563142776489,1050
21,0.07999999999999996,5.317640542984009,1050
22,0.07999999999999996,5.533518075942993,1050
23,0.07999999999999996,5.752179861068726,1050
24,0.07999999999999996,5.97577691078186,1050
25,0.07999999999999996,6.195765733718872,1050
26,0.07999999999999996,6.418241024017334,1050
27,0.07999999999999996,6.637665033340454,1050
28,0.07999999999999996,6.856901407241821,1050
29,0.07999999999999996,7.0788702964782715,1050
30,0.07999999999999996,7.305134296417236,1050
31,0.07999999999999996,7.525268793106079,1050
32,0.07999999999999996,7.743300199508667,1050
33,0.07999999999999996,7.976744174957275,1050
34,0.07999999999999996,8.223267078399658,1050
35,0.07999999999999996,8.453970432281494,1050
36,0.07999999999999996,8.6819326877594,1050
37,0.07999999999999996,8.915624141693115,1050
38,0.07999999999999996,9.143951892852783,1050
39,0.07999999999999996,9.372310400009155,1050
40,0.07999999999999996,9.585144519805908,1050
41,0.07999999999999996,9.800517559051514,1050
42,0.07999999999999996,10.027193307876587,1050
43,0.07999999999999996,10.265173196792603,1050
44,0.07999999999999996,10.49619722366333,1050
45,0.07999999999999996,10.720185995101929,1050
46,0.07999999999999996,10.942477941513062,1050
47,0.07999999999999996,11.166679382324219,1050
48,0.07999999999999996,11.39292287826538,1050
49,0.07999999999999996,11.646909475326538,1050
50,0.07999999999999996,11.873306274414062,1050
51,0.07999999999999996,12.111124515533447,1050
52,0.07999999999999996,12.331374645233154,1050
53,0.07999999999999996,12.548524618148804,1050
54,0.07999999999999996,12.766231298446655,1050
55,0.07999999999999996,12.977174282073975,1050
56,0.07999999999999996,13.190312385559082,1050
57,0.07999999999999996,13.415542840957642,1050
58,0.07999999999999996,13.644168376922607,1050
59,0.07999999999999996,13.865808725357056,1050
60,0.07999999999999996,14.07796311378479,1050
61,0.07999999999999996,14.297670841217041,1050
62,0.07999999999999996,14.513264656066895,1050
63,0.07999999999999996,14.724756956100464,1050
64,0.07999999999999996,14.940427303314209,1050
65,0.07999999999999996,15.16279149055481,1050
66,0.07999999999999996,15.393274784088135,1050
67,0.07999999999999996,15.623477220535278,1050
68,0.07999999999999996,15.849204063415527,1050
69,0.07999999999999996,16.087478399276733,1050
70,0.07999999999999996,16.317463159561157,1050
71,0.07999999999999996,16.54242253303528,1050
72,0.07999999999999996,16.779597759246826,1050
73,0.07999999999999996,17.01939296722412,1050
74,0.07999999999999996,17.248486042022705,1050
75,0.07999999999999996,17.499707221984863,1050
76,0.07999999999999996,17.749544382095337,1050
77,0.07999999999999996,17.99934434890747,1050
78,0.07999999999999996,18.2545485496521,1050
79,0.07999999999999996,18.50306510925293,1050
80,0.07999999999999996,18.749731302261353,1050
81,0.07999999999999996,18.99853205680847,1050
82,0.07999999999999996,19.249995470046997,1050
83,0.07999999999999996,19.498377799987793,1050
84,0.07999999999999996,19.73772692680359,1050
85,0.07999999999999996,20.01072883605957,1050
86,0.07999999999999996,20.270885944366455,1050
87,0.07999999999999996,20.510940551757812,1050
88,0.07999999999999996,20.74491572380066,1050
89,0.07999999999999996,20.975176334381104,1050
90,0.07999999999999996,21.208805322647095,1050
91,0.07999999999999996,21.45286536216736,1050
92,0.07999999999999996,21.697039127349854,1050
93,0.07999999999999996,21.932934761047363,1050
94,0.07999999999999996,22.175333738327026,1050
95,0.07999999999999996,22.42607617378235,1050
96,0.07999999999999996,22.675016164779663,1050
97,0.07999999999999996,22.913076877593994,1050
98,0.07999999999999996,23.152117490768433,1050
99,0.07999999999999996,23.396751165390015,1050
100,0.07999999999999996,23.63729500770569,1050
step,cracktip_ratio,time,ELM
1,0.09433011411107117,0.6157336235046387,1817
2,0.10446399354896585,1.35915207862854,2251
3,0.11477053129144499,2.0239641666412354,2753
4,0.12595094331630807,2.9839208126068115,3295
5,0.1368342255803211,4.2121381759643555,3929
6,0.14941123616391017,5.201660871505737,4567
7,0.16215927057084378,6.346466302871704,5109
8,0.17510902089400682,7.916210174560547,5805
9,0.18869410872132675,9.86732029914856,6577
10,0.20209152253597196,11.848225831985474,7217
11,0.21657739216412464,13.789534091949463,7919
12,0.23075385902846968,16.669753074645996,8707
13,0.24595466311180492,19.691291570663452,9555
14,0.2614219139072209,22.821046113967896,10461
15,0.2766054250999248,26.05773615837097,11375
16,0.2928869448195375,29.305306911468506,12237
17,0.30896944089022516,33.630269289016724,13555
18,0.3242370619299936,38.351285219192505,14661
19,0.3402071061597737,44.48940992355347,15825
20,0.3558761497667363,48.69352316856384,16857
21,0.371454426040952,53.15243077278137,17703
22,0.3878734393592992,57.81505608558655,18485
23,0.4033225017028389,62.67937397956848,19223
24,0.41910052344484616,68.73971223831177,20011
25,0.43398310842986365,74.16510963439941,20793
26,0.4493243353923869,79.59223651885986,21539
step,cracktip_ratio,time,ELM
1,0.09433011411107117,0.6601738929748535,1817
2,0.10446399354896585,1.350374698638916,2251
3,0.11477053129144499,1.9803650379180908,2753
4,0.12595094331630807,2.9320766925811768,3295
5,0.1368342255803211,3.9841370582580566,3929
step,cracktip_ratio,time,ELM
1,0.09433011411107117,0.5636529922485352,1817
2,0.10446399354896585,1.260230302810669,2251
step,cracktip_ratio,time,ELM
step,cracktip_ratio,time,ELM
1,0.07999999999999996,0.20671772956848145,1050
2,0.07999999999999996,0.38640356063842773,1050
3,0.07999999999999996,0.5552527904510498,1050
4,0.07999999999999996,0.7267475128173828,1050
5,0.07999999999999996,0.9052212238311768,1050
6,0.07999999999999996,1.078711748123169,1050
7,0.07999999999999996,1.252690076828003,1050
8,0.07999999999999996,1.4301259517669678,1050
9,0.07999999999999996,1.6006970405578613,1050
10,0.07999999999999996,1.7733392715454102,1050
11,0.07999999999999996,1.9465153217315674,1050
12,0.07999999999999996,2.170037269592285,1050
13,0.07999999999999996,2.342743396759033,1050
14,0.07999999999999996,2.521923542022705,1050
15,0.07999999999999996,2.6975889205932617,1050
16,0.07999999999999996,2.870290756225586,1050
17,0.07999999999999996,3.0425126552581787,1050
18,0.07999999999999996,3.213135242462158,1050
19,0.07999999999999996,3.3894872665405273,1050
20,0.07999999999999996,3.570568323135376,1050
21,0.07999999999999996,3.745896577835083,1050
22,0.07999999999999996,3.9187393188476562,1050
23,0.07999999999999996,4.092430114746094,1050
24,0.07999999999999996,4.264070272445679,1050
25,0.07999999999999996,4.43700098991394,1050
26,0.07999999999999996,4.615863561630249,1050
27,0.07999999999999996,4.799962997436523,1050
28,0.07999999999999996,4.985458850860596,1050
29,0.07999999999999996,5.164474248886108,1050
30,0.07999999999999996,5.34636664390564,1050
31,0.07999999999999996,5.52851939201355,1050
32,0.07999999999999996,5.71250057220459,1050
33,0.07999999999999996,5.889955520629883,1050
34,0.07999999999999996,6.072670936584473,1050
35,0.07999999999999996,6.259892225265503,1050
36,0.07999999999999996,6.443162679672241,1050
37,0.07999999999999996,6.631564378738403,1050
38,0.07999999999999996,6.8168768882751465,1050
39,0.07999999999999996,6.999375104904175,1050
40,0.07999999999999996,7.178879261016846,1050
41,0.07999999999999996,7.365320682525635,1050
42,0.07999999999999996,7.543898344039917,1050
43,0.07999999999999996,7.7241175174713135,1050
44,0.07999999999999996,7.898530006408691,1050
45,0.07999999999999996,8.082094430923462,1050
46,0.07999999999999996,8.261178970336914,1050
47,0.07999999999999996,8.4422926902771,1050
48,0.07999999999999996,8.620542049407959,1050
49,0.07999999999999996,8.807651281356812,1050
50,0.07999999999999996,8.99159836769104,1050
51,0.07999999999999996,9.17764687538147,1050
52,0.07999999999999996,9.369043111801147,1050
53,0.07999999999999996,9.551976919174194,1050
54,0.07999999999999996,9.73875093460083,1050
55,0.07999999999999996,9.92832064628601,1050
56,0.07999999999999996,10.120516300201416,1050
57,0.07999999999999996,10.319059610366821,1050
58,0.07999999999999996,10.518336534500122,1050
59,0.07999999999999996,10.71194338798523,1050
60,0.07999999999999996,10.90485167503357,1050
61,0.07999999999999996,11.102529764175415,1050
62,0.07999999999999996,11.30668330192566,1050
63,0.07999999999999996,11.556411743164062,1050
64,0.07999999999999996,11.752718210220337,1050
65,0.07999999999999996,11.952561616897583,1050
66,0.07999999999999996,12.156699657440186,1050
67,0.07999999999999996,12.373133420944214,1050
68,0.07999999999999996,12.584379434585571,1050
69,0.07999999999999996,12.788040161132812,1050
70,0.07999999999999996,12.996126651763916,1050
71,0.07999999999999996,13.196852684020996,1050
72,0.07999999999999996,13.401096105575562,1050
73,0.07999999999999996,13.647319555282593,1050
74,0.07999999999999996,13.913136005401611,1050
75,0.07999999999999996,14.135565757751465,1050
76,0.07999999999999996,14.366156101226807,1050
77,0.07999999999999996,14.575761079788208,1050
78,0.07999999999999996,14.789462566375732,1050
79,0.07999999999999996,15.008410453796387,1050
80,0.07999999999999996,15.218964576721191,1050
81,0.07999999999999996,15.45301365852356,1050
82,0.07999999999999996,15.688870191574097,1050
83,0.07999999999999996,15.896171808242798,1050
84,0.07999999999999996,16.12807583808899,1050
85,0.07999999999999996,16.35594916343689,1050
86,0.07999999999999996,16.599091053009033,1050
87,0.07999999999999996,16.849761724472046,1050
88,0.07999999999999996,17.075897216796875,1050
89,0.07999999999999996,17.288821697235107,1050
90,0.07999999999999996,17.498127698898315,1050
91,0.07999999999999996,17.708438396453857,1050
92,0.07999999999999996,17.922449350357056,1050
93,0.07999999999999996,18.12525773048401,1050
94,0.07999999999999996,18.338536739349365,1050
95,0.07999999999999996,18.54893684387207,1050
96,0.07999999999999996,18.759612560272217,1050
97,0.07999999999999996,19.016807794570923,1050
98,0.07999999999999996,19.246731281280518,1050
99,0.07999999999999996,19.500767469406128,1050
100,0.07999999999999996,19.752853870391846,1050
step,cracktip_ratio,time,ELM
1,0.07999999999999996,0.25124216079711914,1050
2,0.07999999999999996,0.45269012451171875,1050
3,0.07999999999999996,0.6291539669036865,1050
4,0.07999999999999996,0.8124582767486572,1050
5,0.07999999999999996,1.015129804611206,1050
6,0.07999999999999996,1.2198309898376465,1050
7,0.07999999999999996,1.4241259098052979,1050
8,0.07999999999999996,1.6472561359405518,1050
9,0.07999999999999996,1.8724639415740967,1050
10,0.07999999999999996,2.09032940864563,1050
11,0.07999999999999996,2.30061674118042,1050
12,0.07999999999999996,2.5589680671691895,1050
13,0.07999999999999996,2.762495756149292,1050
14,0.07999999999999996,2.975802183151245,1050
15,0.07999999999999996,3.176201343536377,1050
16,0.07999999999999996,3.397627830505371,1050
17,0.07999999999999996,3.611137866973877,1050
18,0.07999999999999996,3.834320545196533,1050
19,0.07999999999999996,4.0398101806640625,1050
20,0.07999999999999996,4.2528603076934814,1050
21,0.07999999999999996,4.456660032272339,1050
22,0.07999999999999996,4.673119306564331,1050
23,0.07999999999999996,4.896360874176025,1050
24,0.07999999999999996,5.115067720413208,1050
25,0.07999999999999996,5.339406728744507,1050
26,0.07999999999999996,5.559680461883545,1050
step,cracktip_ratio,time,ELM
1,0.07999999999999996,0.8178019523620605,7817
2,0.07999999999999996,1.4785678386688232,7817
3,0.08186828736985574,2.4731149673461914,7836
4,0.08373657473971141,4.2529425621032715,7873
5,0.08560486210956708,5.607701301574707,7909
6,0.0870315199247721,7.022733926773071,7927
7,0.08939232142490483,8.026999235153198,7937
8,0.09126060879476061,8.691238641738892,7937
9,0.09406303984954423,9.686102628707886,7947
10,0.09642384134967708,10.310334920883179,7947
11,0.09922627240446069,10.959460496902466,7947
12,0.10158707390459354,11.595937728881836,7947
13,0.10438950495937704,12.253150463104248,7947
14,0.10719193601416055,12.907585144042969,7947
15,0.11004525164457046,13.558422565460205,7947
16,0.11284768269935419,14.199440479278564,7947
17,0.1162952816112941,15.263601541519165,7965
18,0.11875785226267976,16.277769565582275,8011
19,0.12220545117461978,17.33579397201538,8039
20,0.12491427889114415,18.380043506622314,8115
21,0.1276231066076684,19.439239025115967,8183
22,0.13082444845446983,20.92774486541748,8247
23,0.13353327617099398,22.016748189926147,8307
24,0.13673461801779552,23.138405799865723,8395
25,0.13944344573431977,24.23913264274597,8471
26,0.1426038481468208,25.35438847541809,8553
27,0.14527173642904467,26.49711799621582,8617
28,0.14843213884154582,27.639822006225586,8715
29,0.15182515184108525,28.802085638046265,8807
30,0.15426042953627073,30.47549319267273,8935
31,0.15742083194877177,31.651652097702026,8991
32,0.16058123436127292,32.84073829650879,9091
33,0.16324912264349678,34.06216526031494,9205
34,0.16640952505599782,35.74973964691162,9287
35,0.16956992746849875,36.963526487350464,9349
36,0.17223781575072283,38.64929676055908,9447
37,0.17539821816322376,39.88960075378418,9537
38,0.17806610644544774,41.153191566467285,9627
39,0.18122650885794866,42.48602056503296,9763
40,0.1843869112704497,43.784342527389526,9863
41,0.18705479955267368,45.596710205078125,9985
42,0.18949007724785905,46.92830514907837,10055
43,0.1921579655300829,48.25562238693237,10157
44,0.19531836794258406,49.5967972278595,10231
45,0.19798625622480814,51.437161922454834,10353
46,0.2004215339199935,52.787718296051025,10419
47,0.20376408832835846,54.162678956985474,10515
48,0.20638151801940763,55.52796530723572,10595
49,0.2082259399948977,56.90771245956421,10665
50,0.21124783724782747,58.30764412879944,10719
51,0.21426973450075726,59.71354866027832,10775
52,0.21729163175368693,61.15383458137512,10845
53,0.22031352900661683,62.591700315475464,10901
54,0.22311311069352968,64.02219581604004,10933
55,0.22495753266901974,65.4749665260315,11003
56,0.22786827213894112,67.01875710487366,11059
57,0.2307790116088626,68.48361253738403,11129
58,0.23251227580134426,69.95205569267273,11155
59,0.23553417305427393,71.43306136131287,11209
60,0.23844491252419542,72.9221580028534,11279
61,0.24006701893366855,74.4612684249878,11301
62,0.24308891618659834,76.01297092437744,11349
63,0.2447110225960717,77.53123378753662,11395
64,0.24762176206599296,79.08533906936646,11437
65,0.2492438684754662,80.61341118812561,11463
66,0.25086597488493956,82.18802309036255,11515
67,0.2537767143548608,83.83887100219727,11605
68,0.25539882076433407,84.96036386489868,11605
69,0.25830956023425555,86.57061123847961,11683
70,0.2598205088607204,88.20884156227112,11715
71,0.26144261527019363,89.20780634880066,11715
72,0.264353354740115,90.85213446617126,11789
73,0.26586430336657985,92.50609993934631,11827
74,0.2674864097760532,94.24342823028564,11833
75,0.2703971492459746,95.8915388584137,11895
76,0.2719080978724394,97.60238218307495,11941
77,0.27364136206492107,99.30144715309143,11951
78,0.275152310691386,101.08187747001648,11997
79,0.27666325931785085,102.11178207397461,11997
80,0.2795739987877722,103.86923336982727,12069
81,0.2810849474142372,105.61136364936829,12117
82,0.282595896040702,107.53562998771667,12135
83,0.28421800245017514,109.47702074050903,12147
84,0.2857289510766401,111.31010866165161,12183
85,0.28723989970310504,113.21778655052185,12195
86,0.2887508483295699,115.0952513217926,12223
87,0.2902617969560347,116.86249041557312,12233
88,0.29177274558249966,118.64886426925659,12291
89,0.2932836942089646,120.47569465637207,12329
90,0.29479464283542933,122.34031462669373,12347
91,0.29490580061843774,123.45294141769409,12347
92,0.2964167492449026,125.39216780662537,12387
93,0.2979276978713675,126.55444502830505,12387
94,0.29932748871482406,128.44804906845093,12419
95,0.29954980428084077,130.38703393936157,12425
96,0.3009495951242973,131.55089616775513,12425
97,0.3020254506783042,133.60710525512695,12515
98,0.3028789906662943,135.5380938053131,12535
99,0.3040660040033094,137.35520720481873,12543
100,0.3041771617863178,139.28475975990295,12573
step,cracktip_ratio,time,ELM
1,0.07999999999999996,0.7298338413238525,7817
2,0.07999999999999996,1.3767054080963135,7817
3,0.08186828736985574,2.3698015213012695,7836
4,0.08373657473971141,4.177693128585815,7873
5,0.08560486210956708,5.611288070678711,7909
6,0.0870315199247721,7.02158522605896,7927
7,0.08939232142490483,8.113723278045654,7937
8,0.09126060879476061,8.783510208129883,7937
9,0.09406303984954423,9.892734289169312,7947
10,0.09642384134967708,10.563615322113037,7947
11,0.09922627240446069,11.209614992141724,7947
12,0.10158707390459354,11.924415588378906,7947
13,0.10438950495937704,12.593956470489502,7947
14,0.10719193601416055,13.26196575164795,7947
15,0.11004525164457046,13.94195008277893,7947
16,0.11284768269935419,14.638454914093018,7947
17,0.1162952816112941,15.766116380691528,7965
18,0.11875785226267976,16.939040899276733,8011
19,0.12220545117461978,18.034884929656982,8039
20,0.12491427889114415,19.17915987968445,8115
21,0.1276231066076684,20.332117557525635,8183
22,0.13082444845446983,21.937121152877808,8247
23,0.13353327617099398,23.127809286117554,8307
24,0.13673461801779552,24.30431818962097,8395
25,0.13944344573431977,25.509865283966064,8471
26,0.1426038481468208,26.743321180343628,8553
27,0.14527173642904467,27.985600233078003,8617
28,0.14843213884154582,29.246946811676025,8715
29,0.15182515184108525,30.51954746246338,8807
30,0.15426042953627073,32.3263897895813,8935
31,0.15742083194877177,33.63905143737793,8991
32,0.16058123436127292,34.92985725402832,9091
33,0.16324912264349678,36.310895919799805,9205
34,0.16640952505599782,38.15449547767639,9287
35,0.16956992746849875,39.51123881340027,9349
36,0.17223781575072283,41.43694448471069,9447
37,0.17539821816322376,42.86196208000183,9537
38,0.17806610644544774,44.24461555480957,9627
39,0.18122650885794866,45.721585273742676,9763
40,0.1843869112704497,47.35799813270569,9863
41,0.18705479955267368,49.341195583343506,9985
42,0.18949007724785905,50.849769830703735,10055
43,0.1921579655300829,52.319414377212524,10157
44,0.19531836794258406,53.817930698394775,10231
45,0.19798625622480814,55.8657968044281,10353
46,0.2004215339199935,57.37329030036926,10419
47,0.20376408832835846,58.85346484184265,10515
48,0.20638151801940763,60.38296175003052,10595
49,0.2082259399948977,62.06756258010864,10665
50,0.21124783724782747,63.63748025894165,10719
51,0.21426973450075726,65.26634073257446,10775
52,0.21729163175368693,66.872061252594,10845
53,0.22031352900661683,68.45013070106506,10901
54,0.22311311069352968,70.02611446380615,10933
55,0.22495753266901974,71.67272877693176,11003
56,0.22786827213894112,73.52998185157776,11059
57,0.2307790116088626,75.25070333480835,11129
58,0.23251227580134426,76.9571053981781,11155
59,0.23553417305427393,78.62768936157227,11209
60,0.23844491252419542,80.38502812385559,11279
61,0.24006701893366855,82.23781204223633,11301
62,0.24308891618659834,83.97574257850647,11349
63,0.2447110225960717,85.6275315284729,11395
64,0.24762176206599296,87.23852896690369,11437
65,0.2492438684754662,88.88864493370056,11463
66,0.25086597488493956,90.55854964256287,11515
67,0.2537767143548608,92.28283596038818,11605
68,0.25539882076433407,93.35210728645325,11605
69,0.25830956023425555,95.02879047393799,11683
70,0.2598205088607204,96.74510931968689,11715
71,0.26144261527019363,97.81168127059937,11715
72,0.264353354740115,99.59740447998047,11789
73,0.26586430336657985,101.3388557434082,11827
74,0.2674864097760532,103.07986307144165,11833
75,0.2703971492459746,104.76749849319458,11895
76,0.2719080978724394,106.51949119567871,11941
77,0.27364136206492107,108.25624012947083,11951
78,0.275152310691386,110.1109848022461,11997
79,0.27666325931785085,111.22789692878723,11997
80,0.2795739987877722,113.04672956466675,12069
81,0.2810849474142372,114.81266641616821,12117
82,0.282595896040702,116.57039594650269,12135
83,0.28421800245017514,118.32795333862305,12147
84,0.2857289510766401,120.13391542434692,12183
85,0.28723989970310504,121.88862442970276,12195
86,0.2887508483295699,123.68450665473938,12223
87,0.2902617969560347,125.55511903762817,12233
88,0.29177274558249966,127.33136248588562,12291
89,0.2932836942089646,129.09752011299133,12329
90,0.29479464283542933,130.8625271320343,12347
91,0.29490580061843774,131.976665019989,12347
92,0.2964167492449026,133.75997352600098,12387
93,0.2979276978713675,134.84070467948914,12387
94,0.29932748871482406,136.69328951835632,12419
95,0.29954980428084077,138.538241147995,12425
96,0.3009495951242973,139.63896536827087,12425
97,0.3020254506783042,141.46653032302856,12515
98,0.3028789906662943,143.28915905952454,12535
99,0.3040660040033094,145.09124970436096,12543
100,0.3041771617863178,146.89417004585266,12573
101,0.30525301734032473,148.76484060287476,12593
102,0.30718241288232173,149.8645305633545,12593
103,0.30718241288232173,151.7232632637024,12655
104,0.30836942621933694,153.56796383857727,12687
105,0.30944528177334385,155.5057656764984,12693
106,0.31040997954434235,157.56982946395874,12705
107,0.31137467731534085,159.40624165534973,12721
108,0.31159699288135756,161.30860781669617,12733
109,0.31256169065235595,163.23122382164001,12767
110,0.31341523064034615,165.09469413757324,12773
111,0.3146022439773615,167.01893091201782,12807
112,0.3146022439773615,168.18082666397095,12807
113,0.3156780995313683,170.05338954925537,12819
114,0.31653163951935837,171.91948747634888,12853
115,0.31675395508537507,173.071711063385,12853
116,0.3177186528563737,174.23369812965393,12853
117,0.3187945084103806,176.138170003891,12931
118,0.3187945084103806,177.99907231330872,12943
119,0.3196480483983707,179.83379197120667,12959
120,0.3198703639643874,181.71946930885315,12971
121,0.3208350617353858,182.9251744747162,12971
122,0.3208350617353858,184.8160948753357,12985
123,0.3219109172893927,186.0332314968109,12985
124,0.3220220750724011,187.93418741226196,13003
125,0.3229867728433996,189.087730884552,13003
126,0.3239514706143981,190.30208015441895,13003
127,0.3239514706143981,192.29325318336487,13039
128,0.3250273261684049,194.299067735672,13065
129,0.3250273261684049,196.2233054637909,13081
130,0.3251384839514133,197.42406010627747,13081
131,0.3258808661563951,198.65008783340454,13081
132,0.3261031817224118,199.8538749217987,13081
133,0.3270678794934103,201.8022816181183,13107
134,0.3270678794934103,203.01782202720642,13107
135,0.3270678794934103,204.93426156044006,13121
136,0.32814373504741723,206.10398077964783,13121
137,0.3282548928304255,208.0773572921753,13133
138,0.3282548928304255,209.31788563728333,13133
139,0.32921959060142403,210.61383152008057,13133
140,0.33018428837242253,211.8452489376068,13133
141,0.33018428837242253,213.00717043876648,13133
142,0.33018428837242253,214.96001434326172,13157
143,0.33126014392642944,216.94379377365112,13187
144,0.33126014392642944,219.63255643844604,13239
145,0.33126014392642944,221.66365575790405,13245
146,0.33126014392642944,222.9317512512207,13245
147,0.33211368391441953,224.2270746231079,13245
148,0.33233599948043624,225.54759621620178,13245
149,0.33233599948043624,226.8466522693634,13245
150,0.33233599948043624,228.9997832775116,13257
151,0.33330069725143474,230.3469681739807,13257
152,0.33330069725143474,231.87890481948853,13257
153,0.33330069725143474,233.334557056427,13257
154,0.33330069725143474,235.43709087371826,13271
155,0.33330069725143474,236.66582655906677,13271
156,0.33437655280544165,237.916841506958,13271
157,0.33437655280544165,239.25587487220764,13271
158,0.33437655280544165,240.6767702102661,13271
159,0.33437655280544165,242.84216833114624,13301
160,0.33448771058844995,244.10216808319092,13301
161,0.33448771058844995,245.33489894866943,13301
162,0.33545240835944856,246.57312059402466,13301
163,0.33545240835944856,247.78373527526855,13301
164,0.33641710613044695,249.0467586517334,13301
165,0.33641710613044695,250.3338212966919,13301
166,0.33641710613044695,251.73084926605225,13301
167,0.33641710613044695,253.76171159744263,13353
168,0.33749296168445375,255.72723722457886,13375
169,0.33749296168445375,256.96129298210144,13375
170,0.33749296168445375,258.9136600494385,13381
171,0.33749296168445375,261.4904820919037,13387
172,0.33749296168445375,262.87066411972046,13387
173,0.33834650167244396,264.15143847465515,13387
174,0.33834650167244396,265.4023962020874,13387
175,0.3385688172384608,266.66655564308167,13387
176,0.3385688172384608,267.9052174091339,13387
177,0.3385688172384608,269.14437317848206,13387
178,0.3385688172384608,270.4136381149292,13387
179,0.3385688172384608,271.6420793533325,13387
180,0.3385688172384608,272.8814435005188,13387
181,0.3385688172384608,274.9329900741577,13407
182,0.3385688172384608,276.1858637332916,13407
183,0.3395335150094593,277.434508562088,13407
184,0.3395335150094593,278.6817066669464,13407
185,0.3395335150094593,279.92788195610046,13407
186,0.3395335150094593,281.23282074928284,13407
