"damage","displacement:0","displacement:1","displacement:2","energy","vtkValidPointMask","arc_length","Points:0","Points:1","Points:2"
4.5122e-09,0.00057166,-4.6719e-05,0,0,,0,240,115,0
4.6794e-09,0.00057171,-4.6692e-05,0,0,,0.020004,240.02,115,0
4.8465e-09,0.00057176,-4.6665e-05,0,0,,0.039993,240.04,115,0
5.0138e-09,0.00057181,-4.6637e-05,0,0,,0.059998,240.06,115,0
5.181e-09,0.00057186,-4.661e-05,0,0,,0.080002,240.08,115,0
5.3482e-09,0.00057191,-4.6583e-05,0,0,,0.10001,240.1,115,0
5.5153e-09,0.00057196,-4.6556e-05,0,0,,0.12,240.12,115,0
5.6826e-09,0.00057201,-4.6529e-05,0,0,,0.14,240.14,115,0
5.8498e-09,0.00057207,-4.6502e-05,0,0,,0.16,240.16,115,0
6.0169e-09,0.00057212,-4.6475e-05,0,0,,0.17999,240.18,115,0
6.1841e-09,0.00057217,-4.6447e-05,0,0,,0.2,240.2,115,0
6.3514e-09,0.00057222,-4.642e-05,0,0,,0.22,240.22,115,0
6.5186e-09,0.00057227,-4.6393e-05,0,0,,0.24001,240.24,115,0
6.6857e-09,0.00057232,-4.6366e-05,0,0,,0.25999,240.26,115,0
6.8529e-09,0.00057237,-4.6339e-05,0,0,,0.28,240.28,115,0
7.0201e-09,0.00057242,-4.6312e-05,0,0,,0.3,240.3,115,0
7.1874e-09,0.00057247,-4.6285e-05,0,0,,0.32001,240.32,115,0
7.3545e-09,0.00057252,-4.6257e-05,0,0,,0.34,240.34,115,0
7.5217e-09,0.00057257,-4.623e-05,0,0,,0.36,240.36,115,0
7.6889e-09,0.00057262,-4.6203e-05,0,0,,0.38,240.38,115,0
7.856e-09,0.00057267,-4.6176e-05,0,0,,0.39999,240.4,115,0
8.0233e-09,0.00057272,-4.6149e-05,0,0,,0.42,240.42,115,0
8.1905e-09,0.00057277,-4.6122e-05,0,0,,0.44,240.44,115,0
8.3577e-09,0.00057282,-4.6095e-05,0,0,,0.46001,240.46,115,0
8.5248e-09,0.00057287,-4.6067e-05,0,0,,0.48,240.48,115,0
8.6921e-09,0.00057292,-4.604e-05,0,0,,0.5,240.5,115,0
8.8593e-09,0.00057297,-4.6013e-05,0,0,,0.52,240.52,115,0
9.0264e-09,0.00057302,-4.5986e-05,0,0,,0.53999,240.54,115,0
9.1936e-09,0.00057307,-4.5959e-05,0,0,,0.56,240.56,115,0
9.3609e-09,0.00057312,-4.5932e-05,0,0,,0.58,240.58,115,0
9.5281e-09,0.00057317,-4.5905e-05,0,0,,0.60001,240.6,115,0
9.6952e-09,0.00057322,-4.5877e-05,0,0,,0.62,240.62,115,0
9.8624e-09,0.00057327,-4.585e-05,0,0,,0.64,240.64,115,0
1.003e-08,0.00057332,-4.5823e-05,0,0,,0.66,240.66,115,0
1.0197e-08,0.00057337,-4.5796e-05,0,0,,0.67999,240.68,115,0
1.0364e-08,0.00057343,-4.5769e-05,0,0,,0.7,240.7,115,0
1.1179e-08,0.00057348,-4.5741e-05,0,0,,0.72,240.72,115,0
1.252e-08,0.00057353,-4.5711e-05,0,0,,0.74001,240.74,115,0
1.386e-08,0.00057358,-4.5682e-05,0,0,,0.75999,240.76,115,0
1.52e-08,0.00057364,-4.5653e-05,0,0,,0.78,240.78,115,0
1.6541e-08,0.00057369,-4.5624e-05,0,0,,0.8,240.8,115,0
1.7882e-08,0.00057375,-4.5595e-05,0,0,,0.82001,240.82,115,0
1.9221e-08,0.0005738,-4.5566e-05,0,0,,0.84,240.84,115,0
2.0562e-08,0.00057385,-4.5536e-05,0,0,,0.86,240.86,115,0
2.1902e-08,0.00057391,-4.5507e-05,0,0,,0.88,240.88,115,0
2.3242e-08,0.00057396,-4.5478e-05,0,0,,0.89999,240.9,115,0
2.4583e-08,0.00057401,-4.5449e-05,0,0,,0.92,240.92,115,0
2.5923e-08,0.00057407,-4.542e-05,0,0,,0.94,240.94,115,0
2.7264e-08,0.00057412,-4.539e-05,0,0,,0.96001,240.96,115,0
2.8603e-08,0.00057417,-4.5361e-05,0,0,,0.98,240.98,115,0
2.9944e-08,0.00057423,-4.5332e-05,0,0,,1,241,115,0
3.1285e-08,0.00057428,-4.5303e-05,0,0,,1.02,241.02,115,0
3.2624e-08,0.00057434,-4.5274e-05,0,0,,1.04,241.04,115,0
3.3965e-08,0.00057439,-4.5245e-05,0,0,,1.06,241.06,115,0
3.5306e-08,0.00057444,-4.5215e-05,0,0,,1.08,241.08,115,0
3.6646e-08,0.0005745,-4.5186e-05,0,0,,1.1,241.1,115,0
3.7986e-08,0.00057455,-4.5157e-05,0,0,,1.12,241.12,115,0
3.9326e-08,0.0005746,-4.5128e-05,0,0,,1.14,241.14,115,0
4.0667e-08,0.00057466,-4.5099e-05,0,0,,1.16,241.16,115,0
4.2007e-08,0.00057471,-4.507e-05,0,0,,1.18,241.18,115,0
4.3347e-08,0.00057476,-4.504e-05,0,0,,1.2,241.2,115,0
4.4688e-08,0.00057482,-4.5011e-05,0,0,,1.22,241.22,115,0
4.6028e-08,0.00057487,-4.4982e-05,0,0,,1.24,241.24,115,0
4.7368e-08,0.00057493,-4.4953e-05,0,0,,1.26,241.26,115,0
4.8709e-08,0.00057498,-4.4924e-05,0,0,,1.28,241.28,115,0
5.0049e-08,0.00057503,-4.4894e-05,0,0,,1.3,241.3,115,0
5.139e-08,0.00057509,-4.4865e-05,0,0,,1.32,241.32,115,0
5.2729e-08,0.00057514,-4.4836e-05,0,0,,1.34,241.34,115,0
5.407e-08,0.00057519,-4.4807e-05,0,0,,1.36,241.36,115,0
5.5411e-08,0.00057525,-4.4778e-05,0,0,,1.38,241.38,115,0
5.675e-08,0.0005753,-4.4749e-05,0,0,,1.4,241.4,115,0
5.8091e-08,0.00057535,-4.4719e-05,0,0,,1.42,241.42,115,0
5.9432e-08,0.00057541,-4.469e-05,0,0,,1.44,241.44,115,0
6.0772e-08,0.00057546,-4.4661e-05,0,0,,1.46,241.46,115,0
6.2112e-08,0.00057552,-4.4632e-05,0,0,,1.48,241.48,115,0
6.3452e-08,0.00057557,-4.4603e-05,0,0,,1.5,241.5,115,0
6.4793e-08,0.00057562,-4.4573e-05,0,0,,1.52,241.52,115,0
6.6133e-08,0.00057568,-4.4544e-05,0,0,,1.54,241.54,115,0
6.7473e-08,0.00057573,-4.4515e-05,0,0,,1.56,241.56,115,0
6.8749e-08,0.00057578,-4.4485e-05,0,0,,1.58,241.58,115,0
7.0024e-08,0.00057583,-4.4454e-05,0,0,,1.6,241.6,115,0
7.1298e-08,0.00057588,-4.4423e-05,0,0,,1.62,241.62,115,0
7.2572e-08,0.00057592,-4.4393e-05,0,0,,1.64,241.64,115,0
7.3847e-08,0.00057597,-4.4362e-05,0,0,,1.66,241.66,115,0
7.5121e-08,0.00057602,-4.4332e-05,0,0,,1.68,241.68,115,0
7.6396e-08,0.00057607,-4.4301e-05,0,0,,1.7,241.7,115,0
7.7671e-08,0.00057612,-4.427e-05,0,0,,1.72,241.72,115,0
7.8995e-08,0.00057617,-4.424e-05,0,0,,1.74,241.74,115,0
8.6352e-08,0.00057622,-4.4208e-05,0,0,,1.76,241.76,115,0
9.3715e-08,0.00057627,-4.4176e-05,0,0,,1.78,241.78,115,0
1.0108e-07,0.00057632,-4.4144e-05,0,0,,1.8,241.8,115,0
1.0844e-07,0.00057637,-4.4111e-05,0,0,,1.82,241.82,115,0
1.158e-07,0.00057642,-4.4079e-05,0,0,,1.84,241.84,115,0
1.2316e-07,0.00057647,-4.4047e-05,0,0,,1.86,241.86,115,0
1.3052e-07,0.00057652,-4.4015e-05,0,0,,1.88,241.88,115,0
1.3788e-07,0.00057657,-4.3983e-05,0,0,,1.9,241.9,115,0
1.4529e-07,0.00057662,-4.395e-05,0,0,,1.92,241.92,115,0
1.5274e-07,0.00057668,-4.3917e-05,0,0,,1.94,241.94,115,0
1.602e-07,0.00057673,-4.3883e-05,0,0,,1.96,241.96,115,0
1.6764e-07,0.00057678,-4.385e-05,0,0,,1.98,241.98,115,0
1.7509e-07,0.00057684,-4.3816e-05,0,0,,2,242,115,0
1.8255e-07,0.00057689,-4.3783e-05,0,0,,2.02,242.02,115,0
1.8999e-07,0.00057694,-4.3749e-05,0,0,,2.04,242.04,115,0
1.9744e-07,0.000577,-4.3716e-05,0,0,,2.06,242.06,115,0
2.049e-07,0.00057705,-4.3682e-05,0,0,,2.08,242.08,115,0
2.1235e-07,0.0005771,-4.3649e-05,0,0,,2.1,242.1,115,0
2.1979e-07,0.00057716,-4.3615e-05,0,0,,2.12,242.12,115,0
2.2724e-07,0.00057721,-4.3582e-05,0,0,,2.14,242.14,115,0
2.347e-07,0.00057726,-4.3548e-05,0,0,,2.16,242.16,115,0
2.4214e-07,0.00057732,-4.3515e-05,0,0,,2.18,242.18,115,0
2.4959e-07,0.00057737,-4.3481e-05,0,0,,2.2,242.2,115,0
2.5705e-07,0.00057742,-4.3448e-05,0,0,,2.22,242.22,115,0
2.645e-07,0.00057748,-4.3414e-05,0,0,,2.24,242.24,115,0
2.7194e-07,0.00057753,-4.3381e-05,0,0,,2.26,242.26,115,0
2.794e-07,0.00057758,-4.3347e-05,0,0,,2.28,242.28,115,0
2.8685e-07,0.00057764,-4.3314e-05,0,0,,2.3,242.3,115,0
2.943e-07,0.00057769,-4.328e-05,0,0,,2.32,242.32,115,0
3.0175e-07,0.00057774,-4.3247e-05,0,0,,2.34,242.34,115,0
3.092e-07,0.0005778,-4.3214e-05,0,0,,2.36,242.36,115,0
3.1665e-07,0.00057785,-4.318e-05,0,0,,2.38,242.38,115,0
3.241e-07,0.0005779,-4.3147e-05,0,0,,2.4,242.4,115,0
3.3155e-07,0.00057796,-4.3113e-05,0,0,,2.42,242.42,115,0
3.39e-07,0.00057801,-4.308e-05,0,0,,2.44,242.44,115,0
3.4645e-07,0.00057806,-4.3046e-05,0,0,,2.46,242.46,115,0
3.539e-07,0.00057812,-4.3013e-05,0,0,,2.48,242.48,115,0
3.6135e-07,0.00057817,-4.2979e-05,0,0,,2.5,242.5,115,0
3.688e-07,0.00057822,-4.2946e-05,0,0,,2.52,242.52,115,0
3.7625e-07,0.00057828,-4.2912e-05,0,0,,2.54,242.54,115,0
3.837e-07,0.00057833,-4.2879e-05,0,0,,2.56,242.56,115,0
3.9115e-07,0.00057838,-4.2845e-05,0,0,,2.58,242.58,115,0
3.986e-07,0.00057844,-4.2812e-05,0,0,,2.6,242.6,115,0
4.0605e-07,0.00057849,-4.2778e-05,0,0,,2.62,242.62,115,0
4.135e-07,0.00057854,-4.2745e-05,0,0,,2.64,242.64,115,0
4.3913e-07,0.0005786,-4.271e-05,0,0,,2.66,242.66,115,0
4.8139e-07,0.00057865,-4.2675e-05,0,0,,2.68,242.68,115,0
5.2368e-07,0.00057871,-4.264e-05,0,0,,2.7,242.7,115,0
5.6596e-07,0.00057877,-4.2604e-05,0,0,,2.72,242.72,115,0
6.0825e-07,0.00057882,-4.2569e-05,0,0,,2.74,242.74,115,0
6.5051e-07,0.00057888,-4.2534e-05,0,0,,2.76,242.76,115,0
6.928e-07,0.00057893,-4.2499e-05,0,0,,2.78,242.78,115,0
7.3509e-07,0.00057899,-4.2463e-05,0,0,,2.8,242.8,115,0
7.7738e-07,0.00057905,-4.2428e-05,0,0,,2.82,242.82,115,0
8.1963e-07,0.0005791,-4.2393e-05,0,0,,2.84,242.84,115,0
8.6192e-07,0.00057916,-4.2358e-05,0,0,,2.86,242.86,115,0
9.0421e-07,0.00057922,-4.2322e-05,0,0,,2.88,242.88,115,0
9.4647e-07,0.00057927,-4.2287e-05,0,0,,2.9,242.9,115,0
9.8876e-07,0.00057933,-4.2252e-05,0,0,,2.92,242.92,115,0
1.031e-06,0.00057939,-4.2217e-05,0,0,,2.94,242.94,115,0
1.0733e-06,0.00057944,-4.2181e-05,0,0,,2.96,242.96,115,0
1.1156e-06,0.0005795,-4.2146e-05,0,0,,2.98,242.98,115,0
1.1579e-06,0.00057955,-4.2111e-05,0,0,,3,243,115,0
1.2002e-06,0.00057961,-4.2076e-05,0,0,,3.02,243.02,115,0
1.2424e-06,0.00057967,-4.204e-05,0,0,,3.04,243.04,115,0
1.2847e-06,0.00057972,-4.2005e-05,0,0,,3.06,243.06,115,0
1.327e-06,0.00057978,-4.197e-05,0,0,,3.08,243.08,115,0
1.3693e-06,0.00057984,-4.1935e-05,0,0,,3.1,243.1,115,0
1.4115e-06,0.00057989,-4.1899e-05,0,0,,3.12,243.12,115,0
1.4538e-06,0.00057995,-4.1864e-05,0,0,,3.14,243.14,115,0
1.4961e-06,0.00058,-4.1829e-05,0,0,,3.16,243.16,115,0
1.5384e-06,0.00058006,-4.1794e-05,0,0,,3.18,243.18,115,0
1.5807e-06,0.00058012,-4.1758e-05,0,0,,3.2,243.2,115,0
1.623e-06,0.00058017,-4.1723e-05,0,0,,3.22,243.22,115,0
1.6652e-06,0.00058023,-4.1688e-05,0,0,,3.24,243.24,115,0
1.7075e-06,0.00058029,-4.1653e-05,0,0,,3.26,243.26,115,0
1.7498e-06,0.00058034,-4.1617e-05,0,0,,3.28,243.28,115,0
1.7921e-06,0.0005804,-4.1582e-05,0,0,,3.3,243.3,115,0
1.8344e-06,0.00058046,-4.1547e-05,0,0,,3.32,243.32,115,0
1.8766e-06,0.00058051,-4.1512e-05,0,0,,3.34,243.34,115,0
1.9189e-06,0.00058057,-4.1476e-05,0,0,,3.36,243.36,115,0
1.9612e-06,0.00058062,-4.1441e-05,0,0,,3.38,243.38,115,0
2.0009e-06,0.00058068,-4.1405e-05,0,0,,3.4,243.4,115,0
2.0383e-06,0.00058073,-4.1367e-05,0,0,,3.42,243.42,115,0
2.0758e-06,0.00058078,-4.133e-05,0,0,,3.44,243.44,115,0
2.1133e-06,0.00058083,-4.1292e-05,0,0,,3.46,243.46,115,0
2.1508e-06,0.00058088,-4.1255e-05,0,0,,3.48,243.48,115,0
2.1883e-06,0.00058093,-4.1218e-05,0,0,,3.5,243.5,115,0
2.2257e-06,0.00058097,-4.118e-05,0,0,,3.52,243.52,115,0
2.2632e-06,0.00058102,-4.1143e-05,0,0,,3.54,243.54,115,0
2.3376e-06,0.00058107,-4.1105e-05,0,0,,3.56,243.56,115,0
2.5472e-06,0.00058113,-4.1065e-05,0,0,,3.58,243.58,115,0
2.7568e-06,0.00058118,-4.1026e-05,0,0,,3.6,243.6,115,0
2.9662e-06,0.00058123,-4.0986e-05,0,0,,3.62,243.62,115,0
3.1758e-06,0.00058128,-4.0947e-05,0,0,,3.64,243.64,115,0
3.3854e-06,0.00058133,-4.0907e-05,0,0,,3.66,243.66,115,0
3.5948e-06,0.00058138,-4.0868e-05,0,0,,3.68,243.68,115,0
3.8044e-06,0.00058143,-4.0828e-05,0,0,,3.7,243.7,115,0
4.0156e-06,0.00058149,-4.0789e-05,0,0,,3.72,243.72,115,0
4.24e-06,0.00058154,-4.0747e-05,0,0,,3.74,243.74,115,0
4.4642e-06,0.0005816,-4.0706e-05,0,0,,3.76,243.76,115,0
4.6886e-06,0.00058165,-4.0664e-05,0,0,,3.78,243.78,115,0
4.913e-06,0.00058171,-4.0623e-05,0,0,,3.8,243.8,115,0
5.1374e-06,0.00058177,-4.0581e-05,0,0,,3.82,243.82,115,0
5.3616e-06,0.00058182,-4.054e-05,0,0,,3.84,243.84,115,0
5.586e-06,0.00058188,-4.0498e-05,0,0,,3.86,243.86,115,0
5.8104e-06,0.00058193,-4.0457e-05,0,0,,3.88,243.88,115,0
6.0347e-06,0.00058199,-4.0415e-05,0,0,,3.9,243.9,115,0
6.2591e-06,0.00058204,-4.0374e-05,0,0,,3.92,243.92,115,0
6.4835e-06,0.0005821,-4.0333e-05,0,0,,3.94,243.94,115,0
6.7079e-06,0.00058216,-4.0291e-05,0,0,,3.96,243.96,115,0
6.9321e-06,0.00058221,-4.025e-05,0,0,,3.98,243.98,115,0
7.1565e-06,0.00058227,-4.0208e-05,0,0,,4,244,115,0
7.3809e-06,0.00058232,-4.0167e-05,0,0,,4.02,244.02,115,0
7.6051e-06,0.00058238,-4.0125e-05,0,0,,4.04,244.04,115,0
7.8295e-06,0.00058243,-4.0084e-05,0,0,,4.06,244.06,115,0
8.054e-06,0.00058249,-4.0042e-05,0,0,,4.08,244.08,115,0
8.2784e-06,0.00058255,-4.0001e-05,0,0,,4.1,244.1,115,0
8.5026e-06,0.0005826,-3.9959e-05,0,0,,4.12,244.12,115,0
8.727e-06,0.00058266,-3.9918e-05,0,0,,4.14,244.14,115,0
8.9514e-06,0.00058271,-3.9877e-05,0,0,,4.16,244.16,115,0
9.1756e-06,0.00058277,-3.9835e-05,0,0,,4.18,244.18,115,0
9.4e-06,0.00058282,-3.9794e-05,0,0,,4.2,244.2,115,0
9.6244e-06,0.00058288,-3.9752e-05,0,0,,4.22,244.22,115,0
9.8488e-06,0.00058294,-3.9711e-05,0,0,,4.24,244.24,115,0
1.0073e-05,0.00058299,-3.9669e-05,0,0,,4.26,244.26,115,0
1.0297e-05,0.00058305,-3.9628e-05,0,0,,4.28,244.28,115,0
1.0522e-05,0.0005831,-3.9586e-05,0,0,,4.3,244.3,115,0
1.0746e-05,0.00058316,-3.9545e-05,0,0,,4.32,244.32,115,0
1.097e-05,0.00058321,-3.9503e-05,0,0,,4.34,244.34,115,0
1.1195e-05,0.00058327,-3.9462e-05,0,0,,4.36,244.36,115,0
1.1419e-05,0.00058333,-3.9421e-05,0,0,,4.38,244.38,115,0
1.1644e-05,0.00058338,-3.9379e-05,0,0,,4.4,244.4,115,0
1.1868e-05,0.00058344,-3.9338e-05,0,0,,4.42,244.42,115,0
1.2092e-05,0.00058349,-3.9296e-05,0,0,,4.44,244.44,115,0
1.2317e-05,0.00058355,-3.9255e-05,0,0,,4.46,244.46,115,0
1.3364e-05,0.00058361,-3.9212e-05,0,0,,4.48,244.48,115,0
1.468e-05,0.00058367,-3.9168e-05,0,0,,4.5,244.5,115,0
1.5996e-05,0.00058373,-3.9124e-05,0,0,,4.52,244.52,115,0
1.731e-05,0.00058379,-3.9081e-05,0,0,,4.54,244.54,115,0
1.8626e-05,0.00058385,-3.9037e-05,0,0,,4.56,244.56,115,0
1.9941e-05,0.00058391,-3.8993e-05,0,0,,4.58,244.58,115,0
2.1257e-05,0.00058397,-3.8949e-05,0,0,,4.6,244.6,115,0
2.2571e-05,0.00058403,-3.8906e-05,0,0,,4.62,244.62,115,0
2.3887e-05,0.00058409,-3.8862e-05,0,0,,4.64,244.64,115,0
2.5203e-05,0.00058415,-3.8818e-05,0,0,,4.66,244.66,115,0
2.6517e-05,0.00058421,-3.8775e-05,0,0,,4.68,244.68,115,0
2.7833e-05,0.00058427,-3.8731e-05,0,0,,4.7,244.7,115,0
2.9148e-05,0.00058433,-3.8687e-05,0,0,,4.72,244.72,115,0
3.0464e-05,0.00058439,-3.8644e-05,0,0,,4.74,244.74,115,0
3.1778e-05,0.00058445,-3.86e-05,0,0,,4.76,244.76,115,0
3.3094e-05,0.00058451,-3.8556e-05,0,0,,4.78,244.78,115,0
3.441e-05,0.00058457,-3.8512e-05,0,0,,4.8,244.8,115,0
3.5725e-05,0.00058463,-3.8469e-05,0,0,,4.82,244.82,115,0
3.704e-05,0.00058469,-3.8425e-05,0,0,,4.84,244.84,115,0
3.8355e-05,0.00058475,-3.8381e-05,0,0,,4.86,244.86,115,0
3.9671e-05,0.00058481,-3.8338e-05,0,0,,4.88,244.88,115,0
4.0985e-05,0.00058487,-3.8294e-05,0,0,,4.9,244.9,115,0
4.2301e-05,0.00058493,-3.825e-05,0,0,,4.92,244.92,115,0
4.3617e-05,0.00058499,-3.8207e-05,0,0,,4.94,244.94,115,0
4.4932e-05,0.00058505,-3.8163e-05,0,0,,4.96,244.96,115,0
4.6247e-05,0.00058511,-3.8119e-05,0,0,,4.98,244.98,115,0
4.7562e-05,0.00058517,-3.8075e-05,0,0,,5,245,115,0
4.8878e-05,0.00058523,-3.8032e-05,0,0,,5.02,245.02,115,0
5.0192e-05,0.00058529,-3.7988e-05,0,0,,5.04,245.04,115,0
5.1508e-05,0.00058535,-3.7944e-05,0,0,,5.06,245.06,115,0
5.2824e-05,0.00058541,-3.7901e-05,0,0,,5.08,245.08,115,0
5.4139e-05,0.00058547,-3.7857e-05,0,0,,5.1,245.1,115,0
5.5454e-05,0.00058553,-3.7813e-05,0,0,,5.12,245.12,115,0
5.6769e-05,0.00058559,-3.777e-05,0,0,,5.14,245.14,115,0
5.8085e-05,0.00058565,-3.7726e-05,0,0,,5.16,245.16,115,0
5.9399e-05,0.00058571,-3.7682e-05,0,0,,5.18,245.18,115,0
6.0715e-05,0.00058577,-3.7638e-05,0,0,,5.2,245.2,115,0
6.2031e-05,0.00058583,-3.7595e-05,0,0,,5.22,245.22,115,0
6.3278e-05,0.00058588,-3.755e-05,0,0,,5.24,245.24,115,0
6.4339e-05,0.00058593,-3.7503e-05,0,0,,5.26,245.26,115,0
6.5401e-05,0.00058598,-3.7455e-05,0,0,,5.28,245.28,115,0
6.6463e-05,0.00058603,-3.7408e-05,0,0,,5.3,245.3,115,0
6.7525e-05,0.00058608,-3.7361e-05,0,0,,5.32,245.32,115,0
6.8586e-05,0.00058613,-3.7314e-05,0,0,,5.34,245.34,115,0
7.1127e-05,0.00058618,-3.7265e-05,0,0,,5.36,245.36,115,0
7.7067e-05,0.00058623,-3.7215e-05,0,0,,5.38,245.38,115,0
8.3003e-05,0.00058628,-3.7165e-05,0,0,,5.4,245.4,115,0
8.8943e-05,0.00058634,-3.7114e-05,0,0,,5.42,245.42,115,0
9.4883e-05,0.00058639,-3.7064e-05,0,0,,5.44,245.44,115,0
0.00010082,0.00058644,-3.7013e-05,0,0,,5.46,245.46,115,0
0.00010754,0.0005865,-3.6961e-05,0,0,,5.48,245.48,115,0
0.00011471,0.00058655,-3.6908e-05,0,0,,5.5,245.5,115,0
0.00012188,0.00058661,-3.6854e-05,0,0,,5.52,245.52,115,0
0.00012904,0.00058667,-3.6801e-05,0,0,,5.54,245.54,115,0
0.00013621,0.00058673,-3.6747e-05,0,0,,5.56,245.56,115,0
0.00014338,0.00058679,-3.6694e-05,0,0,,5.58,245.58,115,0
0.00015055,0.00058685,-3.6641e-05,0,0,,5.6,245.6,115,0
0.00015771,0.00058691,-3.6587e-05,0,0,,5.62,245.62,115,0
0.00016488,0.00058697,-3.6534e-05,0,0,,5.64,245.64,115,0
0.00017204,0.00058703,-3.648e-05,0,0,,5.66,245.66,115,0
0.00017921,0.00058709,-3.6427e-05,0,0,,5.68,245.68,115,0
0.00018637,0.00058714,-3.6374e-05,0,0,,5.7,245.7,115,0
0.00019354,0.0005872,-3.632e-05,0,0,,5.72,245.72,115,0
0.00020071,0.00058726,-3.6267e-05,0,0,,5.74,245.74,115,0
0.00020787,0.00058732,-3.6213e-05,0,0,,5.76,245.76,115,0
0.00021504,0.00058738,-3.616e-05,0,0,,5.78,245.78,115,0
0.00022221,0.00058744,-3.6107e-05,0,0,,5.8,245.8,115,0
0.00022938,0.0005875,-3.6053e-05,0,0,,5.82,245.82,115,0
0.00023654,0.00058756,-3.6e-05,0,0,,5.84,245.84,115,0
0.00024371,0.00058762,-3.5947e-05,0,0,,5.86,245.86,115,0
0.00025087,0.00058768,-3.5893e-05,0,0,,5.88,245.88,115,0
0.00025804,0.00058773,-3.584e-05,0,0,,5.9,245.9,115,0
0.00026521,0.00058779,-3.5786e-05,0,0,,5.92,245.92,115,0
0.00027237,0.00058785,-3.5733e-05,0,0,,5.94,245.94,115,0
0.00027954,0.00058791,-3.568e-05,0,0,,5.96,245.96,115,0
0.0002867,0.00058797,-3.5626e-05,0,0,,5.98,245.98,115,0
0.00029387,0.00058803,-3.5573e-05,0,0,,6,246,115,0
0.00030104,0.00058809,-3.5519e-05,0,0,,6.02,246.02,115,0
0.0003082,0.00058815,-3.5466e-05,0,0,,6.04,246.04,115,0
0.00031537,0.00058821,-3.5413e-05,0,0,,6.06,246.06,115,0
0.00032254,0.00058827,-3.5359e-05,0,0,,6.08,246.08,115,0
0.00032971,0.00058832,-3.5306e-05,0,0,,6.1,246.1,115,0
0.00033687,0.00058838,-3.5252e-05,0,0,,6.12,246.12,115,0
0.00034404,0.00058844,-3.5199e-05,0,0,,6.14,246.14,115,0
0.0003512,0.0005885,-3.5146e-05,0,0,,6.16,246.16,115,0
0.00035837,0.00058856,-3.5092e-05,0,0,,6.18,246.18,115,0
0.00036553,0.00058862,-3.5039e-05,0,0,,6.2,246.2,115,0
0.0003727,0.00058868,-3.4985e-05,0,0,,6.22,246.22,115,0
0.00037987,0.00058874,-3.4932e-05,0,0,,6.24,246.24,115,0
0.00038703,0.0005888,-3.4879e-05,0,0,,6.26,246.26,115,0
0.00041941,0.00058886,-3.4822e-05,0,0,,6.28,246.28,115,0
0.00046396,0.00058892,-3.4764e-05,0,0,,6.3,246.3,115,0
0.0005085,0.00058899,-3.4705e-05,0,0,,6.32,246.32,115,0
0.00055302,0.00058905,-3.4647e-05,0,0,,6.34,246.34,115,0
0.00059756,0.00058912,-3.4589e-05,0,0,,6.36,246.36,115,0
0.00064211,0.00058918,-3.4531e-05,0,0,,6.38,246.38,115,0
0.00068662,0.00058925,-3.4472e-05,0,0,,6.4,246.4,115,0
0.00073117,0.00058931,-3.4414e-05,0,0,,6.42,246.42,115,0
0.00077571,0.00058938,-3.4356e-05,0,0,,6.44,246.44,115,0
0.00082026,0.00058944,-3.4297e-05,0,0,,6.46,246.46,115,0
0.00086477,0.00058951,-3.4239e-05,0,0,,6.48,246.48,115,0
0.00090932,0.00058957,-3.4181e-05,0,0,,6.5,246.5,115,0
0.00095386,0.00058964,-3.4123e-05,0,0,,6.52,246.52,115,0
0.00099838,0.0005897,-3.4064e-05,0,0,,6.54,246.54,115,0
0.0010429,0.00058977,-3.4006e-05,0,0,,6.56,246.56,115,0
0.0010875,0.00058983,-3.3948e-05,0,0,,6.58,246.58,115,0
0.001132,0.0005899,-3.3889e-05,0,0,,6.6,246.6,115,0
0.0011765,0.00058996,-3.3831e-05,0,0,,6.62,246.62,115,0
0.0012211,0.00059003,-3.3773e-05,0,0,,6.64,246.64,115,0
0.0012656,0.00059009,-3.3715e-05,0,0,,6.66,246.66,115,0
0.0013101,0.00059016,-3.3656e-05,0,0,,6.68,246.68,115,0
0.0013547,0.00059022,-3.3598e-05,0,0,,6.7,246.7,115,0
0.0013992,0.00059029,-3.354e-05,0,0,,6.72,246.72,115,0
0.0014438,0.00059035,-3.3481e-05,0,0,,6.74,246.74,115,0
0.0014883,0.00059041,-3.3423e-05,0,0,,6.76,246.76,115,0
0.0015328,0.00059048,-3.3365e-05,0,0,,6.78,246.78,115,0
0.0015774,0.00059054,-3.3307e-05,0,0,,6.8,246.8,115,0
0.0016219,0.00059061,-3.3248e-05,0,0,,6.82,246.82,115,0
0.0016664,0.00059067,-3.319e-05,0,0,,6.84,246.84,115,0
0.001711,0.00059074,-3.3132e-05,0,0,,6.86,246.86,115,0
0.0017555,0.0005908,-3.3073e-05,0,0,,6.88,246.88,115,0
0.0018,0.00059087,-3.3015e-05,0,0,,6.9,246.9,115,0
0.0018446,0.00059093,-3.2957e-05,0,0,,6.92,246.92,115,0
0.0018891,0.000591,-3.2899e-05,0,0,,6.94,246.94,115,0
0.0019337,0.00059106,-3.284e-05,0,0,,6.96,246.96,115,0
0.0019782,0.00059113,-3.2782e-05,0,0,,6.98,246.98,115,0
0.0020227,0.00059119,-3.2724e-05,0,0,,7,247,115,0
0.0020673,0.00059126,-3.2665e-05,0,0,,7.02,247.02,115,0
0.0021118,0.00059132,-3.2607e-05,0,0,,7.04,247.04,115,0
0.0021563,0.00059139,-3.2549e-05,0,0,,7.06,247.06,115,0
0.0022009,0.00059145,-3.2491e-05,0,0,,7.08,247.08,115,0
0.0022454,0.00059152,-3.2432e-05,0,0,,7.1,247.1,115,0
0.0022822,0.00059157,-3.237e-05,0,0,,7.12,247.12,115,0
0.0023189,0.00059162,-3.2303e-05,0,0,,7.14,247.14,115,0
0.0024343,0.00059165,-3.2228e-05,0,0,,7.16,247.16,115,0
0.0025651,0.00059171,-3.2151e-05,0,0,,7.18,247.18,115,0
0.002698,0.00059177,-3.2073e-05,0,0,,7.2,247.2,115,0
0.0028309,0.00059182,-3.1996e-05,0,0,,7.22,247.22,115,0
0.0029637,0.00059188,-3.1918e-05,0,0,,7.24,247.24,115,0
0.0030965,0.00059194,-3.184e-05,0,0,,7.26,247.26,115,0
0.0032294,0.00059199,-3.1763e-05,0,0,,7.28,247.28,115,0
0.0033622,0.00059205,-3.1685e-05,0,0,,7.3,247.3,115,0
0.0034951,0.0005921,-3.1608e-05,0,0,,7.32,247.32,115,0
0.0036279,0.00059216,-3.153e-05,0,0,,7.34,247.34,115,0
0.0037607,0.00059222,-3.1452e-05,0,0,,7.36,247.36,115,0
0.0038936,0.00059227,-3.1375e-05,0,0,,7.38,247.38,115,0
0.0040264,0.00059233,-3.1297e-05,0,0,,7.4,247.4,115,0
0.0041592,0.00059239,-3.122e-05,0,0,,7.42,247.42,115,0
0.0042921,0.00059244,-3.1142e-05,0,0,,7.44,247.44,115,0
0.004425,0.0005925,-3.1065e-05,0,0,,7.46,247.46,115,0
0.0045577,0.00059256,-3.0987e-05,0,0,,7.48,247.48,115,0
0.0046906,0.00059261,-3.0909e-05,0,0,,7.5,247.5,115,0
0.0048235,0.00059267,-3.0832e-05,0,0,,7.52,247.52,115,0
0.0049563,0.00059273,-3.0754e-05,0,0,,7.54,247.54,115,0
0.0050891,0.00059278,-3.0677e-05,0,0,,7.56,247.56,115,0
0.005222,0.00059284,-3.0599e-05,0,0,,7.58,247.58,115,0
0.0053549,0.0005929,-3.0521e-05,0,0,,7.6,247.6,115,0
0.0054876,0.00059295,-3.0444e-05,0,0,,7.62,247.62,115,0
0.0056205,0.00059301,-3.0366e-05,0,0,,7.64,247.64,115,0
0.0057534,0.00059307,-3.0289e-05,0,0,,7.66,247.66,115,0
0.0058861,0.00059312,-3.0211e-05,0,0,,7.68,247.68,115,0
0.0060275,0.00059318,-3.0134e-05,0,0,,7.7,247.7,115,0
0.0063792,0.00059325,-3.0054e-05,0,0,,7.72,247.72,115,0
0.006731,0.00059333,-2.9975e-05,0,0,,7.74,247.74,115,0
0.0070825,0.0005934,-2.9896e-05,0,0,,7.76,247.76,115,0
0.0074342,0.00059348,-2.9816e-05,0,0,,7.78,247.78,115,0
0.007786,0.00059355,-2.9737e-05,0,0,,7.8,247.8,115,0
0.0081377,0.00059363,-2.9658e-05,0,0,,7.82,247.82,115,0
0.0084892,0.0005937,-2.9579e-05,0,0,,7.84,247.84,115,0
0.0088409,0.00059378,-2.9499e-05,0,0,,7.86,247.86,115,0
0.0091927,0.00059385,-2.942e-05,0,0,,7.88,247.88,115,0
0.0095442,0.00059393,-2.9341e-05,0,0,,7.9,247.9,115,0
0.0098959,0.000594,-2.9261e-05,0,0,,7.92,247.92,115,0
0.010248,0.00059408,-2.9182e-05,0,0,,7.94,247.94,115,0
0.010533,0.00059414,-2.91e-05,0,0,,7.96,247.96,115,0
0.010837,0.00059422,-2.9014e-05,0,0,,7.98,247.98,115,0
0.011382,0.00059431,-2.8921e-05,0,0,,8,248,115,0
0.0121,0.0005944,-2.883e-05,0,0,,8.02,248.02,115,0
0.012819,0.00059449,-2.8738e-05,0,0,,8.04,248.04,115,0
0.013541,0.00059457,-2.8638e-05,0,0,,8.06,248.06,115,0
0.014264,0.00059465,-2.8539e-05,0,0,,8.08,248.08,115,0
0.014987,0.00059473,-2.8439e-05,0,0,,8.1,248.1,115,0
0.015709,0.00059481,-2.834e-05,0,0,,8.12,248.12,115,0
0.016432,0.00059489,-2.824e-05,0,0,,8.14,248.14,115,0
0.017155,0.00059497,-2.8141e-05,0,0,,8.16,248.16,115,0
0.017877,0.00059505,-2.8042e-05,0,0,,8.18,248.18,115,0
0.0186,0.00059513,-2.7942e-05,0,0,,8.2,248.2,115,0
0.019323,0.00059521,-2.7843e-05,0,0,,8.22,248.22,115,0
0.020045,0.00059529,-2.7743e-05,0,0,,8.24,248.24,115,0
0.020768,0.00059537,-2.7644e-05,0,0,,8.26,248.26,115,0
0.02149,0.00059545,-2.7544e-05,0,0,,8.28,248.28,115,0
0.022213,0.00059554,-2.7445e-05,0,0,,8.3,248.3,115,0
0.022936,0.00059562,-2.7346e-05,0,0,,8.32,248.32,115,0
0.023658,0.0005957,-2.7246e-05,0,0,,8.34,248.34,115,0
0.024427,0.00059578,-2.7149e-05,0,0,,8.36,248.36,115,0
0.025601,0.00059587,-2.7055e-05,0,0,,8.38,248.38,115,0
0.027365,0.00059596,-2.6962e-05,0,0,,8.4,248.4,115,0
0.029307,0.00059605,-2.6866e-05,0,0,,8.42,248.42,115,0
0.031249,0.00059614,-2.6769e-05,0,0,,8.44,248.44,115,0
0.033191,0.00059623,-2.6673e-05,0,0,,8.46,248.46,115,0
0.035132,0.00059632,-2.6576e-05,0,0,,8.48,248.48,115,0
0.037074,0.00059641,-2.6479e-05,0,0,,8.5,248.5,115,0
0.039017,0.0005965,-2.6383e-05,0,0,,8.52,248.52,115,0
0.040957,0.00059659,-2.6286e-05,0,0,,8.54,248.54,115,0
0.0429,0.00059669,-2.619e-05,0,0,,8.56,248.56,115,0
0.044842,0.00059678,-2.6093e-05,0,0,,8.58,248.58,115,0
0.046784,0.00059687,-2.5996e-05,0,0,,8.6,248.6,115,0
0.048725,0.00059696,-2.59e-05,0,0,,8.62,248.62,115,0
0.050667,0.00059705,-2.5803e-05,0,0,,8.64,248.64,115,0
0.05261,0.00059714,-2.5707e-05,0,0,,8.66,248.66,115,0
0.05455,0.00059723,-2.561e-05,0,0,,8.68,248.68,115,0
0.056493,0.00059732,-2.5514e-05,0,0,,8.7,248.7,115,0
0.058435,0.00059741,-2.5417e-05,0,0,,8.72,248.72,115,0
0.060377,0.0005975,-2.532e-05,0,0,,8.74,248.74,115,0
0.062498,0.00059768,-2.5334e-05,0,1.1025,,8.76,248.76,115,0
0.0648,0.00059795,-2.5459e-05,0,1.1025,,8.78,248.78,115,0
0.067102,0.00059822,-2.5584e-05,0,1.1025,,8.8,248.8,115,0
0.069404,0.00059849,-2.5709e-05,0,1.1025,,8.82,248.82,115,0
0.071704,0.00059876,-2.5834e-05,0,1.1025,,8.84,248.84,115,0
0.074006,0.00059903,-2.5959e-05,0,1.1025,,8.86,248.86,115,0
0.076309,0.0005993,-2.6084e-05,0,1.1025,,8.88,248.88,115,0
0.078609,0.00059956,-2.6209e-05,0,1.1025,,8.9,248.9,115,0
0.080911,0.00059983,-2.6334e-05,0,1.1025,,8.92,248.92,115,0
0.083213,0.0006001,-2.6459e-05,0,1.1025,,8.94,248.94,115,0
0.085515,0.00060037,-2.6584e-05,0,1.1025,,8.96,248.96,115,0
0.087816,0.00060064,-2.6709e-05,0,1.1025,,8.98,248.98,115,0
0.090118,0.00060091,-2.6834e-05,0,1.1025,,9,249,115,0
0.09242,0.00060117,-2.6959e-05,0,1.1025,,9.02,249.02,115,0
0.09472,0.00060144,-2.7084e-05,0,1.1025,,9.04,249.04,115,0
0.097022,0.00060171,-2.7209e-05,0,1.1025,,9.06,249.06,115,0
0.099324,0.00060198,-2.7333e-05,0,1.1025,,9.08,249.08,115,0
0.10163,0.00060225,-2.7458e-05,0,1.1025,,9.1,249.1,115,0
0.10393,0.00060252,-2.7583e-05,0,1.1025,,9.12,249.12,115,0
0.10623,0.00060279,-2.7708e-05,0,1.1025,,9.14,249.14,115,0
0.10853,0.00060305,-2.7833e-05,0,1.1025,,9.16,249.16,115,0
0.11024,0.00060326,-2.7884e-05,0,0,,9.18,249.18,115,0
0.11166,0.00060342,-2.7897e-05,0,0,,9.2,249.2,115,0
0.11307,0.00060359,-2.791e-05,0,0,,9.22,249.22,115,0
0.11449,0.00060376,-2.7923e-05,0,0,,9.24,249.24,115,0
0.11591,0.00060393,-2.7937e-05,0,0,,9.26,249.26,115,0
0.11732,0.0006041,-2.795e-05,0,0,,9.28,249.28,115,0
0.11874,0.00060427,-2.7963e-05,0,0,,9.3,249.3,115,0
0.12016,0.00060443,-2.7976e-05,0,0,,9.32,249.32,115,0
0.12157,0.0006046,-2.7989e-05,0,0,,9.34,249.34,115,0
0.12299,0.00060477,-2.8003e-05,0,0,,9.36,249.36,115,0
0.1244,0.00060494,-2.8016e-05,0,0,,9.38,249.38,115,0
0.12582,0.00060511,-2.8029e-05,0,0,,9.4,249.4,115,0
0.12724,0.00060528,-2.8042e-05,0,0,,9.42,249.42,115,0
0.12865,0.00060544,-2.8056e-05,0,0,,9.44,249.44,115,0
0.13007,0.00060561,-2.8069e-05,0,0,,9.46,249.46,115,0
0.13148,0.00060578,-2.8082e-05,0,0,,9.48,249.48,115,0
0.1329,0.00060595,-2.8095e-05,0,0,,9.5,249.5,115,0
0.13432,0.00060612,-2.8108e-05,0,0,,9.52,249.52,115,0
0.13573,0.00060629,-2.8122e-05,0,0,,9.54,249.54,115,0
0.13715,0.00060645,-2.8135e-05,0,0,,9.56,249.56,115,0
0.13857,0.00060662,-2.8148e-05,0,0,,9.58,249.58,115,0
0.14402,0.00060678,-2.8162e-05,0,0,,9.6,249.6,115,0
0.15027,0.00060693,-2.8176e-05,0,0,,9.62,249.62,115,0
0.15653,0.00060708,-2.8189e-05,0,0,,9.64,249.64,115,0
0.16278,0.00060723,-2.8203e-05,0,0,,9.66,249.66,115,0
0.16904,0.00060738,-2.8217e-05,0,0,,9.68,249.68,115,0
0.17529,0.00060753,-2.8231e-05,0,0,,9.7,249.7,115,0
0.18155,0.00060768,-2.8244e-05,0,0,,9.72,249.72,115,0
0.18781,0.00060783,-2.8258e-05,0,0,,9.74,249.74,115,0
0.19406,0.00060798,-2.8272e-05,0,0,,9.76,249.76,115,0
0.20032,0.00060813,-2.8286e-05,0,0,,9.78,249.78,115,0
0.20657,0.00060828,-2.8299e-05,0,0,,9.8,249.8,115,0
0.21283,0.00060843,-2.8313e-05,0,0,,9.82,249.82,115,0
0.21908,0.00060858,-2.8327e-05,0,0,,9.84,249.84,115,0
0.22534,0.00060873,-2.8341e-05,0,0,,9.86,249.86,115,0
0.2316,0.00060888,-2.8355e-05,0,0,,9.88,249.88,115,0
0.23785,0.00060903,-2.8368e-05,0,0,,9.9,249.9,115,0
0.24411,0.00060918,-2.8382e-05,0,0,,9.92,249.92,115,0
0.25036,0.00060933,-2.8396e-05,0,0,,9.94,249.94,115,0
0.25662,0.00060948,-2.841e-05,0,0,,9.96,249.96,115,0
0.26287,0.00060963,-2.8423e-05,0,0,,9.98,249.98,115,0
0.26913,0.00060978,-2.8437e-05,0,0,,10,250,115,0
0.28362,0.00060999,-2.8507e-05,0,0,,10.02,250.02,115,0
0.2981,0.0006102,-2.8576e-05,0,0,,10.04,250.04,115,0
0.31259,0.00061041,-2.8646e-05,0,0,,10.06,250.06,115,0
0.32707,0.00061062,-2.8715e-05,0,0,,10.08,250.08,115,0
0.34156,0.00061083,-2.8785e-05,0,0,,10.1,250.1,115,0
0.35604,0.00061104,-2.8854e-05,0,0,,10.12,250.12,115,0
0.37053,0.00061125,-2.8924e-05,0,0,,10.14,250.14,115,0
0.38502,0.00061146,-2.8993e-05,0,0,,10.16,250.16,115,0
0.3995,0.00061167,-2.9063e-05,0,0,,10.18,250.18,115,0
0.41398,0.00061188,-2.9132e-05,0,0,,10.2,250.2,115,0
0.42847,0.00061209,-2.9202e-05,0,0,,10.22,250.22,115,0
0.44296,0.0006123,-2.9271e-05,0,0,,10.24,250.24,115,0
0.45744,0.00061251,-2.934e-05,0,0,,10.26,250.26,115,0
0.47193,0.00061272,-2.941e-05,0,0,,10.28,250.28,115,0
0.48642,0.00061293,-2.9479e-05,0,0,,10.3,250.3,115,0
0.50091,0.00061314,-2.9549e-05,0,0,,10.32,250.32,115,0
0.51538,0.00061335,-2.9618e-05,0,0,,10.34,250.34,115,0
0.52987,0.00061356,-2.9688e-05,0,0,,10.36,250.36,115,0
0.54436,0.00061377,-2.9757e-05,0,0,,10.38,250.38,115,0
0.55884,0.00061398,-2.9827e-05,0,0,,10.4,250.4,115,0
0.57374,0.00061424,-2.9925e-05,0,4.6435,,10.42,250.42,115,0
0.59069,0.00061474,-3.0164e-05,0,4.6435,,10.44,250.44,115,0
0.60765,0.00061524,-3.0403e-05,0,4.6435,,10.46,250.46,115,0
0.62459,0.00061575,-3.0641e-05,0,4.6435,,10.48,250.48,115,0
0.64155,0.00061625,-3.088e-05,0,4.6435,,10.5,250.5,115,0
0.6585,0.00061676,-3.1119e-05,0,4.6435,,10.52,250.52,115,0
0.67544,0.00061726,-3.1358e-05,0,4.6435,,10.54,250.54,115,0
0.6924,0.00061777,-3.1597e-05,0,4.6435,,10.56,250.56,115,0
0.70935,0.00061827,-3.1836e-05,0,4.6435,,10.58,250.58,115,0
0.72631,0.00061878,-3.2075e-05,0,4.6435,,10.6,250.6,115,0
0.74325,0.00061928,-3.2314e-05,0,4.6435,,10.62,250.62,115,0
0.76021,0.00061978,-3.2553e-05,0,4.6435,,10.64,250.64,115,0
0.77716,0.00062029,-3.2792e-05,0,4.6435,,10.66,250.66,115,0
0.79411,0.00062079,-3.3031e-05,0,4.6435,,10.68,250.68,115,0
0.81106,0.0006213,-3.327e-05,0,4.6435,,10.7,250.7,115,0
0.82802,0.0006218,-3.3509e-05,0,4.6435,,10.72,250.72,115,0
0.84497,0.00062231,-3.3748e-05,0,4.6435,,10.74,250.74,115,0
0.86191,0.00062281,-3.3987e-05,0,4.6435,,10.76,250.76,115,0
0.87887,0.00062331,-3.4226e-05,0,4.6435,,10.78,250.78,115,0
0.89582,0.00062382,-3.4465e-05,0,4.6435,,10.8,250.8,115,0
0.91278,0.00062432,-3.4704e-05,0,4.6435,,10.82,250.82,115,0
0.91969,0.00062499,-3.464e-05,0,26.634,,10.84,250.84,115,0
0.90656,0.00062599,-3.3972e-05,0,26.634,,10.86,250.86,115,0
0.89342,0.00062699,-3.3304e-05,0,26.634,,10.88,250.88,115,0
0.8803,0.00062798,-3.2637e-05,0,26.634,,10.9,250.9,115,0
0.86716,0.00062898,-3.1969e-05,0,26.634,,10.92,250.92,115,0
0.85403,0.00062998,-3.1301e-05,0,26.634,,10.94,250.94,115,0
0.84089,0.00063098,-3.0633e-05,0,26.634,,10.96,250.96,115,0
0.82777,0.00063197,-2.9965e-05,0,26.634,,10.98,250.98,115,0
0.81464,0.00063297,-2.9297e-05,0,26.634,,11,251,115,0
0.8015,0.00063397,-2.8629e-05,0,26.634,,11.02,251.02,115,0
0.78838,0.00063496,-2.7962e-05,0,26.634,,11.04,251.04,115,0
0.77524,0.00063596,-2.7294e-05,0,26.634,,11.06,251.06,115,0
0.76211,0.00063696,-2.6626e-05,0,26.634,,11.08,251.08,115,0
0.74897,0.00063796,-2.5958e-05,0,26.634,,11.1,251.1,115,0
0.73585,0.00063895,-2.5291e-05,0,26.634,,11.12,251.12,115,0
0.72271,0.00063995,-2.4623e-05,0,26.634,,11.14,251.14,115,0
0.70958,0.00064095,-2.3955e-05,0,26.634,,11.16,251.16,115,0
0.69645,0.00064194,-2.3287e-05,0,26.634,,11.18,251.18,115,0
0.68332,0.00064294,-2.2619e-05,0,26.634,,11.2,251.2,115,0
0.67018,0.00064394,-2.1951e-05,0,26.634,,11.22,251.22,115,0
0.65705,0.00064494,-2.1283e-05,0,26.634,,11.24,251.24,115,0
0.64075,0.00064547,-2.101e-05,0,0,,11.26,251.26,115,0
0.62125,0.00064555,-2.1132e-05,0,0,,11.28,251.28,115,0
0.60175,0.00064563,-2.1255e-05,0,0,,11.3,251.3,115,0
0.58225,0.00064571,-2.1377e-05,0,0,,11.32,251.32,115,0
0.56277,0.00064579,-2.1498e-05,0,0,,11.34,251.34,115,0
0.54327,0.00064587,-2.162e-05,0,0,,11.36,251.36,115,0
0.52377,0.00064595,-2.1743e-05,0,0,,11.38,251.38,115,0
0.50429,0.00064603,-2.1864e-05,0,0,,11.4,251.4,115,0
0.48479,0.00064611,-2.1986e-05,0,0,,11.42,251.42,115,0
0.46529,0.00064619,-2.2108e-05,0,0,,11.44,251.44,115,0
0.44579,0.00064627,-2.2231e-05,0,0,,11.46,251.46,115,0
0.42631,0.00064634,-2.2352e-05,0,0,,11.48,251.48,115,0
0.40681,0.00064642,-2.2474e-05,0,0,,11.5,251.5,115,0
0.38731,0.0006465,-2.2596e-05,0,0,,11.52,251.52,115,0
0.36783,0.00064658,-2.2718e-05,0,0,,11.54,251.54,115,0
0.34833,0.00064666,-2.284e-05,0,0,,11.56,251.56,115,0
0.32884,0.00064674,-2.2962e-05,0,0,,11.58,251.58,115,0
0.31116,0.00064681,-2.3084e-05,0,0,,11.6,251.6,115,0
0.29955,0.00064687,-2.3204e-05,0,0,,11.62,251.62,115,0
0.28794,0.00064693,-2.3324e-05,0,0,,11.64,251.64,115,0
0.27632,0.00064699,-2.3444e-05,0,0,,11.66,251.66,115,0
0.26472,0.00064705,-2.3564e-05,0,0,,11.68,251.68,115,0
0.2531,0.00064711,-2.3684e-05,0,0,,11.7,251.7,115,0
0.24148,0.00064717,-2.3805e-05,0,0,,11.72,251.72,115,0
0.22987,0.00064723,-2.3925e-05,0,0,,11.74,251.74,115,0
0.21826,0.00064729,-2.4045e-05,0,0,,11.76,251.76,115,0
0.20665,0.00064735,-2.4165e-05,0,0,,11.78,251.78,115,0
0.1959,0.0006474,-2.4285e-05,0,0,,11.8,251.8,115,0
0.19017,0.00064744,-2.4408e-05,0,0,,11.82,251.82,115,0
0.18444,0.00064747,-2.4531e-05,0,0,,11.84,251.84,115,0
0.17871,0.0006475,-2.4654e-05,0,0,,11.86,251.86,115,0
0.17298,0.00064753,-2.4777e-05,0,0,,11.88,251.88,115,0
0.16725,0.00064757,-2.49e-05,0,0,,11.9,251.9,115,0
0.16152,0.0006476,-2.5023e-05,0,0,,11.92,251.92,115,0
0.15579,0.00064763,-2.5146e-05,0,0,,11.94,251.94,115,0
0.15218,0.00064768,-2.5246e-05,0,0,,11.96,251.96,115,0
0.14865,0.00064772,-2.5345e-05,0,0,,11.98,251.98,115,0
0.14513,0.00064777,-2.5443e-05,0,0,,12,252,115,0
0.1416,0.00064782,-2.5542e-05,0,0,,12.02,252.02,115,0
0.13807,0.00064787,-2.5641e-05,0,0,,12.04,252.04,115,0
0.13454,0.00064791,-2.574e-05,0,0,,12.06,252.06,115,0
0.13101,0.00064796,-2.5839e-05,0,0,,12.08,252.08,115,0
0.12749,0.00064801,-2.5937e-05,0,0,,12.1,252.1,115,0
0.12396,0.00064806,-2.6036e-05,0,0,,12.12,252.12,115,0
0.12043,0.0006481,-2.6135e-05,0,0,,12.14,252.14,115,0
0.1169,0.00064815,-2.6234e-05,0,0,,12.16,252.16,115,0
0.11338,0.0006482,-2.6332e-05,0,0,,12.18,252.18,115,0
0.10985,0.00064825,-2.6431e-05,0,0,,12.2,252.2,115,0
0.10632,0.00064829,-2.653e-05,0,0,,12.22,252.22,115,0
0.10279,0.00064834,-2.6629e-05,0,0,,12.24,252.24,115,0
0.099267,0.00064839,-2.6727e-05,0,0,,12.26,252.26,115,0
0.095739,0.00064844,-2.6826e-05,0,0,,12.28,252.28,115,0
0.09221,0.00064848,-2.6925e-05,0,0,,12.3,252.3,115,0
0.088487,0.00064854,-2.7021e-05,0,0,,12.32,252.32,115,0
0.08449,0.0006486,-2.7114e-05,0,0,,12.34,252.34,115,0
0.080491,0.00064867,-2.7208e-05,0,0,,12.36,252.36,115,0
0.076492,0.00064873,-2.7301e-05,0,0,,12.38,252.38,115,0
0.073803,0.00064878,-2.7392e-05,0,0,,12.4,252.4,115,0
0.071539,0.00064883,-2.7482e-05,0,0,,12.42,252.42,115,0
0.069275,0.00064887,-2.7572e-05,0,0,,12.44,252.44,115,0
0.067011,0.00064892,-2.7662e-05,0,0,,12.46,252.46,115,0
0.064748,0.00064896,-2.7752e-05,0,0,,12.48,252.48,115,0
0.062484,0.00064901,-2.7843e-05,0,0,,12.5,252.5,115,0
0.060219,0.00064906,-2.7933e-05,0,0,,12.52,252.52,115,0
0.057957,0.0006491,-2.8023e-05,0,0,,12.54,252.54,115,0
0.055693,0.00064915,-2.8113e-05,0,0,,12.56,252.56,115,0
0.053428,0.00064919,-2.8204e-05,0,0,,12.58,252.58,115,0
0.051164,0.00064924,-2.8294e-05,0,0,,12.6,252.6,115,0
0.048902,0.00064928,-2.8384e-05,0,0,,12.62,252.62,115,0
0.046637,0.00064933,-2.8474e-05,0,0,,12.64,252.64,115,0
0.044373,0.00064938,-2.8564e-05,0,0,,12.66,252.66,115,0
0.04211,0.00064942,-2.8655e-05,0,0,,12.68,252.68,115,0
0.039846,0.00064947,-2.8745e-05,0,0,,12.7,252.7,115,0
0.037582,0.00064951,-2.8835e-05,0,0,,12.72,252.72,115,0
0.035318,0.00064956,-2.8925e-05,0,0,,12.74,252.74,115,0
0.033055,0.0006496,-2.9016e-05,0,0,,12.76,252.76,115,0
0.032171,0.00064965,-2.9095e-05,0,0,,12.78,252.78,115,0
0.031573,0.0006497,-2.9172e-05,0,0,,12.8,252.8,115,0
0.030976,0.00064974,-2.9249e-05,0,0,,12.82,252.82,115,0
0.030379,0.00064979,-2.9326e-05,0,0,,12.84,252.84,115,0
0.029782,0.00064984,-2.9403e-05,0,0,,12.86,252.86,115,0
0.029185,0.00064988,-2.948e-05,0,0,,12.88,252.88,115,0
0.028588,0.00064993,-2.9557e-05,0,0,,12.9,252.9,115,0
0.027991,0.00064998,-2.9634e-05,0,0,,12.92,252.92,115,0
0.027393,0.00065003,-2.9711e-05,0,0,,12.94,252.94,115,0
0.026796,0.00065007,-2.9788e-05,0,0,,12.96,252.96,115,0
0.026199,0.00065012,-2.9865e-05,0,0,,12.98,252.98,115,0
0.025602,0.00065017,-2.9943e-05,0,0,,13,253,115,0
0.025005,0.00065021,-3.002e-05,0,0,,13.02,253.02,115,0
0.024408,0.00065026,-3.0097e-05,0,0,,13.04,253.04,115,0
0.02381,0.00065031,-3.0174e-05,0,0,,13.06,253.06,115,0
0.023213,0.00065035,-3.0251e-05,0,0,,13.08,253.08,115,0
0.022616,0.0006504,-3.0328e-05,0,0,,13.1,253.1,115,0
0.022019,0.00065045,-3.0405e-05,0,0,,13.12,253.12,115,0
0.021422,0.0006505,-3.0482e-05,0,0,,13.14,253.14,115,0
0.020825,0.00065054,-3.0559e-05,0,0,,13.16,253.16,115,0
0.020228,0.00065059,-3.0636e-05,0,0,,13.18,253.18,115,0
0.01963,0.00065064,-3.0713e-05,0,0,,13.2,253.2,115,0
0.019033,0.00065068,-3.079e-05,0,0,,13.22,253.22,115,0
0.018436,0.00065073,-3.0867e-05,0,0,,13.24,253.24,115,0
0.017839,0.00065078,-3.0944e-05,0,0,,13.26,253.26,115,0
0.017242,0.00065082,-3.1021e-05,0,0,,13.28,253.28,115,0
0.016645,0.00065087,-3.1098e-05,0,0,,13.3,253.3,115,0
0.016047,0.00065092,-3.1175e-05,0,0,,13.32,253.32,115,0
0.01545,0.00065096,-3.1253e-05,0,0,,13.34,253.34,115,0
0.014853,0.00065101,-3.133e-05,0,0,,13.36,253.36,115,0
0.014256,0.00065106,-3.1407e-05,0,0,,13.38,253.38,115,0
0.013659,0.00065111,-3.1484e-05,0,0,,13.4,253.4,115,0
0.013062,0.00065115,-3.1561e-05,0,0,,13.42,253.42,115,0
0.012465,0.0006512,-3.1638e-05,0,0,,13.44,253.44,115,0
0.011867,0.00065125,-3.1715e-05,0,0,,13.46,253.46,115,0
0.01127,0.00065129,-3.1792e-05,0,0,,13.48,253.48,115,0
0.010667,0.00065134,-3.1868e-05,0,0,,13.5,253.5,115,0
0.010017,0.00065141,-3.1937e-05,0,0,,13.52,253.52,115,0
0.0093667,0.00065147,-3.2007e-05,0,0,,13.54,253.54,115,0
0.008716,0.00065154,-3.2076e-05,0,0,,13.56,253.56,115,0
0.0080654,0.00065161,-3.2145e-05,0,0,,13.58,253.58,115,0
0.0074147,0.00065167,-3.2215e-05,0,0,,13.6,253.6,115,0
0.0067646,0.00065174,-3.2284e-05,0,0,,13.62,253.62,115,0
0.0062876,0.00065181,-3.2351e-05,0,0,,13.64,253.64,115,0
0.0060904,0.00065188,-3.2413e-05,0,0,,13.66,253.66,115,0
0.0058933,0.00065195,-3.2476e-05,0,0,,13.68,253.68,115,0
0.0056961,0.00065203,-3.2538e-05,0,0,,13.7,253.7,115,0
0.0055489,0.00065209,-3.2597e-05,0,0,,13.72,253.72,115,0
0.0054416,0.00065214,-3.2653e-05,0,0,,13.74,253.74,115,0
0.0053344,0.00065219,-3.2709e-05,0,0,,13.76,253.76,115,0
0.0052272,0.00065224,-3.2765e-05,0,0,,13.78,253.78,115,0
0.0051199,0.00065229,-3.2821e-05,0,0,,13.8,253.8,115,0
0.0050126,0.00065235,-3.2877e-05,0,0,,13.82,253.82,115,0
0.0049054,0.0006524,-3.2933e-05,0,0,,13.84,253.84,115,0
0.0047982,0.00065245,-3.2989e-05,0,0,,13.86,253.86,115,0
0.0046909,0.0006525,-3.3045e-05,0,0,,13.88,253.88,115,0
0.0045837,0.00065255,-3.3101e-05,0,0,,13.9,253.9,115,0
0.0044764,0.0006526,-3.3157e-05,0,0,,13.92,253.92,115,0
0.0043692,0.00065265,-3.3213e-05,0,0,,13.94,253.94,115,0
0.0042619,0.00065271,-3.3269e-05,0,0,,13.96,253.96,115,0
0.0041547,0.00065276,-3.3325e-05,0,0,,13.98,253.98,115,0
0.0040474,0.00065281,-3.3381e-05,0,0,,14,254,115,0
0.0039402,0.00065286,-3.3437e-05,0,0,,14.02,254.02,115,0
0.003833,0.00065291,-3.3493e-05,0,0,,14.04,254.04,115,0
0.0037257,0.00065296,-3.3548e-05,0,0,,14.06,254.06,115,0
0.0036184,0.00065302,-3.3604e-05,0,0,,14.08,254.08,115,0
0.0035112,0.00065307,-3.366e-05,0,0,,14.1,254.1,115,0
0.003404,0.00065312,-3.3716e-05,0,0,,14.12,254.12,115,0
0.0032967,0.00065317,-3.3772e-05,0,0,,14.14,254.14,115,0
0.0031894,0.00065322,-3.3828e-05,0,0,,14.16,254.16,115,0
0.0030823,0.00065327,-3.3884e-05,0,0,,14.18,254.18,115,0
0.002975,0.00065333,-3.394e-05,0,0,,14.2,254.2,115,0
0.0028677,0.00065338,-3.3996e-05,0,0,,14.22,254.22,115,0
0.0027604,0.00065343,-3.4052e-05,0,0,,14.24,254.24,115,0
0.0026533,0.00065348,-3.4108e-05,0,0,,14.26,254.26,115,0
0.002546,0.00065353,-3.4164e-05,0,0,,14.28,254.28,115,0
0.0024387,0.00065358,-3.422e-05,0,0,,14.3,254.3,115,0
0.0023314,0.00065363,-3.4276e-05,0,0,,14.32,254.32,115,0
0.0022243,0.00065369,-3.4332e-05,0,0,,14.34,254.34,115,0
0.002117,0.00065374,-3.4388e-05,0,0,,14.36,254.36,115,0
0.0020097,0.00065379,-3.4444e-05,0,0,,14.38,254.38,115,0
0.0019025,0.00065384,-3.45e-05,0,0,,14.4,254.4,115,0
0.0017953,0.00065389,-3.4556e-05,0,0,,14.42,254.42,115,0
0.001688,0.00065394,-3.4612e-05,0,0,,14.44,254.44,115,0
0.0015807,0.000654,-3.4668e-05,0,0,,14.46,254.46,115,0
0.0014735,0.00065405,-3.4724e-05,0,0,,14.48,254.48,115,0
0.0013663,0.0006541,-3.478e-05,0,0,,14.5,254.5,115,0
0.001259,0.00065415,-3.4836e-05,0,0,,14.52,254.52,115,0
0.0011518,0.0006542,-3.4891e-05,0,0,,14.54,254.54,115,0
0.0010887,0.00065426,-3.4946e-05,0,0,,14.56,254.56,115,0
0.0010672,0.00065431,-3.4999e-05,0,0,,14.58,254.58,115,0
0.0010457,0.00065437,-3.5051e-05,0,0,,14.6,254.6,115,0
0.0010242,0.00065443,-3.5104e-05,0,0,,14.62,254.62,115,0
0.0010027,0.00065449,-3.5157e-05,0,0,,14.64,254.64,115,0
0.00098113,0.00065455,-3.521e-05,0,0,,14.66,254.66,115,0
0.00095963,0.00065461,-3.5262e-05,0,0,,14.68,254.68,115,0
0.00093811,0.00065466,-3.5315e-05,0,0,,14.7,254.7,115,0
0.00091659,0.00065472,-3.5368e-05,0,0,,14.72,254.72,115,0
0.00089506,0.00065478,-3.5421e-05,0,0,,14.74,254.74,115,0
0.00087356,0.00065484,-3.5473e-05,0,0,,14.76,254.76,115,0
0.00085204,0.0006549,-3.5526e-05,0,0,,14.78,254.78,115,0
0.00083052,0.00065495,-3.5579e-05,0,0,,14.8,254.8,115,0
0.00080899,0.00065501,-3.5632e-05,0,0,,14.82,254.82,115,0
0.00078749,0.00065507,-3.5684e-05,0,0,,14.84,254.84,115,0
0.00076597,0.00065513,-3.5737e-05,0,0,,14.86,254.86,115,0
0.00074445,0.00065519,-3.579e-05,0,0,,14.88,254.88,115,0
0.00072294,0.00065524,-3.5843e-05,0,0,,14.9,254.9,115,0
0.00070142,0.0006553,-3.5895e-05,0,0,,14.92,254.92,115,0
0.0006799,0.00065536,-3.5948e-05,0,0,,14.94,254.94,115,0
0.00065838,0.00065542,-3.6001e-05,0,0,,14.96,254.96,115,0
0.00063687,0.00065548,-3.6054e-05,0,0,,14.98,254.98,115,0
0.00061535,0.00065553,-3.6106e-05,0,0,,15,255,115,0
0.00059383,0.00065559,-3.6159e-05,0,0,,15.02,255.02,115,0
0.00057232,0.00065565,-3.6212e-05,0,0,,15.04,255.04,115,0
0.0005508,0.00065571,-3.6265e-05,0,0,,15.06,255.06,115,0
0.00052928,0.00065577,-3.6317e-05,0,0,,15.08,255.08,115,0
0.00050776,0.00065583,-3.637e-05,0,0,,15.1,255.1,115,0
0.00048625,0.00065588,-3.6423e-05,0,0,,15.12,255.12,115,0
0.00046587,0.00065594,-3.6475e-05,0,0,,15.14,255.14,115,0
0.00045001,0.00065598,-3.6525e-05,0,0,,15.16,255.16,115,0
0.00043417,0.00065603,-3.6574e-05,0,0,,15.18,255.18,115,0
0.00041831,0.00065607,-3.6624e-05,0,0,,15.2,255.2,115,0
0.00040246,0.00065612,-3.6674e-05,0,0,,15.22,255.22,115,0
0.0003866,0.00065616,-3.6723e-05,0,0,,15.24,255.24,115,0
0.00037076,0.00065621,-3.6773e-05,0,0,,15.26,255.26,115,0
0.0003549,0.00065626,-3.6822e-05,0,0,,15.28,255.28,115,0
0.00033905,0.0006563,-3.6872e-05,0,0,,15.3,255.3,115,0
0.00032319,0.00065635,-3.6922e-05,0,0,,15.32,255.32,115,0
0.00030735,0.00065639,-3.6971e-05,0,0,,15.34,255.34,115,0
0.00029149,0.00065644,-3.7021e-05,0,0,,15.36,255.36,115,0
0.00027563,0.00065648,-3.7071e-05,0,0,,15.38,255.38,115,0
0.00025979,0.00065653,-3.712e-05,0,0,,15.4,255.4,115,0
0.00024393,0.00065657,-3.717e-05,0,0,,15.42,255.42,115,0
0.00022808,0.00065662,-3.722e-05,0,0,,15.44,255.44,115,0
0.00021222,0.00065666,-3.7269e-05,0,0,,15.46,255.46,115,0
0.00019638,0.00065671,-3.7319e-05,0,0,,15.48,255.48,115,0
0.00018471,0.00065675,-3.7368e-05,0,0,,15.5,255.5,115,0
0.00018191,0.0006568,-3.7414e-05,0,0,,15.52,255.52,115,0
0.00017911,0.00065685,-3.7461e-05,0,0,,15.54,255.54,115,0
0.00017631,0.0006569,-3.7507e-05,0,0,,15.56,255.56,115,0
0.00017351,0.00065695,-3.7554e-05,0,0,,15.58,255.58,115,0
0.00017071,0.00065699,-3.76e-05,0,0,,15.6,255.6,115,0
0.00016791,0.00065704,-3.7647e-05,0,0,,15.62,255.62,115,0
0.00016511,0.00065709,-3.7693e-05,0,0,,15.64,255.64,115,0
0.00016231,0.00065714,-3.774e-05,0,0,,15.66,255.66,115,0
0.00015952,0.00065719,-3.7786e-05,0,0,,15.68,255.68,115,0
0.00015672,0.00065723,-3.7832e-05,0,0,,15.7,255.7,115,0
0.00015392,0.00065728,-3.7879e-05,0,0,,15.72,255.72,115,0
0.00015112,0.00065733,-3.7925e-05,0,0,,15.74,255.74,115,0
0.00014832,0.00065738,-3.7972e-05,0,0,,15.76,255.76,115,0
0.00014552,0.00065743,-3.8018e-05,0,0,,15.78,255.78,115,0
0.00014272,0.00065747,-3.8065e-05,0,0,,15.8,255.8,115,0
0.00013992,0.00065752,-3.8111e-05,0,0,,15.82,255.82,115,0
0.00013712,0.00065757,-3.8158e-05,0,0,,15.84,255.84,115,0
0.00013432,0.00065762,-3.8204e-05,0,0,,15.86,255.86,115,0
0.00013152,0.00065767,-3.8251e-05,0,0,,15.88,255.88,115,0
0.00012872,0.00065771,-3.8297e-05,0,0,,15.9,255.9,115,0
0.00012592,0.00065776,-3.8344e-05,0,0,,15.92,255.92,115,0
0.00012312,0.00065781,-3.839e-05,0,0,,15.94,255.94,115,0
0.00012032,0.00065786,-3.8437e-05,0,0,,15.96,255.96,115,0
0.00011753,0.00065791,-3.8483e-05,0,0,,15.98,255.98,115,0
0.00011457,0.00065796,-3.8529e-05,0,0,,16,256,115,0
0.00011104,0.00065802,-3.857e-05,0,0,,16.02,256.02,115,0
0.00010751,0.00065808,-3.861e-05,0,0,,16.04,256.04,115,0
0.00010398,0.00065814,-3.8651e-05,0,0,,16.06,256.06,115,0
0.00010045,0.0006582,-3.8692e-05,0,0,,16.08,256.08,115,0
9.6921e-05,0.00065826,-3.8733e-05,0,0,,16.1,256.1,115,0
9.3393e-05,0.00065832,-3.8774e-05,0,0,,16.12,256.12,115,0
8.986e-05,0.00065838,-3.8815e-05,0,0,,16.14,256.14,115,0
8.6332e-05,0.00065844,-3.8856e-05,0,0,,16.16,256.16,115,0
8.2804e-05,0.0006585,-3.8896e-05,0,0,,16.18,256.18,115,0
7.9271e-05,0.00065856,-3.8937e-05,0,0,,16.2,256.2,115,0
7.5743e-05,0.00065862,-3.8978e-05,0,0,,16.22,256.22,115,0
7.2215e-05,0.00065868,-3.9019e-05,0,0,,16.24,256.24,115,0
6.8682e-05,0.00065874,-3.906e-05,0,0,,16.26,256.26,115,0
6.5154e-05,0.0006588,-3.9101e-05,0,0,,16.28,256.28,115,0
6.1626e-05,0.00065886,-3.9141e-05,0,0,,16.3,256.3,115,0
5.8093e-05,0.00065892,-3.9182e-05,0,0,,16.32,256.32,115,0
5.4565e-05,0.00065898,-3.9223e-05,0,0,,16.34,256.34,115,0
5.1037e-05,0.00065904,-3.9264e-05,0,0,,16.36,256.36,115,0
4.7504e-05,0.0006591,-3.9305e-05,0,0,,16.38,256.38,115,0
4.3976e-05,0.00065916,-3.9346e-05,0,0,,16.4,256.4,115,0
4.0443e-05,0.00065922,-3.9387e-05,0,0,,16.42,256.42,115,0
3.6915e-05,0.00065928,-3.9427e-05,0,0,,16.44,256.44,115,0
3.3387e-05,0.00065934,-3.9468e-05,0,0,,16.46,256.46,115,0
2.9854e-05,0.0006594,-3.9509e-05,0,0,,16.48,256.48,115,0
2.6326e-05,0.00065946,-3.955e-05,0,0,,16.5,256.5,115,0
2.5691e-05,0.00065952,-3.9592e-05,0,0,,16.52,256.52,115,0
2.5214e-05,0.00065958,-3.9635e-05,0,0,,16.54,256.54,115,0
2.4738e-05,0.00065963,-3.9677e-05,0,0,,16.56,256.56,115,0
2.4261e-05,0.00065969,-3.9719e-05,0,0,,16.58,256.58,115,0
2.3784e-05,0.00065975,-3.9762e-05,0,0,,16.6,256.6,115,0
2.3308e-05,0.0006598,-3.9804e-05,0,0,,16.62,256.62,115,0
2.2831e-05,0.00065986,-3.9846e-05,0,0,,16.64,256.64,115,0
2.2355e-05,0.00065992,-3.9889e-05,0,0,,16.66,256.66,115,0
2.1879e-05,0.00065998,-3.9931e-05,0,0,,16.68,256.68,115,0
2.1402e-05,0.00066003,-3.9974e-05,0,0,,16.7,256.7,115,0
2.0926e-05,0.00066009,-4.0016e-05,0,0,,16.72,256.72,115,0
2.0449e-05,0.00066015,-4.0058e-05,0,0,,16.74,256.74,115,0
1.9972e-05,0.00066021,-4.0101e-05,0,0,,16.76,256.76,115,0
1.9496e-05,0.00066026,-4.0143e-05,0,0,,16.78,256.78,115,0
1.902e-05,0.00066032,-4.0185e-05,0,0,,16.8,256.8,115,0
1.8543e-05,0.00066038,-4.0228e-05,0,0,,16.82,256.82,115,0
1.8093e-05,0.00066043,-4.0269e-05,0,0,,16.84,256.84,115,0
1.7679e-05,0.00066048,-4.0307e-05,0,0,,16.86,256.86,115,0
1.7265e-05,0.00066053,-4.0346e-05,0,0,,16.88,256.88,115,0
1.6851e-05,0.00066058,-4.0385e-05,0,0,,16.9,256.9,115,0
1.6437e-05,0.00066063,-4.0424e-05,0,0,,16.92,256.92,115,0
1.6024e-05,0.00066068,-4.0462e-05,0,0,,16.94,256.94,115,0
1.561e-05,0.00066073,-4.0501e-05,0,0,,16.96,256.96,115,0
1.5196e-05,0.00066078,-4.054e-05,0,0,,16.98,256.98,115,0
1.4782e-05,0.00066083,-4.0578e-05,0,0,,17,257,115,0
1.4369e-05,0.00066088,-4.0617e-05,0,0,,17.02,257.02,115,0
1.3955e-05,0.00066094,-4.0656e-05,0,0,,17.04,257.04,115,0
1.3541e-05,0.00066099,-4.0695e-05,0,0,,17.06,257.06,115,0
1.3128e-05,0.00066104,-4.0733e-05,0,0,,17.08,257.08,115,0
1.2713e-05,0.00066109,-4.0772e-05,0,0,,17.1,257.1,115,0
1.23e-05,0.00066114,-4.0811e-05,0,0,,17.12,257.12,115,0
1.1886e-05,0.00066119,-4.085e-05,0,0,,17.14,257.14,115,0
1.1472e-05,0.00066124,-4.0888e-05,0,0,,17.16,257.16,115,0
1.1059e-05,0.00066129,-4.0927e-05,0,0,,17.18,257.18,115,0
1.0645e-05,0.00066134,-4.0966e-05,0,0,,17.2,257.2,115,0
1.0231e-05,0.00066139,-4.1005e-05,0,0,,17.22,257.22,115,0
9.8175e-06,0.00066144,-4.1043e-05,0,0,,17.24,257.24,115,0
9.4033e-06,0.00066149,-4.1082e-05,0,0,,17.26,257.26,115,0
8.9898e-06,0.00066154,-4.1121e-05,0,0,,17.28,257.28,115,0
8.5763e-06,0.00066159,-4.116e-05,0,0,,17.3,257.3,115,0
8.1621e-06,0.00066164,-4.1198e-05,0,0,,17.32,257.32,115,0
7.7486e-06,0.00066169,-4.1237e-05,0,0,,17.34,257.34,115,0
7.335e-06,0.00066174,-4.1276e-05,0,0,,17.36,257.36,115,0
6.9209e-06,0.00066179,-4.1315e-05,0,0,,17.38,257.38,115,0
6.5073e-06,0.00066184,-4.1353e-05,0,0,,17.4,257.4,115,0
6.0932e-06,0.00066189,-4.1392e-05,0,0,,17.42,257.42,115,0
5.6796e-06,0.00066194,-4.1431e-05,0,0,,17.44,257.44,115,0
5.2661e-06,0.00066199,-4.147e-05,0,0,,17.46,257.46,115,0
4.8519e-06,0.00066204,-4.1508e-05,0,0,,17.48,257.48,115,0
4.4384e-06,0.00066209,-4.1547e-05,0,0,,17.5,257.5,115,0
4.1307e-06,0.00066215,-4.1584e-05,0,0,,17.52,257.52,115,0
4.0344e-06,0.0006622,-4.1619e-05,0,0,,17.54,257.54,115,0
3.9383e-06,0.00066226,-4.1654e-05,0,0,,17.56,257.56,115,0
3.8422e-06,0.00066232,-4.1688e-05,0,0,,17.58,257.58,115,0
3.7459e-06,0.00066237,-4.1723e-05,0,0,,17.6,257.6,115,0
3.6497e-06,0.00066243,-4.1758e-05,0,0,,17.62,257.62,115,0
3.5534e-06,0.00066249,-4.1792e-05,0,0,,17.64,257.64,115,0
3.4573e-06,0.00066255,-4.1827e-05,0,0,,17.66,257.66,115,0
3.3612e-06,0.0006626,-4.1861e-05,0,0,,17.68,257.68,115,0
3.2649e-06,0.00066266,-4.1896e-05,0,0,,17.7,257.7,115,0
3.1687e-06,0.00066272,-4.1931e-05,0,0,,17.72,257.72,115,0
3.0726e-06,0.00066277,-4.1965e-05,0,0,,17.74,257.74,115,0
2.9763e-06,0.00066283,-4.2e-05,0,0,,17.76,257.76,115,0
2.8802e-06,0.00066289,-4.2035e-05,0,0,,17.78,257.78,115,0
2.784e-06,0.00066294,-4.2069e-05,0,0,,17.8,257.8,115,0
2.6877e-06,0.000663,-4.2104e-05,0,0,,17.82,257.82,115,0
2.5916e-06,0.00066306,-4.2138e-05,0,0,,17.84,257.84,115,0
2.4954e-06,0.00066311,-4.2173e-05,0,0,,17.86,257.86,115,0
2.3991e-06,0.00066317,-4.2208e-05,0,0,,17.88,257.88,115,0
2.303e-06,0.00066323,-4.2242e-05,0,0,,17.9,257.9,115,0
2.2067e-06,0.00066329,-4.2277e-05,0,0,,17.92,257.92,115,0
2.1106e-06,0.00066334,-4.2312e-05,0,0,,17.94,257.94,115,0
2.0144e-06,0.0006634,-4.2346e-05,0,0,,17.96,257.96,115,0
1.9181e-06,0.00066346,-4.2381e-05,0,0,,17.98,257.98,115,0
1.822e-06,0.00066351,-4.2415e-05,0,0,,18,258,115,0
1.7259e-06,0.00066357,-4.245e-05,0,0,,18.02,258.02,115,0
1.6776e-06,0.00066362,-4.2484e-05,0,0,,18.04,258.04,115,0
1.6331e-06,0.00066367,-4.2517e-05,0,0,,18.06,258.06,115,0
1.5887e-06,0.00066372,-4.2551e-05,0,0,,18.08,258.08,115,0
1.5442e-06,0.00066377,-4.2584e-05,0,0,,18.1,258.1,115,0
1.4998e-06,0.00066381,-4.2618e-05,0,0,,18.12,258.12,115,0
1.4553e-06,0.00066386,-4.2651e-05,0,0,,18.14,258.14,115,0
1.4109e-06,0.00066391,-4.2685e-05,0,0,,18.16,258.16,115,0
1.3665e-06,0.00066396,-4.2719e-05,0,0,,18.18,258.18,115,0
1.322e-06,0.00066401,-4.2752e-05,0,0,,18.2,258.2,115,0
1.2776e-06,0.00066406,-4.2786e-05,0,0,,18.22,258.22,115,0
1.2332e-06,0.00066411,-4.2819e-05,0,0,,18.24,258.24,115,0
1.1887e-06,0.00066416,-4.2853e-05,0,0,,18.26,258.26,115,0
1.1443e-06,0.0006642,-4.2886e-05,0,0,,18.28,258.28,115,0
1.0999e-06,0.00066425,-4.292e-05,0,0,,18.3,258.3,115,0
1.0554e-06,0.0006643,-4.2953e-05,0,0,,18.32,258.32,115,0
1.011e-06,0.00066435,-4.2987e-05,0,0,,18.34,258.34,115,0
9.6656e-07,0.0006644,-4.3021e-05,0,0,,18.36,258.36,115,0
9.2208e-07,0.00066445,-4.3054e-05,0,0,,18.38,258.38,115,0
8.7766e-07,0.0006645,-4.3088e-05,0,0,,18.4,258.4,115,0
8.3318e-07,0.00066455,-4.3121e-05,0,0,,18.42,258.42,115,0
7.8876e-07,0.0006646,-4.3155e-05,0,0,,18.44,258.44,115,0
7.4434e-07,0.00066464,-4.3188e-05,0,0,,18.46,258.46,115,0
6.9986e-07,0.00066469,-4.3222e-05,0,0,,18.48,258.48,115,0
6.6722e-07,0.00066474,-4.3255e-05,0,0,,18.5,258.5,115,0
6.5593e-07,0.0006648,-4.3286e-05,0,0,,18.52,258.52,115,0
6.4462e-07,0.00066485,-4.3318e-05,0,0,,18.54,258.54,115,0
6.3333e-07,0.0006649,-4.3349e-05,0,0,,18.56,258.56,115,0
6.2204e-07,0.00066495,-4.3381e-05,0,0,,18.58,258.58,115,0
6.1074e-07,0.00066501,-4.3412e-05,0,0,,18.6,258.6,115,0
5.9945e-07,0.00066506,-4.3444e-05,0,0,,18.62,258.62,115,0
5.8814e-07,0.00066511,-4.3476e-05,0,0,,18.64,258.64,115,0
5.7685e-07,0.00066517,-4.3507e-05,0,0,,18.66,258.66,115,0
5.6557e-07,0.00066522,-4.3539e-05,0,0,,18.68,258.68,115,0
5.5426e-07,0.00066527,-4.357e-05,0,0,,18.7,258.7,115,0
5.4297e-07,0.00066532,-4.3602e-05,0,0,,18.72,258.72,115,0
5.3168e-07,0.00066538,-4.3633e-05,0,0,,18.74,258.74,115,0
5.2038e-07,0.00066543,-4.3665e-05,0,0,,18.76,258.76,115,0
5.0909e-07,0.00066548,-4.3696e-05,0,0,,18.78,258.78,115,0
4.978e-07,0.00066554,-4.3728e-05,0,0,,18.8,258.8,115,0
4.8649e-07,0.00066559,-4.376e-05,0,0,,18.82,258.82,115,0
4.7521e-07,0.00066564,-4.3791e-05,0,0,,18.84,258.84,115,0
4.6392e-07,0.00066569,-4.3823e-05,0,0,,18.86,258.86,115,0
4.5261e-07,0.00066575,-4.3854e-05,0,0,,18.88,258.88,115,0
4.4132e-07,0.0006658,-4.3886e-05,0,0,,18.9,258.9,115,0
4.3002e-07,0.00066585,-4.3917e-05,0,0,,18.92,258.92,115,0
4.1873e-07,0.00066591,-4.3949e-05,0,0,,18.94,258.94,115,0
4.0744e-07,0.00066596,-4.398e-05,0,0,,18.96,258.96,115,0
3.9613e-07,0.00066601,-4.4012e-05,0,0,,18.98,258.98,115,0
3.8484e-07,0.00066606,-4.4043e-05,0,0,,19,259,115,0
3.7356e-07,0.00066612,-4.4075e-05,0,0,,19.02,259.02,115,0
3.6225e-07,0.00066617,-4.4107e-05,0,0,,19.04,259.04,115,0
3.5096e-07,0.00066622,-4.4138e-05,0,0,,19.06,259.06,115,0
3.3967e-07,0.00066628,-4.417e-05,0,0,,19.08,259.08,115,0
3.2837e-07,0.00066633,-4.4201e-05,0,0,,19.1,259.1,115,0
3.1708e-07,0.00066638,-4.4233e-05,0,0,,19.12,259.12,115,0
3.0577e-07,0.00066643,-4.4264e-05,0,0,,19.14,259.14,115,0
2.9448e-07,0.00066649,-4.4296e-05,0,0,,19.16,259.16,115,0
2.832e-07,0.00066654,-4.4327e-05,0,0,,19.18,259.18,115,0
2.7189e-07,0.00066659,-4.4359e-05,0,0,,19.2,259.2,115,0
2.606e-07,0.00066665,-4.4391e-05,0,0,,19.22,259.22,115,0
2.4931e-07,0.0006667,-4.4422e-05,0,0,,19.24,259.24,115,0
2.3801e-07,0.00066675,-4.4454e-05,0,0,,19.26,259.26,115,0
2.2672e-07,0.00066681,-4.4485e-05,0,0,,19.28,259.28,115,0
2.1543e-07,0.00066686,-4.4517e-05,0,0,,19.3,259.3,115,0
2.0412e-07,0.00066691,-4.4548e-05,0,0,,19.32,259.32,115,0
1.9284e-07,0.00066696,-4.458e-05,0,0,,19.34,259.34,115,0
1.8155e-07,0.00066702,-4.4611e-05,0,0,,19.36,259.36,115,0
1.7024e-07,0.00066707,-4.4643e-05,0,0,,19.38,259.38,115,0
1.5895e-07,0.00066712,-4.4674e-05,0,0,,19.4,259.4,115,0
1.4765e-07,0.00066718,-4.4706e-05,0,0,,19.42,259.42,115,0
1.3636e-07,0.00066723,-4.4738e-05,0,0,,19.44,259.44,115,0
1.2507e-07,0.00066728,-4.4769e-05,0,0,,19.46,259.46,115,0
1.1376e-07,0.00066733,-4.4801e-05,0,0,,19.48,259.48,115,0
1.0571e-07,0.00066738,-4.4831e-05,0,0,,19.5,259.5,115,0
9.9226e-08,0.00066743,-4.4861e-05,0,0,,19.52,259.52,115,0
9.2734e-08,0.00066748,-4.489e-05,0,0,,19.54,259.54,115,0
8.6252e-08,0.00066752,-4.492e-05,0,0,,19.56,259.56,115,0
7.977e-08,0.00066757,-4.495e-05,0,0,,19.58,259.58,115,0
7.3538e-08,0.00066762,-4.4979e-05,0,0,,19.6,259.6,115,0
7.2345e-08,0.00066766,-4.5008e-05,0,0,,19.62,259.62,115,0
7.1149e-08,0.00066771,-4.5037e-05,0,0,,19.64,259.64,115,0
6.9955e-08,0.00066776,-4.5066e-05,0,0,,19.66,259.66,115,0
6.8761e-08,0.00066781,-4.5094e-05,0,0,,19.68,259.68,115,0
6.7565e-08,0.00066785,-4.5123e-05,0,0,,19.7,259.7,115,0
6.6371e-08,0.0006679,-4.5152e-05,0,0,,19.72,259.72,115,0
6.517e-08,0.00066795,-4.518e-05,0,0,,19.74,259.74,115,0
6.3911e-08,0.000668,-4.5207e-05,0,0,,19.76,259.76,115,0
6.2655e-08,0.00066805,-4.5234e-05,0,0,,19.78,259.78,115,0
6.1398e-08,0.00066811,-4.526e-05,0,0,,19.8,259.8,115,0
6.0139e-08,0.00066816,-4.5287e-05,0,0,,19.82,259.82,115,0
5.8883e-08,0.00066821,-4.5313e-05,0,0,,19.84,259.84,115,0
5.7626e-08,0.00066827,-4.534e-05,0,0,,19.86,259.86,115,0
5.6368e-08,0.00066832,-4.5367e-05,0,0,,19.88,259.88,115,0
5.5111e-08,0.00066837,-4.5393e-05,0,0,,19.9,259.9,115,0
5.3852e-08,0.00066842,-4.542e-05,0,0,,19.92,259.92,115,0
5.2596e-08,0.00066848,-4.5446e-05,0,0,,19.94,259.94,115,0
5.1339e-08,0.00066853,-4.5473e-05,0,0,,19.96,259.96,115,0
5.008e-08,0.00066858,-4.55e-05,0,0,,19.98,259.98,115,0
4.8824e-08,0.00066864,-4.5526e-05,0,0,,20,260,115,0
