damage33,displacement:0,displacement:1,displacement:2,energy,vtkValidPointMask,arc_length,Points:0,Points:1,Points:2
7.20E-09,3.47E-05,-1.90E-05,0,0,,0,240,114,0
7.50E-09,3.47E-05,-1.90E-05,0,0,,0.020004,240.02,114,0
7.80E-09,3.47E-05,-1.90E-05,0,0,,0.039993,240.04,114,0
8.10E-09,3.47E-05,-1.90E-05,0,0,,0.059998,240.06,114,0
8.40E-09,3.47E-05,-1.90E-05,0,0,,0.080002,240.08,114,0
8.71E-09,3.47E-05,-1.90E-05,0,0,,0.10001,240.1,114,0
9.01E-09,3.47E-05,-1.90E-05,0,0,,0.12,240.12,114,0
9.33E-09,3.47E-05,-1.90E-05,0,0,,0.14,240.14,114,0
9.70E-09,3.47E-05,-1.90E-05,0,0,,0.16,240.16,114,0
1.01E-08,3.47E-05,-1.90E-05,0,0,,0.17999,240.18,114,0
1.04E-08,3.47E-05,-1.90E-05,0,0,,0.2,240.2,114,0
1.08E-08,3.47E-05,-1.90E-05,0,0,,0.22,240.22,114,0
1.11E-08,3.47E-05,-1.90E-05,0,0,,0.24001,240.24,114,0
1.15E-08,3.47E-05,-1.90E-05,0,0,,0.25999,240.26,114,0
1.19E-08,3.47E-05,-1.90E-05,0,0,,0.28,240.28,114,0
1.22E-08,3.47E-05,-1.90E-05,0,0,,0.3,240.3,114,0
1.26E-08,3.47E-05,-1.90E-05,0,0,,0.32001,240.32,114,0
1.30E-08,3.47E-05,-1.90E-05,0,0,,0.34,240.34,114,0
1.33E-08,3.47E-05,-1.90E-05,0,0,,0.36,240.36,114,0
1.37E-08,3.47E-05,-1.90E-05,0,0,,0.38,240.38,114,0
1.40E-08,3.48E-05,-1.90E-05,0,0,,0.39999,240.4,114,0
1.44E-08,3.48E-05,-1.90E-05,0,0,,0.42,240.42,114,0
1.48E-08,3.48E-05,-1.90E-05,0,0,,0.44,240.44,114,0
1.51E-08,3.48E-05,-1.90E-05,0,0,,0.46001,240.46,114,0
1.55E-08,3.48E-05,-1.90E-05,0,0,,0.48,240.48,114,0
1.58E-08,3.48E-05,-1.90E-05,0,0,,0.5,240.5,114,0
1.62E-08,3.48E-05,-1.90E-05,0,0,,0.52,240.52,114,0
1.66E-08,3.48E-05,-1.90E-05,0,0,,0.53999,240.54,114,0
1.69E-08,3.48E-05,-1.90E-05,0,0,,0.56,240.56,114,0
1.73E-08,3.48E-05,-1.90E-05,0,0,,0.58,240.58,114,0
1.77E-08,3.48E-05,-1.90E-05,0,0,,0.60001,240.6,114,0
1.80E-08,3.48E-05,-1.90E-05,0,0,,0.62,240.62,114,0
1.84E-08,3.48E-05,-1.90E-05,0,0,,0.64,240.64,114,0
1.87E-08,3.48E-05,-1.90E-05,0,0,,0.66,240.66,114,0
1.91E-08,3.48E-05,-1.90E-05,0,0,,0.67999,240.68,114,0
1.95E-08,3.48E-05,-1.90E-05,0,0,,0.7,240.7,114,0
1.98E-08,3.48E-05,-1.90E-05,0,0,,0.72,240.72,114,0
2.14E-08,3.48E-05,-1.90E-05,0,0,,0.74001,240.74,114,0
2.37E-08,3.48E-05,-1.90E-05,0,0,,0.75999,240.76,114,0
2.60E-08,3.48E-05,-1.90E-05,0,0,,0.78,240.78,114,0
2.83E-08,3.48E-05,-1.90E-05,0,0,,0.8,240.8,114,0
3.06E-08,3.48E-05,-1.90E-05,0,0,,0.82001,240.82,114,0
3.29E-08,3.48E-05,-1.90E-05,0,0,,0.84,240.84,114,0
3.52E-08,3.48E-05,-1.90E-05,0,0,,0.86,240.86,114,0
3.75E-08,3.48E-05,-1.90E-05,0,0,,0.88,240.88,114,0
3.98E-08,3.48E-05,-1.90E-05,0,0,,0.89999,240.9,114,0
4.21E-08,3.48E-05,-1.90E-05,0,0,,0.92,240.92,114,0
4.44E-08,3.48E-05,-1.90E-05,0,0,,0.94,240.94,114,0
4.67E-08,3.48E-05,-1.90E-05,0,0,,0.96001,240.96,114,0
4.90E-08,3.49E-05,-1.90E-05,0,0,,0.98,240.98,114,0
5.13E-08,3.49E-05,-1.90E-05,0,0,,1,241,114,0
5.36E-08,3.49E-05,-1.90E-05,0,0,,1.02,241.02,114,0
5.59E-08,3.49E-05,-1.90E-05,0,0,,1.04,241.04,114,0
5.83E-08,3.49E-05,-1.90E-05,0,0,,1.06,241.06,114,0
6.06E-08,3.49E-05,-1.90E-05,0,0,,1.08,241.08,114,0
6.29E-08,3.49E-05,-1.91E-05,0,0,,1.1,241.1,114,0
6.52E-08,3.49E-05,-1.91E-05,0,0,,1.12,241.12,114,0
6.75E-08,3.49E-05,-1.91E-05,0,0,,1.14,241.14,114,0
6.98E-08,3.49E-05,-1.91E-05,0,0,,1.16,241.16,114,0
7.21E-08,3.49E-05,-1.91E-05,0,0,,1.18,241.18,114,0
7.44E-08,3.49E-05,-1.91E-05,0,0,,1.2,241.2,114,0
7.67E-08,3.49E-05,-1.91E-05,0,0,,1.22,241.22,114,0
7.90E-08,3.49E-05,-1.91E-05,0,0,,1.24,241.24,114,0
8.13E-08,3.49E-05,-1.91E-05,0,0,,1.26,241.26,114,0
8.36E-08,3.49E-05,-1.91E-05,0,0,,1.28,241.28,114,0
8.59E-08,3.49E-05,-1.91E-05,0,0,,1.3,241.3,114,0
8.82E-08,3.49E-05,-1.91E-05,0,0,,1.32,241.32,114,0
9.05E-08,3.49E-05,-1.91E-05,0,0,,1.34,241.34,114,0
9.28E-08,3.49E-05,-1.91E-05,0,0,,1.36,241.36,114,0
9.51E-08,3.49E-05,-1.91E-05,0,0,,1.38,241.38,114,0
9.74E-08,3.49E-05,-1.91E-05,0,0,,1.4,241.4,114,0
9.98E-08,3.49E-05,-1.91E-05,0,0,,1.42,241.42,114,0
1.02E-07,3.49E-05,-1.91E-05,0,0,,1.44,241.44,114,0
1.04E-07,3.49E-05,-1.91E-05,0,0,,1.46,241.46,114,0
1.06E-07,3.49E-05,-1.91E-05,0,0,,1.48,241.48,114,0
1.08E-07,3.49E-05,-1.91E-05,0,0,,1.5,241.5,114,0
1.11E-07,3.49E-05,-1.91E-05,0,0,,1.52,241.52,114,0
1.13E-07,3.49E-05,-1.91E-05,0,0,,1.54,241.54,114,0
1.15E-07,3.49E-05,-1.91E-05,0,0,,1.56,241.56,114,0
1.17E-07,3.50E-05,-1.91E-05,0,0,,1.58,241.58,114,0
1.19E-07,3.50E-05,-1.91E-05,0,0,,1.6,241.6,114,0
1.21E-07,3.50E-05,-1.91E-05,0,0,,1.62,241.62,114,0
1.24E-07,3.50E-05,-1.91E-05,0,0,,1.64,241.64,114,0
1.26E-07,3.50E-05,-1.91E-05,0,0,,1.66,241.66,114,0
1.28E-07,3.50E-05,-1.91E-05,0,0,,1.68,241.68,114,0
1.30E-07,3.50E-05,-1.91E-05,0,0,,1.7,241.7,114,0
1.32E-07,3.50E-05,-1.91E-05,0,0,,1.72,241.72,114,0
1.41E-07,3.50E-05,-1.91E-05,0,0,,1.74,241.74,114,0
1.54E-07,3.50E-05,-1.91E-05,0,0,,1.76,241.76,114,0
1.67E-07,3.50E-05,-1.91E-05,0,0,,1.78,241.78,114,0
1.81E-07,3.50E-05,-1.91E-05,0,0,,1.8,241.8,114,0
1.94E-07,3.50E-05,-1.91E-05,0,0,,1.82,241.82,114,0
2.07E-07,3.50E-05,-1.91E-05,0,0,,1.84,241.84,114,0
2.20E-07,3.50E-05,-1.91E-05,0,0,,1.86,241.86,114,0
2.33E-07,3.50E-05,-1.91E-05,0,0,,1.88,241.88,114,0
2.46E-07,3.50E-05,-1.91E-05,0,0,,1.9,241.9,114,0
2.59E-07,3.50E-05,-1.91E-05,0,0,,1.92,241.92,114,0
2.72E-07,3.50E-05,-1.91E-05,0,0,,1.94,241.94,114,0
2.85E-07,3.50E-05,-1.91E-05,0,0,,1.96,241.96,114,0
2.98E-07,3.50E-05,-1.91E-05,0,0,,1.98,241.98,114,0
3.11E-07,3.50E-05,-1.91E-05,0,0,,2,242,114,0
3.25E-07,3.50E-05,-1.91E-05,0,0,,2.02,242.02,114,0
3.38E-07,3.50E-05,-1.91E-05,0,0,,2.04,242.04,114,0
3.52E-07,3.50E-05,-1.91E-05,0,0,,2.06,242.06,114,0
3.65E-07,3.50E-05,-1.91E-05,0,0,,2.08,242.08,114,0
3.78E-07,3.50E-05,-1.91E-05,0,0,,2.1,242.1,114,0
3.92E-07,3.50E-05,-1.91E-05,0,0,,2.12,242.12,114,0
4.05E-07,3.50E-05,-1.91E-05,0,0,,2.14,242.14,114,0
4.19E-07,3.50E-05,-1.91E-05,0,0,,2.16,242.16,114,0
4.32E-07,3.51E-05,-1.91E-05,0,0,,2.18,242.18,114,0
4.46E-07,3.51E-05,-1.91E-05,0,0,,2.2,242.2,114,0
4.59E-07,3.51E-05,-1.91E-05,0,0,,2.22,242.22,114,0
4.73E-07,3.51E-05,-1.91E-05,0,0,,2.24,242.24,114,0
4.86E-07,3.51E-05,-1.91E-05,0,0,,2.26,242.26,114,0
4.99E-07,3.51E-05,-1.91E-05,0,0,,2.28,242.28,114,0
5.13E-07,3.51E-05,-1.91E-05,0,0,,2.3,242.3,114,0
5.26E-07,3.51E-05,-1.91E-05,0,0,,2.32,242.32,114,0
5.40E-07,3.51E-05,-1.91E-05,0,0,,2.34,242.34,114,0
5.53E-07,3.51E-05,-1.91E-05,0,0,,2.36,242.36,114,0
5.67E-07,3.51E-05,-1.91E-05,0,0,,2.38,242.38,114,0
5.80E-07,3.51E-05,-1.91E-05,0,0,,2.4,242.4,114,0
5.94E-07,3.51E-05,-1.91E-05,0,0,,2.42,242.42,114,0
6.07E-07,3.51E-05,-1.91E-05,0,0,,2.44,242.44,114,0
6.20E-07,3.51E-05,-1.91E-05,0,0,,2.46,242.46,114,0
6.34E-07,3.51E-05,-1.91E-05,0,0,,2.48,242.48,114,0
6.47E-07,3.51E-05,-1.91E-05,0,0,,2.5,242.5,114,0
6.61E-07,3.51E-05,-1.91E-05,0,0,,2.52,242.52,114,0
6.74E-07,3.51E-05,-1.91E-05,0,0,,2.54,242.54,114,0
6.88E-07,3.51E-05,-1.91E-05,0,0,,2.56,242.56,114,0
7.01E-07,3.51E-05,-1.91E-05,0,0,,2.58,242.58,114,0
7.14E-07,3.51E-05,-1.91E-05,0,0,,2.6,242.6,114,0
7.28E-07,3.51E-05,-1.91E-05,0,0,,2.62,242.62,114,0
7.41E-07,3.51E-05,-1.91E-05,0,0,,2.64,242.64,114,0
7.55E-07,3.51E-05,-1.91E-05,0,0,,2.66,242.66,114,0
8.12E-07,3.51E-05,-1.91E-05,0,0,,2.68,242.68,114,0
8.90E-07,3.51E-05,-1.91E-05,0,0,,2.7,242.7,114,0
9.68E-07,3.51E-05,-1.91E-05,0,0,,2.72,242.72,114,0
1.05E-06,3.51E-05,-1.91E-05,0,0,,2.74,242.74,114,0
1.12E-06,3.52E-05,-1.91E-05,0,0,,2.76,242.76,114,0
1.20E-06,3.52E-05,-1.91E-05,0,0,,2.78,242.78,114,0
1.28E-06,3.52E-05,-1.91E-05,0,0,,2.8,242.8,114,0
1.36E-06,3.52E-05,-1.91E-05,0,0,,2.82,242.82,114,0
1.44E-06,3.52E-05,-1.91E-05,0,0,,2.84,242.84,114,0
1.52E-06,3.52E-05,-1.91E-05,0,0,,2.86,242.86,114,0
1.59E-06,3.52E-05,-1.91E-05,0,0,,2.88,242.88,114,0
1.67E-06,3.52E-05,-1.91E-05,0,0,,2.9,242.9,114,0
1.75E-06,3.52E-05,-1.91E-05,0,0,,2.92,242.92,114,0
1.83E-06,3.52E-05,-1.91E-05,0,0,,2.94,242.94,114,0
1.91E-06,3.52E-05,-1.91E-05,0,0,,2.96,242.96,114,0
1.99E-06,3.52E-05,-1.91E-05,0,0,,2.98,242.98,114,0
2.06E-06,3.52E-05,-1.91E-05,0,0,,3,243,114,0
2.14E-06,3.52E-05,-1.91E-05,0,0,,3.02,243.02,114,0
2.22E-06,3.52E-05,-1.91E-05,0,0,,3.04,243.04,114,0
2.30E-06,3.52E-05,-1.91E-05,0,0,,3.06,243.06,114,0
2.38E-06,3.52E-05,-1.91E-05,0,0,,3.08,243.08,114,0
2.46E-06,3.52E-05,-1.91E-05,0,0,,3.1,243.1,114,0
2.53E-06,3.52E-05,-1.91E-05,0,0,,3.12,243.12,114,0
2.61E-06,3.52E-05,-1.91E-05,0,0,,3.14,243.14,114,0
2.69E-06,3.52E-05,-1.91E-05,0,0,,3.16,243.16,114,0
2.77E-06,3.52E-05,-1.91E-05,0,0,,3.18,243.18,114,0
2.85E-06,3.52E-05,-1.91E-05,0,0,,3.2,243.2,114,0
2.93E-06,3.52E-05,-1.92E-05,0,0,,3.22,243.22,114,0
3.00E-06,3.52E-05,-1.92E-05,0,0,,3.24,243.24,114,0
3.08E-06,3.52E-05,-1.92E-05,0,0,,3.26,243.26,114,0
3.16E-06,3.52E-05,-1.92E-05,0,0,,3.28,243.28,114,0
3.24E-06,3.52E-05,-1.92E-05,0,0,,3.3,243.3,114,0
3.32E-06,3.53E-05,-1.92E-05,0,0,,3.32,243.32,114,0
3.39E-06,3.53E-05,-1.92E-05,0,0,,3.34,243.34,114,0
3.47E-06,3.53E-05,-1.92E-05,0,0,,3.36,243.36,114,0
3.55E-06,3.53E-05,-1.92E-05,0,0,,3.38,243.38,114,0
3.63E-06,3.53E-05,-1.92E-05,0,0,,3.4,243.4,114,0
3.70E-06,3.53E-05,-1.92E-05,0,0,,3.42,243.42,114,0
3.77E-06,3.53E-05,-1.92E-05,0,0,,3.44,243.44,114,0
3.84E-06,3.53E-05,-1.92E-05,0,0,,3.46,243.46,114,0
3.91E-06,3.53E-05,-1.92E-05,0,0,,3.48,243.48,114,0
3.98E-06,3.53E-05,-1.92E-05,0,0,,3.5,243.5,114,0
4.05E-06,3.53E-05,-1.92E-05,0,0,,3.52,243.52,114,0
4.12E-06,3.53E-05,-1.92E-05,0,0,,3.54,243.54,114,0
4.19E-06,3.53E-05,-1.92E-05,0,0,,3.56,243.56,114,0
4.26E-06,3.53E-05,-1.92E-05,0,0,,3.58,243.58,114,0
4.47E-06,3.53E-05,-1.92E-05,0,0,,3.6,243.6,114,0
4.87E-06,3.53E-05,-1.92E-05,0,0,,3.62,243.62,114,0
5.27E-06,3.53E-05,-1.92E-05,0,0,,3.64,243.64,114,0
5.68E-06,3.53E-05,-1.92E-05,0,0,,3.66,243.66,114,0
6.08E-06,3.53E-05,-1.92E-05,0,0,,3.68,243.68,114,0
6.49E-06,3.53E-05,-1.92E-05,0,0,,3.7,243.7,114,0
6.89E-06,3.53E-05,-1.92E-05,0,0,,3.72,243.72,114,0
7.29E-06,3.53E-05,-1.92E-05,0,0,,3.74,243.74,114,0
7.70E-06,3.53E-05,-1.92E-05,0,0,,3.76,243.76,114,0
8.10E-06,3.53E-05,-1.92E-05,0,0,,3.78,243.78,114,0
8.54E-06,3.53E-05,-1.92E-05,0,0,,3.8,243.8,114,0
8.98E-06,3.53E-05,-1.92E-05,0,0,,3.82,243.82,114,0
9.41E-06,3.53E-05,-1.92E-05,0,0,,3.84,243.84,114,0
9.85E-06,3.53E-05,-1.92E-05,0,0,,3.86,243.86,114,0
1.03E-05,3.53E-05,-1.92E-05,0,0,,3.88,243.88,114,0
1.07E-05,3.53E-05,-1.92E-05,0,0,,3.9,243.9,114,0
1.12E-05,3.54E-05,-1.92E-05,0,0,,3.92,243.92,114,0
1.16E-05,3.54E-05,-1.92E-05,0,0,,3.94,243.94,114,0
1.20E-05,3.54E-05,-1.92E-05,0,0,,3.96,243.96,114,0
1.25E-05,3.54E-05,-1.92E-05,0,0,,3.98,243.98,114,0
1.29E-05,3.54E-05,-1.92E-05,0,0,,4,244,114,0
1.34E-05,3.54E-05,-1.92E-05,0,0,,4.02,244.02,114,0
1.38E-05,3.54E-05,-1.92E-05,0,0,,4.04,244.04,114,0
1.42E-05,3.54E-05,-1.92E-05,0,0,,4.06,244.06,114,0
1.47E-05,3.54E-05,-1.92E-05,0,0,,4.08,244.08,114,0
1.51E-05,3.54E-05,-1.92E-05,0,0,,4.1,244.1,114,0
1.56E-05,3.54E-05,-1.92E-05,0,0,,4.12,244.12,114,0
1.60E-05,3.54E-05,-1.92E-05,0,0,,4.14,244.14,114,0
1.64E-05,3.54E-05,-1.92E-05,0,0,,4.16,244.16,114,0
1.69E-05,3.54E-05,-1.92E-05,0,0,,4.18,244.18,114,0
1.73E-05,3.54E-05,-1.92E-05,0,0,,4.2,244.2,114,0
1.77E-05,3.54E-05,-1.92E-05,0,0,,4.22,244.22,114,0
1.82E-05,3.54E-05,-1.92E-05,0,0,,4.24,244.24,114,0
1.86E-05,3.54E-05,-1.92E-05,0,0,,4.26,244.26,114,0
1.91E-05,3.54E-05,-1.92E-05,0,0,,4.28,244.28,114,0
1.95E-05,3.54E-05,-1.92E-05,0,0,,4.3,244.3,114,0
1.99E-05,3.54E-05,-1.92E-05,0,0,,4.32,244.32,114,0
2.04E-05,3.54E-05,-1.92E-05,0,0,,4.34,244.34,114,0
2.08E-05,3.54E-05,-1.92E-05,0,0,,4.36,244.36,114,0
2.13E-05,3.54E-05,-1.92E-05,0,0,,4.38,244.38,114,0
2.17E-05,3.54E-05,-1.92E-05,0,0,,4.4,244.4,114,0
2.21E-05,3.54E-05,-1.92E-05,0,0,,4.42,244.42,114,0
2.26E-05,3.54E-05,-1.92E-05,0,0,,4.44,244.44,114,0
2.30E-05,3.54E-05,-1.92E-05,0,0,,4.46,244.46,114,0
2.34E-05,3.55E-05,-1.92E-05,0,0,,4.48,244.48,114,0
2.39E-05,3.55E-05,-1.92E-05,0,0,,4.5,244.5,114,0
2.43E-05,3.55E-05,-1.92E-05,0,0,,4.52,244.52,114,0
2.66E-05,3.55E-05,-1.92E-05,0,0,,4.54,244.54,114,0
2.92E-05,3.55E-05,-1.92E-05,0,0,,4.56,244.56,114,0
3.18E-05,3.55E-05,-1.92E-05,0,0,,4.58,244.58,114,0
3.44E-05,3.55E-05,-1.92E-05,0,0,,4.6,244.6,114,0
3.71E-05,3.55E-05,-1.92E-05,0,0,,4.62,244.62,114,0
3.97E-05,3.55E-05,-1.92E-05,0,0,,4.64,244.64,114,0
4.23E-05,3.55E-05,-1.92E-05,0,0,,4.66,244.66,114,0
4.49E-05,3.55E-05,-1.92E-05,0,0,,4.68,244.68,114,0
4.75E-05,3.55E-05,-1.92E-05,0,0,,4.7,244.7,114,0
5.02E-05,3.55E-05,-1.92E-05,0,0,,4.72,244.72,114,0
5.28E-05,3.55E-05,-1.92E-05,0,0,,4.74,244.74,114,0
5.54E-05,3.55E-05,-1.92E-05,0,0,,4.76,244.76,114,0
5.80E-05,3.55E-05,-1.92E-05,0,0,,4.78,244.78,114,0
6.06E-05,3.55E-05,-1.92E-05,0,0,,4.8,244.8,114,0
6.33E-05,3.55E-05,-1.92E-05,0,0,,4.82,244.82,114,0
6.59E-05,3.55E-05,-1.92E-05,0,0,,4.84,244.84,114,0
6.85E-05,3.55E-05,-1.92E-05,0,0,,4.86,244.86,114,0
7.11E-05,3.55E-05,-1.92E-05,0,0,,4.88,244.88,114,0
7.37E-05,3.55E-05,-1.92E-05,0,0,,4.9,244.9,114,0
7.64E-05,3.55E-05,-1.92E-05,0,0,,4.92,244.92,114,0
7.90E-05,3.55E-05,-1.92E-05,0,0,,4.94,244.94,114,0
8.16E-05,3.55E-05,-1.92E-05,0,0,,4.96,244.96,114,0
8.42E-05,3.55E-05,-1.92E-05,0,0,,4.98,244.98,114,0
8.68E-05,3.55E-05,-1.92E-05,0,0,,5,245,114,0
8.95E-05,3.56E-05,-1.92E-05,0,0,,5.02,245.02,114,0
9.21E-05,3.56E-05,-1.92E-05,0,0,,5.04,245.04,114,0
9.47E-05,3.56E-05,-1.92E-05,0,0,,5.06,245.06,114,0
9.73E-05,3.56E-05,-1.92E-05,0,0,,5.08,245.08,114,0
9.99E-05,3.56E-05,-1.92E-05,0,0,,5.1,245.1,114,0
0.00010256,3.56E-05,-1.92E-05,0,0,,5.12,245.12,114,0
0.00010518,3.56E-05,-1.92E-05,0,0,,5.14,245.14,114,0
0.0001078,3.56E-05,-1.92E-05,0,0,,5.16,245.16,114,0
0.00011041,3.56E-05,-1.92E-05,0,0,,5.18,245.18,114,0
0.00011303,3.56E-05,-1.92E-05,0,0,,5.2,245.2,114,0
0.00011566,3.56E-05,-1.92E-05,0,0,,5.22,245.22,114,0
0.00011828,3.56E-05,-1.92E-05,0,0,,5.24,245.24,114,0
0.00012069,3.56E-05,-1.92E-05,0,0,,5.26,245.26,114,0
0.00012289,3.56E-05,-1.92E-05,0,0,,5.28,245.28,114,0
0.00012509,3.56E-05,-1.92E-05,0,0,,5.3,245.3,114,0
0.00012728,3.56E-05,-1.92E-05,0,0,,5.32,245.32,114,0
0.00012948,3.56E-05,-1.92E-05,0,0,,5.34,245.34,114,0
0.00013168,3.56E-05,-1.92E-05,0,0,,5.36,245.36,114,0
0.00013388,3.56E-05,-1.92E-05,0,0,,5.38,245.38,114,0
0.00013607,3.56E-05,-1.92E-05,0,0,,5.4,245.4,114,0
0.00013827,3.56E-05,-1.92E-05,0,0,,5.42,245.42,114,0
0.00014144,3.56E-05,-1.92E-05,0,0,,5.44,245.44,114,0
0.0001548,3.56E-05,-1.92E-05,0,0,,5.46,245.46,114,0
0.00016815,3.56E-05,-1.92E-05,0,0,,5.48,245.48,114,0
0.00018151,3.56E-05,-1.92E-05,0,0,,5.5,245.5,114,0
0.00019486,3.56E-05,-1.92E-05,0,0,,5.52,245.52,114,0
0.00020821,3.56E-05,-1.92E-05,0,0,,5.54,245.54,114,0
0.00022157,3.57E-05,-1.92E-05,0,0,,5.56,245.56,114,0
0.00023493,3.57E-05,-1.92E-05,0,0,,5.58,245.58,114,0
0.00024829,3.57E-05,-1.92E-05,0,0,,5.6,245.6,114,0
0.00026197,3.57E-05,-1.92E-05,0,0,,5.62,245.62,114,0
0.00027677,3.57E-05,-1.92E-05,0,0,,5.64,245.64,114,0
0.00029158,3.57E-05,-1.92E-05,0,0,,5.66,245.66,114,0
0.00030638,3.57E-05,-1.92E-05,0,0,,5.68,245.68,114,0
0.00032119,3.57E-05,-1.92E-05,0,0,,5.7,245.7,114,0
0.000336,3.57E-05,-1.92E-05,0,0,,5.72,245.72,114,0
0.00035081,3.57E-05,-1.92E-05,0,0,,5.74,245.74,114,0
0.00036561,3.57E-05,-1.92E-05,0,0,,5.76,245.76,114,0
0.00038042,3.57E-05,-1.92E-05,0,0,,5.78,245.78,114,0
0.00039523,3.57E-05,-1.92E-05,0,0,,5.8,245.8,114,0
0.00041004,3.57E-05,-1.92E-05,0,0,,5.82,245.82,114,0
0.00042484,3.57E-05,-1.92E-05,0,0,,5.84,245.84,114,0
0.00043964,3.57E-05,-1.92E-05,0,0,,5.86,245.86,114,0
0.00045445,3.57E-05,-1.92E-05,0,0,,5.88,245.88,114,0
0.00046925,3.57E-05,-1.92E-05,0,0,,5.9,245.9,114,0
0.00048406,3.57E-05,-1.92E-05,0,0,,5.92,245.92,114,0
0.00049887,3.57E-05,-1.92E-05,0,0,,5.94,245.94,114,0
0.00051368,3.57E-05,-1.92E-05,0,0,,5.96,245.96,114,0
0.00052848,3.57E-05,-1.92E-05,0,0,,5.98,245.98,114,0
0.00054329,3.57E-05,-1.92E-05,0,0,,6,246,114,0
0.0005581,3.57E-05,-1.92E-05,0,0,,6.02,246.02,114,0
0.0005729,3.57E-05,-1.92E-05,0,0,,6.04,246.04,114,0
0.00058771,3.57E-05,-1.92E-05,0,0,,6.06,246.06,114,0
0.00060251,3.57E-05,-1.92E-05,0,0,,6.08,246.08,114,0
0.00061732,3.58E-05,-1.92E-05,0,0,,6.1,246.1,114,0
0.00063212,3.58E-05,-1.91E-05,0,0,,6.12,246.12,114,0
0.00064693,3.58E-05,-1.91E-05,0,0,,6.14,246.14,114,0
0.00066174,3.58E-05,-1.91E-05,0,0,,6.16,246.16,114,0
0.00067654,3.58E-05,-1.91E-05,0,0,,6.18,246.18,114,0
0.00069135,3.58E-05,-1.91E-05,0,0,,6.2,246.2,114,0
0.00070616,3.58E-05,-1.91E-05,0,0,,6.22,246.22,114,0
0.00072097,3.58E-05,-1.91E-05,0,0,,6.24,246.24,114,0
0.00073577,3.58E-05,-1.91E-05,0,0,,6.26,246.26,114,0
0.00075057,3.58E-05,-1.91E-05,0,0,,6.28,246.28,114,0
0.00076538,3.58E-05,-1.91E-05,0,0,,6.3,246.3,114,0
0.00078019,3.58E-05,-1.91E-05,0,0,,6.32,246.32,114,0
0.00079499,3.58E-05,-1.91E-05,0,0,,6.34,246.34,114,0
0.0008098,3.58E-05,-1.91E-05,0,0,,6.36,246.36,114,0
0.00082461,3.58E-05,-1.91E-05,0,0,,6.38,246.38,114,0
0.00089715,3.58E-05,-1.91E-05,0,0,,6.4,246.4,114,0
0.00098716,3.58E-05,-1.91E-05,0,0,,6.42,246.42,114,0
0.0010772,3.58E-05,-1.91E-05,0,0,,6.44,246.44,114,0
0.0011672,3.58E-05,-1.91E-05,0,0,,6.46,246.46,114,0
0.0012571,3.58E-05,-1.91E-05,0,0,,6.48,246.48,114,0
0.0013471,3.58E-05,-1.91E-05,0,0,,6.5,246.5,114,0
0.0014371,3.58E-05,-1.91E-05,0,0,,6.52,246.52,114,0
0.0015271,3.58E-05,-1.91E-05,0,0,,6.54,246.54,114,0
0.0016171,3.58E-05,-1.91E-05,0,0,,6.56,246.56,114,0
0.0017071,3.58E-05,-1.91E-05,0,0,,6.58,246.58,114,0
0.0017971,3.59E-05,-1.91E-05,0,0,,6.6,246.6,114,0
0.0018871,3.59E-05,-1.91E-05,0,0,,6.62,246.62,114,0
0.0019771,3.59E-05,-1.91E-05,0,0,,6.64,246.64,114,0
0.0020671,3.59E-05,-1.91E-05,0,0,,6.66,246.66,114,0
0.002157,3.59E-05,-1.91E-05,0,0,,6.68,246.68,114,0
0.002247,3.59E-05,-1.91E-05,0,0,,6.7,246.7,114,0
0.002337,3.59E-05,-1.91E-05,0,0,,6.72,246.72,114,0
0.0024271,3.59E-05,-1.91E-05,0,0,,6.74,246.74,114,0
0.002517,3.59E-05,-1.91E-05,0,0,,6.76,246.76,114,0
0.002607,3.59E-05,-1.91E-05,0,0,,6.78,246.78,114,0
0.002697,3.59E-05,-1.91E-05,0,0,,6.8,246.8,114,0
0.002787,3.59E-05,-1.91E-05,0,0,,6.82,246.82,114,0
0.002877,3.59E-05,-1.91E-05,0,0,,6.84,246.84,114,0
0.002967,3.59E-05,-1.91E-05,0,0,,6.86,246.86,114,0
0.003057,3.59E-05,-1.91E-05,0,0,,6.88,246.88,114,0
0.0031469,3.59E-05,-1.91E-05,0,0,,6.9,246.9,114,0
0.0032369,3.59E-05,-1.91E-05,0,0,,6.92,246.92,114,0
0.003327,3.59E-05,-1.91E-05,0,0,,6.94,246.94,114,0
0.003417,3.59E-05,-1.91E-05,0,0,,6.96,246.96,114,0
0.0035069,3.59E-05,-1.91E-05,0,0,,6.98,246.98,114,0
0.0035969,3.59E-05,-1.91E-05,0,0,,7,247,114,0
0.0036869,3.59E-05,-1.91E-05,0,0,,7.02,247.02,114,0
0.0037769,3.59E-05,-1.91E-05,0,0,,7.04,247.04,114,0
0.0038669,3.59E-05,-1.91E-05,0,0,,7.06,247.06,114,0
0.0039569,3.60E-05,-1.91E-05,0,0,,7.08,247.08,114,0
0.0040469,3.60E-05,-1.91E-05,0,0,,7.1,247.1,114,0
0.0041368,3.60E-05,-1.91E-05,0,0,,7.12,247.12,114,0
0.0042269,3.60E-05,-1.91E-05,0,0,,7.14,247.14,114,0
0.0043169,3.60E-05,-1.91E-05,0,0,,7.16,247.16,114,0
0.0044068,3.60E-05,-1.91E-05,0,0,,7.18,247.18,114,0
0.0044968,3.60E-05,-1.91E-05,0,0,,7.2,247.2,114,0
0.0045868,3.60E-05,-1.91E-05,0,0,,7.22,247.22,114,0
0.0046768,3.60E-05,-1.91E-05,0,0,,7.24,247.24,114,0
0.0047668,3.60E-05,-1.91E-05,0,0,,7.26,247.26,114,0
0.0048779,3.60E-05,-1.91E-05,0,0,,7.28,247.28,114,0
0.0051832,3.60E-05,-1.91E-05,0,0,,7.3,247.3,114,0
0.0054639,3.60E-05,-1.91E-05,0,0,,7.32,247.32,114,0
0.0057281,3.60E-05,-1.91E-05,0,0,,7.34,247.34,114,0
0.0059925,3.60E-05,-1.91E-05,0,0,,7.36,247.36,114,0
0.0062568,3.60E-05,-1.91E-05,0,0,,7.38,247.38,114,0
0.006521,3.60E-05,-1.91E-05,0,0,,7.4,247.4,114,0
0.0067853,3.60E-05,-1.91E-05,0,0,,7.42,247.42,114,0
0.0070497,3.60E-05,-1.91E-05,0,0,,7.44,247.44,114,0
0.007314,3.60E-05,-1.91E-05,0,0,,7.46,247.46,114,0
0.0075782,3.60E-05,-1.91E-05,0,0,,7.48,247.48,114,0
0.0078426,3.60E-05,-1.91E-05,0,0,,7.5,247.5,114,0
0.0081069,3.60E-05,-1.91E-05,0,0,,7.52,247.52,114,0
0.0083711,3.60E-05,-1.91E-05,0,0,,7.54,247.54,114,0
0.0086354,3.61E-05,-1.91E-05,0,0,,7.56,247.56,114,0
0.0088998,3.61E-05,-1.91E-05,0,0,,7.58,247.58,114,0
0.0091641,3.61E-05,-1.91E-05,0,0,,7.6,247.6,114,0
0.0094283,3.61E-05,-1.90E-05,0,0,,7.62,247.62,114,0
0.0096927,3.61E-05,-1.90E-05,0,0,,7.64,247.64,114,0
0.009957,3.61E-05,-1.90E-05,0,0,,7.66,247.66,114,0
0.010221,3.61E-05,-1.90E-05,0,0,,7.68,247.68,114,0
0.010486,3.61E-05,-1.90E-05,0,0,,7.7,247.7,114,0
0.01075,3.61E-05,-1.90E-05,0,0,,7.72,247.72,114,0
0.011087,3.61E-05,-1.90E-05,0,0,,7.74,247.74,114,0
0.011501,3.61E-05,-1.90E-05,0,0,,7.76,247.76,114,0
0.011916,3.61E-05,-1.90E-05,0,0,,7.78,247.78,114,0
0.012331,3.61E-05,-1.90E-05,0,0,,7.8,247.8,114,0
0.012745,3.61E-05,-1.90E-05,0,0,,7.82,247.82,114,0
0.013201,3.61E-05,-1.90E-05,0,0,,7.84,247.84,114,0
0.013773,3.61E-05,-1.90E-05,0,0,,7.86,247.86,114,0
0.014345,3.61E-05,-1.90E-05,0,0,,7.88,247.88,114,0
0.014916,3.61E-05,-1.90E-05,0,0,,7.9,247.9,114,0
0.015488,3.61E-05,-1.90E-05,0,0,,7.92,247.92,114,0
0.01606,3.61E-05,-1.90E-05,0,0,,7.94,247.94,114,0
0.016632,3.61E-05,-1.90E-05,0,0,,7.96,247.96,114,0
0.017204,3.61E-05,-1.90E-05,0,0,,7.98,247.98,114,0
0.017776,3.61E-05,-1.90E-05,0,0,,8,248,114,0
0.018348,3.61E-05,-1.90E-05,0,0,,8.02,248.02,114,0
0.018919,3.61E-05,-1.90E-05,0,0,,8.04,248.04,114,0
0.019491,3.62E-05,-1.90E-05,0,0,,8.06,248.06,114,0
0.020063,3.62E-05,-1.90E-05,0,0,,8.08,248.08,114,0
0.020635,3.62E-05,-1.90E-05,0,0,,8.1,248.1,114,0
0.021207,3.62E-05,-1.90E-05,0,0,,8.12,248.12,114,0
0.021779,3.62E-05,-1.90E-05,0,0,,8.14,248.14,114,0
0.022351,3.62E-05,-1.90E-05,0,0,,8.16,248.16,114,0
0.022922,3.62E-05,-1.90E-05,0,0,,8.18,248.18,114,0
0.023893,3.62E-05,-1.90E-05,0,0,,8.2,248.2,114,0
0.024913,3.62E-05,-1.90E-05,0,0,,8.22,248.22,114,0
0.025933,3.62E-05,-1.90E-05,0,0,,8.24,248.24,114,0
0.026952,3.62E-05,-1.90E-05,0,0,,8.26,248.26,114,0
0.027972,3.62E-05,-1.90E-05,0,0,,8.28,248.28,114,0
0.028992,3.62E-05,-1.90E-05,0,0,,8.3,248.3,114,0
0.030011,3.62E-05,-1.90E-05,0,0,,8.32,248.32,114,0
0.03103,3.62E-05,-1.90E-05,0,0,,8.34,248.34,114,0
0.03205,3.62E-05,-1.90E-05,0,0,,8.36,248.36,114,0
0.03307,3.62E-05,-1.90E-05,0,0,,8.38,248.38,114,0
0.034426,3.62E-05,-1.90E-05,0,0,,8.4,248.4,114,0
0.035789,3.62E-05,-1.90E-05,0,0,,8.42,248.42,114,0
0.037152,3.62E-05,-1.90E-05,0,0,,8.44,248.44,114,0
0.038515,3.62E-05,-1.90E-05,0,0,,8.46,248.46,114,0
0.039877,3.62E-05,-1.90E-05,0,0,,8.48,248.48,114,0
0.04124,3.62E-05,-1.90E-05,0,0,,8.5,248.5,114,0
0.042603,3.62E-05,-1.90E-05,0,0,,8.52,248.52,114,0
0.043965,3.63E-05,-1.90E-05,0,0,,8.54,248.54,114,0
0.045328,3.63E-05,-1.90E-05,0,0,,8.56,248.56,114,0
0.046691,3.63E-05,-1.90E-05,0,0,,8.58,248.58,114,0
0.048054,3.63E-05,-1.90E-05,0,0,,8.6,248.6,114,0
0.04951,3.63E-05,-1.90E-05,0,0,,8.62,248.62,114,0
0.05149,3.63E-05,-1.90E-05,0,0,,8.64,248.64,114,0
0.054134,3.63E-05,-1.90E-05,0,0,,8.66,248.66,114,0
0.056597,3.63E-05,-1.90E-05,0,0,,8.68,248.68,114,0
0.058848,3.63E-05,-1.90E-05,0,0,,8.7,248.7,114,0
0.061099,3.63E-05,-1.90E-05,0,0,,8.72,248.72,114,0
0.06335,3.63E-05,-1.90E-05,0,0,,8.74,248.74,114,0
0.0656,3.63E-05,-1.90E-05,0,0,,8.76,248.76,114,0
0.067851,3.63E-05,-1.90E-05,0,0,,8.78,248.78,114,0
0.070102,3.63E-05,-1.90E-05,0,0,,8.8,248.8,114,0
0.072353,3.63E-05,-1.90E-05,0,0,,8.82,248.82,114,0
0.074602,3.63E-05,-1.90E-05,0,0,,8.84,248.84,114,0
0.076854,3.63E-05,-1.90E-05,0,0,,8.86,248.86,114,0
0.079105,3.63E-05,-1.90E-05,0,0,,8.88,248.88,114,0
0.081354,3.63E-05,-1.90E-05,0,0,,8.9,248.9,114,0
0.084136,3.63E-05,-1.90E-05,0,0,,8.92,248.92,114,0
0.087138,3.63E-05,-1.90E-05,0,0,,8.94,248.94,114,0
0.090139,3.63E-05,-1.90E-05,0,0,,8.96,248.96,114,0
0.093138,3.63E-05,-1.90E-05,0,0,,8.98,248.98,114,0
0.096139,3.63E-05,-1.90E-05,0,0,,9,249,114,0
0.09914,3.64E-05,-1.90E-05,0,0,,9.02,249.02,114,0
0.10214,3.64E-05,-1.90E-05,0,0,,9.04,249.04,114,0
0.10514,3.64E-05,-1.90E-05,0,0,,9.06,249.06,114,0
0.10814,3.64E-05,-1.90E-05,0,0,,9.08,249.08,114,0
0.11252,3.64E-05,-1.90E-05,0,0,,9.1,249.1,114,0
0.11696,3.64E-05,-1.90E-05,0,0,,9.12,249.12,114,0
0.12141,3.64E-05,-1.90E-05,0,0,,9.14,249.14,114,0
0.12586,3.64E-05,-1.90E-05,0,0,,9.16,249.16,114,0
0.13031,3.64E-05,-1.90E-05,0,0,,9.18,249.18,114,0
0.13476,3.64E-05,-1.90E-05,0,0,,9.2,249.2,114,0
0.13921,3.64E-05,-1.90E-05,0,0,,9.22,249.22,114,0
0.14366,3.64E-05,-1.90E-05,0,0,,9.24,249.24,114,0
0.14849,3.64E-05,-1.90E-05,0,0,,9.26,249.26,114,0
0.15392,3.64E-05,-1.90E-05,0,0,,9.28,249.28,114,0
0.15935,3.64E-05,-1.90E-05,0,0,,9.3,249.3,114,0
0.16478,3.64E-05,-1.90E-05,0,0,,9.32,249.32,114,0
0.1702,3.64E-05,-1.90E-05,0,0,,9.34,249.34,114,0
0.17575,3.64E-05,-1.90E-05,0,0,,9.36,249.36,114,0
0.18209,3.65E-05,-1.90E-05,0,0,,9.38,249.38,114,0
0.18842,3.65E-05,-1.90E-05,0,0,,9.4,249.4,114,0
0.19476,3.65E-05,-1.90E-05,0,0,,9.42,249.42,114,0
0.2011,3.65E-05,-1.90E-05,0,0,,9.44,249.44,114,0
0.20744,3.65E-05,-1.90E-05,0,0,,9.46,249.46,114,0
0.21377,3.65E-05,-1.90E-05,0,0,,9.48,249.48,114,0
0.22011,3.65E-05,-1.90E-05,0,0,,9.5,249.5,114,0
0.22644,3.65E-05,-1.90E-05,0,0,,9.52,249.52,114,0
0.23324,3.65E-05,-1.90E-05,0,0,,9.54,249.54,114,0
0.24228,3.65E-05,-1.90E-05,0,0,,9.56,249.56,114,0
0.25131,3.65E-05,-1.90E-05,0,0,,9.58,249.58,114,0
0.26034,3.65E-05,-1.91E-05,0,0,,9.6,249.6,114,0
0.26937,3.65E-05,-1.91E-05,0,0,,9.62,249.62,114,0
0.2784,3.66E-05,-1.91E-05,0,0,,9.64,249.64,114,0
0.28744,3.66E-05,-1.91E-05,0,0,,9.66,249.66,114,0
0.29646,3.66E-05,-1.91E-05,0,0,,9.68,249.68,114,0
0.3055,3.66E-05,-1.91E-05,0,0,,9.7,249.7,114,0
0.31453,3.66E-05,-1.91E-05,0,0,,9.72,249.72,114,0
0.32356,3.66E-05,-1.91E-05,0,0,,9.74,249.74,114,0
0.33306,3.66E-05,-1.91E-05,0,0,,9.76,249.76,114,0
0.34379,3.66E-05,-1.91E-05,0,0,,9.78,249.78,114,0
0.35503,3.66E-05,-1.91E-05,0,0,,9.8,249.8,114,0
0.36628,3.67E-05,-1.91E-05,0,0,,9.82,249.82,114,0
0.37751,3.67E-05,-1.91E-05,0,0,,9.84,249.84,114,0
0.38875,3.67E-05,-1.91E-05,0,0,,9.86,249.86,114,0
0.4,3.67E-05,-1.91E-05,0,0,,9.88,249.88,114,0
0.41348,3.67E-05,-1.92E-05,0,0,,9.9,249.9,114,0
0.428,3.67E-05,-1.92E-05,0,0,,9.92,249.92,114,0
0.44253,3.67E-05,-1.92E-05,0,0,,9.94,249.94,114,0
0.45705,3.68E-05,-1.92E-05,0,0,,9.96,249.96,114,0
0.47157,3.68E-05,-1.92E-05,0,0,,9.98,249.98,114,0
0.48609,3.68E-05,-1.92E-05,0,0,,10,250,114,0
0.50006,3.68E-05,-1.92E-05,0,0,,10.02,250.02,114,0
0.51861,3.69E-05,-1.92E-05,0,0,,10.04,250.04,114,0
0.5375,3.69E-05,-1.92E-05,0,0,,10.06,250.06,114,0
0.55639,3.69E-05,-1.92E-05,0,0,,10.08,250.08,114,0
0.57528,3.69E-05,-1.92E-05,0,0,,10.1,250.1,114,0
0.59416,3.70E-05,-1.92E-05,0,0,,10.12,250.12,114,0
0.61305,3.70E-05,-1.92E-05,0,0,,10.14,250.14,114,0
0.63194,3.70E-05,-1.92E-05,0,0,,10.16,250.16,114,0
0.65082,3.71E-05,-1.92E-05,0,0,,10.18,250.18,114,0
0.66971,3.71E-05,-1.92E-05,0,0,,10.2,250.2,114,0
0.6886,3.71E-05,-1.92E-05,0,0,,10.22,250.22,114,0
0.70749,3.71E-05,-1.92E-05,0,0,,10.24,250.24,114,0
0.72699,3.72E-05,-1.93E-05,0,0,,10.26,250.26,114,0
0.74913,3.74E-05,-1.93E-05,0,1.6361,,10.28,250.28,114,0
0.77279,3.76E-05,-1.93E-05,0,1.6361,,10.3,250.3,114,0
0.79645,3.78E-05,-1.93E-05,0,1.6361,,10.32,250.32,114,0
0.8201,3.80E-05,-1.93E-05,0,1.6361,,10.34,250.34,114,0
0.84376,3.82E-05,-1.93E-05,0,1.6361,,10.36,250.36,114,0
0.86742,3.84E-05,-1.93E-05,0,1.6361,,10.38,250.38,114,0
0.89107,3.86E-05,-1.93E-05,0,1.6361,,10.4,250.4,114,0
0.91473,3.88E-05,-1.93E-05,0,1.6361,,10.42,250.42,114,0
0.93839,3.90E-05,-1.93E-05,0,1.6361,,10.44,250.44,114,0
0.96206,3.92E-05,-1.94E-05,0,1.6361,,10.46,250.46,114,0
0.9857,3.94E-05,-1.94E-05,0,1.6361,,10.48,250.48,114,0
0.99972,5.36E-05,-2.24E-05,0,52806,,10.5,250.5,114,0
0.99975,8.81E-05,-3.00E-05,0,52806,,10.52,250.52,114,0
0.99978,0.00012254,-3.75E-05,0,52806,,10.54,250.54,114,0
0.9998,0.00015701,-4.50E-05,0,52806,,10.56,250.56,114,0
0.99983,0.00019149,-5.25E-05,0,52806,,10.58,250.58,114,0
0.99985,0.00022597,-6.00E-05,0,52806,,10.6,250.6,114,0
0.99988,0.00026042,-6.75E-05,0,52806,,10.62,250.62,114,0
0.9999,0.00029489,-7.50E-05,0,52806,,10.64,250.64,114,0
0.99993,0.00032937,-8.25E-05,0,52806,,10.66,250.66,114,0
0.99995,0.00036382,-9.00E-05,0,52806,,10.68,250.68,114,0
0.99998,0.0003983,-9.75E-05,0,52806,,10.7,250.7,114,0
1,0.00043947,-0.00010469,0,1.07E+05,,10.72,250.72,114,0
1,0.00047945,-0.00010601,0,63739,,10.74,250.74,114,0
1,0.00051106,-0.00010187,0,63739,,10.76,250.76,114,0
0.99999,0.00054269,-9.77E-05,0,63739,,10.78,250.78,114,0
0.99999,0.00057432,-9.36E-05,0,63739,,10.8,250.8,114,0
0.99999,0.00060595,-8.94E-05,0,63739,,10.82,250.82,114,0
0.99999,0.00063756,-8.53E-05,0,63739,,10.84,250.84,114,0
0.99999,0.00066998,-8.22E-05,0,72352,,10.86,250.86,114,0
0.99999,0.0007039,-8.13E-05,0,72352,,10.88,250.88,114,0
0.99999,0.00073779,-8.03E-05,0,72352,,10.9,250.9,114,0
0.99999,0.00077171,-7.93E-05,0,72352,,10.92,250.92,114,0
0.99999,0.00080563,-7.83E-05,0,72352,,10.94,250.94,114,0
1,0.00083955,-7.73E-05,0,72352,,10.96,250.96,114,0
0.99999,0.00087882,-7.32E-05,0,1.00E+05,,10.98,250.98,114,0
0.99999,0.00092235,-6.66E-05,0,1.00E+05,,11,251,114,0
0.99998,0.00095927,-6.18E-05,0,59558,,11.02,251.02,114,0
0.99997,0.00099403,-5.76E-05,0,59558,,11.04,251.04,114,0
0.99996,0.0010288,-5.34E-05,0,59558,,11.06,251.06,114,0
0.99994,0.0010636,-4.91E-05,0,59558,,11.08,251.08,114,0
0.99993,0.0010984,-4.49E-05,0,59558,,11.1,251.1,114,0
0.99992,0.0011332,-4.07E-05,0,59558,,11.12,251.12,114,0
0.99991,0.001168,-3.64E-05,0,59558,,11.14,251.14,114,0
0.9999,0.0012027,-3.22E-05,0,59558,,11.16,251.16,114,0
0.99989,0.0012375,-2.80E-05,0,59558,,11.18,251.18,114,0
0.99333,0.0012616,-2.50E-05,0,0,,11.2,251.2,114,0
0.97198,0.0012617,-2.50E-05,0,0,,11.22,251.22,114,0
0.95064,0.0012618,-2.50E-05,0,0,,11.24,251.24,114,0
0.92931,0.0012619,-2.49E-05,0,0,,11.26,251.26,114,0
0.90796,0.001262,-2.49E-05,0,0,,11.28,251.28,114,0
0.88662,0.001262,-2.49E-05,0,0,,11.3,251.3,114,0
0.86527,0.0012621,-2.49E-05,0,0,,11.32,251.32,114,0
0.84395,0.0012622,-2.48E-05,0,0,,11.34,251.34,114,0
0.8226,0.0012623,-2.48E-05,0,0,,11.36,251.36,114,0
0.80126,0.0012624,-2.48E-05,0,0,,11.38,251.38,114,0
0.77989,0.0012625,-2.47E-05,0,0,,11.4,251.4,114,0
0.75851,0.0012625,-2.47E-05,0,0,,11.42,251.42,114,0
0.73712,0.0012626,-2.47E-05,0,0,,11.44,251.44,114,0
0.71574,0.0012627,-2.47E-05,0,0,,11.46,251.46,114,0
0.69437,0.0012628,-2.46E-05,0,0,,11.48,251.48,114,0
0.67299,0.0012629,-2.46E-05,0,0,,11.5,251.5,114,0
0.65161,0.001263,-2.46E-05,0,0,,11.52,251.52,114,0
0.62858,0.0012631,-2.46E-05,0,0,,11.54,251.54,114,0
0.60284,0.0012631,-2.45E-05,0,0,,11.56,251.56,114,0
0.5771,0.0012631,-2.45E-05,0,0,,11.58,251.58,114,0
0.55136,0.0012631,-2.45E-05,0,0,,11.6,251.6,114,0
0.52564,0.0012631,-2.45E-05,0,0,,11.62,251.62,114,0
0.50408,0.0012632,-2.45E-05,0,0,,11.64,251.64,114,0
0.49049,0.0012632,-2.45E-05,0,0,,11.66,251.66,114,0
0.47691,0.0012632,-2.45E-05,0,0,,11.68,251.68,114,0
0.46332,0.0012632,-2.45E-05,0,0,,11.7,251.7,114,0
0.44973,0.0012632,-2.45E-05,0,0,,11.72,251.72,114,0
0.43614,0.0012632,-2.45E-05,0,0,,11.74,251.74,114,0
0.42257,0.0012633,-2.45E-05,0,0,,11.76,251.76,114,0
0.40898,0.0012633,-2.45E-05,0,0,,11.78,251.78,114,0
0.39539,0.0012633,-2.45E-05,0,0,,11.8,251.8,114,0
0.37877,0.0012633,-2.45E-05,0,0,,11.82,251.82,114,0
0.36228,0.0012633,-2.45E-05,0,0,,11.84,251.84,114,0
0.35167,0.0012633,-2.45E-05,0,0,,11.86,251.86,114,0
0.34146,0.0012633,-2.45E-05,0,0,,11.88,251.88,114,0
0.33129,0.0012633,-2.45E-05,0,0,,11.9,251.9,114,0
0.32111,0.0012633,-2.45E-05,0,0,,11.92,251.92,114,0
0.31094,0.0012633,-2.45E-05,0,0,,11.94,251.94,114,0
0.30076,0.0012633,-2.45E-05,0,0,,11.96,251.96,114,0
0.29059,0.0012633,-2.45E-05,0,0,,11.98,251.98,114,0
0.28042,0.0012634,-2.45E-05,0,0,,12,252,114,0
0.27024,0.0012634,-2.45E-05,0,0,,12.02,252.02,114,0
0.26008,0.0012634,-2.45E-05,0,0,,12.04,252.04,114,0
0.2499,0.0012634,-2.45E-05,0,0,,12.06,252.06,114,0
0.23972,0.0012634,-2.45E-05,0,0,,12.08,252.08,114,0
0.2319,0.0012634,-2.45E-05,0,0,,12.1,252.1,114,0
0.22554,0.0012634,-2.45E-05,0,0,,12.12,252.12,114,0
0.21916,0.0012634,-2.45E-05,0,0,,12.14,252.14,114,0
0.21278,0.0012634,-2.45E-05,0,0,,12.16,252.16,114,0
0.20641,0.0012634,-2.45E-05,0,0,,12.18,252.18,114,0
0.20004,0.0012634,-2.45E-05,0,0,,12.2,252.2,114,0
0.19366,0.0012634,-2.45E-05,0,0,,12.22,252.22,114,0
0.18729,0.0012634,-2.45E-05,0,0,,12.24,252.24,114,0
0.18091,0.0012634,-2.45E-05,0,0,,12.26,252.26,114,0
0.17454,0.0012634,-2.45E-05,0,0,,12.28,252.28,114,0
0.16816,0.0012635,-2.45E-05,0,0,,12.3,252.3,114,0
0.16179,0.0012635,-2.45E-05,0,0,,12.32,252.32,114,0
0.15541,0.0012635,-2.45E-05,0,0,,12.34,252.34,114,0
0.14904,0.0012635,-2.45E-05,0,0,,12.36,252.36,114,0
0.14321,0.0012635,-2.45E-05,0,0,,12.38,252.38,114,0
0.13812,0.0012635,-2.45E-05,0,0,,12.4,252.4,114,0
0.13302,0.0012635,-2.45E-05,0,0,,12.42,252.42,114,0
0.12791,0.0012635,-2.45E-05,0,0,,12.44,252.44,114,0
0.12281,0.0012635,-2.45E-05,0,0,,12.46,252.46,114,0
0.11772,0.0012635,-2.45E-05,0,0,,12.48,252.48,114,0
0.11281,0.0012635,-2.45E-05,0,0,,12.5,252.5,114,0
0.10962,0.0012635,-2.45E-05,0,0,,12.52,252.52,114,0
0.10642,0.0012635,-2.46E-05,0,0,,12.54,252.54,114,0
0.10322,0.0012635,-2.46E-05,0,0,,12.56,252.56,114,0
0.10003,0.0012635,-2.46E-05,0,0,,12.58,252.58,114,0
0.096829,0.0012635,-2.46E-05,0,0,,12.6,252.6,114,0
0.093635,0.0012635,-2.46E-05,0,0,,12.62,252.62,114,0
0.090438,0.0012635,-2.46E-05,0,0,,12.64,252.64,114,0
0.08724,0.0012635,-2.46E-05,0,0,,12.66,252.66,114,0
0.085169,0.0012635,-2.46E-05,0,0,,12.68,252.68,114,0
0.083427,0.0012636,-2.46E-05,0,0,,12.7,252.7,114,0
0.081685,0.0012636,-2.46E-05,0,0,,12.72,252.72,114,0
0.079943,0.0012636,-2.46E-05,0,0,,12.74,252.74,114,0
0.078203,0.0012636,-2.46E-05,0,0,,12.76,252.76,114,0
0.076461,0.0012636,-2.46E-05,0,0,,12.78,252.78,114,0
0.074719,0.0012636,-2.46E-05,0,0,,12.8,252.8,114,0
0.072978,0.0012636,-2.46E-05,0,0,,12.82,252.82,114,0
0.071237,0.0012636,-2.46E-05,0,0,,12.84,252.84,114,0
0.069495,0.0012636,-2.46E-05,0,0,,12.86,252.86,114,0
0.067754,0.0012636,-2.46E-05,0,0,,12.88,252.88,114,0
0.066013,0.0012636,-2.46E-05,0,0,,12.9,252.9,114,0
0.064271,0.0012636,-2.46E-05,0,0,,12.92,252.92,114,0
0.06253,0.0012636,-2.46E-05,0,0,,12.94,252.94,114,0
0.060788,0.0012636,-2.46E-05,0,0,,12.96,252.96,114,0
0.059047,0.0012636,-2.46E-05,0,0,,12.98,252.98,114,0
0.057103,0.0012636,-2.46E-05,0,0,,13,253,114,0
0.055102,0.0012636,-2.46E-05,0,0,,13.02,253.02,114,0
0.053102,0.0012636,-2.46E-05,0,0,,13.04,253.04,114,0
0.051101,0.0012636,-2.46E-05,0,0,,13.06,253.06,114,0
0.0491,0.0012636,-2.46E-05,0,0,,13.08,253.08,114,0
0.047099,0.0012636,-2.46E-05,0,0,,13.1,253.1,114,0
0.045099,0.0012636,-2.46E-05,0,0,,13.12,253.12,114,0
0.043098,0.0012636,-2.46E-05,0,0,,13.14,253.14,114,0
0.041096,0.0012636,-2.46E-05,0,0,,13.16,253.16,114,0
0.039097,0.0012637,-2.46E-05,0,0,,13.18,253.18,114,0
0.037095,0.0012637,-2.46E-05,0,0,,13.2,253.2,114,0
0.035094,0.0012637,-2.46E-05,0,0,,13.22,253.22,114,0
0.033093,0.0012637,-2.46E-05,0,0,,13.24,253.24,114,0
0.031093,0.0012637,-2.46E-05,0,0,,13.26,253.26,114,0
0.029842,0.0012637,-2.46E-05,0,0,,13.28,253.28,114,0
0.028643,0.0012637,-2.46E-05,0,0,,13.3,253.3,114,0
0.027444,0.0012637,-2.46E-05,0,0,,13.32,253.32,114,0
0.026246,0.0012637,-2.46E-05,0,0,,13.34,253.34,114,0
0.025048,0.0012637,-2.46E-05,0,0,,13.36,253.36,114,0
0.023849,0.0012637,-2.46E-05,0,0,,13.38,253.38,114,0
0.022847,0.0012637,-2.46E-05,0,0,,13.4,253.4,114,0
0.022497,0.0012637,-2.46E-05,0,0,,13.42,253.42,114,0
0.022146,0.0012637,-2.46E-05,0,0,,13.44,253.44,114,0
0.021796,0.0012637,-2.46E-05,0,0,,13.46,253.46,114,0
0.021446,0.0012637,-2.46E-05,0,0,,13.48,253.48,114,0
0.021095,0.0012637,-2.46E-05,0,0,,13.5,253.5,114,0
0.020745,0.0012637,-2.46E-05,0,0,,13.52,253.52,114,0
0.020395,0.0012637,-2.46E-05,0,0,,13.54,253.54,114,0
0.020044,0.0012637,-2.46E-05,0,0,,13.56,253.56,114,0
0.019694,0.0012637,-2.46E-05,0,0,,13.58,253.58,114,0
0.019344,0.0012637,-2.46E-05,0,0,,13.6,253.6,114,0
0.018993,0.0012637,-2.46E-05,0,0,,13.62,253.62,114,0
0.018643,0.0012637,-2.46E-05,0,0,,13.64,253.64,114,0
0.018293,0.0012637,-2.46E-05,0,0,,13.66,253.66,114,0
0.017943,0.0012637,-2.46E-05,0,0,,13.68,253.68,114,0
0.017592,0.0012637,-2.46E-05,0,0,,13.7,253.7,114,0
0.017242,0.0012637,-2.46E-05,0,0,,13.72,253.72,114,0
0.016891,0.0012638,-2.46E-05,0,0,,13.74,253.74,114,0
0.016491,0.0012638,-2.46E-05,0,0,,13.76,253.76,114,0
0.016091,0.0012638,-2.46E-05,0,0,,13.78,253.78,114,0
0.015691,0.0012638,-2.46E-05,0,0,,13.8,253.8,114,0
0.01529,0.0012638,-2.46E-05,0,0,,13.82,253.82,114,0
0.01489,0.0012638,-2.46E-05,0,0,,13.84,253.84,114,0
0.01449,0.0012638,-2.46E-05,0,0,,13.86,253.86,114,0
0.01409,0.0012638,-2.46E-05,0,0,,13.88,253.88,114,0
0.01369,0.0012638,-2.46E-05,0,0,,13.9,253.9,114,0
0.01329,0.0012638,-2.46E-05,0,0,,13.92,253.92,114,0
0.012889,0.0012638,-2.46E-05,0,0,,13.94,253.94,114,0
0.012489,0.0012638,-2.46E-05,0,0,,13.96,253.96,114,0
0.012089,0.0012638,-2.46E-05,0,0,,13.98,253.98,114,0
0.011689,0.0012638,-2.46E-05,0,0,,14,254,114,0
0.011288,0.0012638,-2.46E-05,0,0,,14.02,254.02,114,0
0.010888,0.0012638,-2.46E-05,0,0,,14.04,254.04,114,0
0.010488,0.0012638,-2.46E-05,0,0,,14.06,254.06,114,0
0.010088,0.0012638,-2.46E-05,0,0,,14.08,254.08,114,0
0.0096874,0.0012638,-2.46E-05,0,0,,14.1,254.1,114,0
0.0092874,0.0012638,-2.46E-05,0,0,,14.12,254.12,114,0
0.0088871,0.0012638,-2.46E-05,0,0,,14.14,254.14,114,0
0.0084868,0.0012638,-2.46E-05,0,0,,14.16,254.16,114,0
0.0080868,0.0012638,-2.46E-05,0,0,,14.18,254.18,114,0
0.0076865,0.0012638,-2.46E-05,0,0,,14.2,254.2,114,0
0.0072862,0.0012638,-2.46E-05,0,0,,14.22,254.22,114,0
0.0068859,0.0012638,-2.46E-05,0,0,,14.24,254.24,114,0
0.0064859,0.0012639,-2.46E-05,0,0,,14.26,254.26,114,0
0.0060856,0.0012639,-2.46E-05,0,0,,14.28,254.28,114,0
0.0056853,0.0012639,-2.46E-05,0,0,,14.3,254.3,114,0
0.005285,0.0012639,-2.46E-05,0,0,,14.32,254.32,114,0
0.004885,0.0012639,-2.46E-05,0,0,,14.34,254.34,114,0
0.0044847,0.0012639,-2.46E-05,0,0,,14.36,254.36,114,0
0.0042588,0.0012639,-2.46E-05,0,0,,14.38,254.38,114,0
0.0041277,0.0012639,-2.46E-05,0,0,,14.4,254.4,114,0
0.0039964,0.0012639,-2.46E-05,0,0,,14.42,254.42,114,0
0.0038652,0.0012639,-2.46E-05,0,0,,14.44,254.44,114,0
0.003734,0.0012639,-2.46E-05,0,0,,14.46,254.46,114,0
0.0036028,0.0012639,-2.46E-05,0,0,,14.48,254.48,114,0
0.0034716,0.0012639,-2.46E-05,0,0,,14.5,254.5,114,0
0.0033403,0.0012639,-2.46E-05,0,0,,14.52,254.52,114,0
0.0032092,0.0012639,-2.46E-05,0,0,,14.54,254.54,114,0
0.003078,0.0012639,-2.46E-05,0,0,,14.56,254.56,114,0
0.0029467,0.0012639,-2.46E-05,0,0,,14.58,254.58,114,0
0.0028155,0.0012639,-2.46E-05,0,0,,14.6,254.6,114,0
0.0026844,0.0012639,-2.46E-05,0,0,,14.62,254.62,114,0
0.0025531,0.0012639,-2.46E-05,0,0,,14.64,254.64,114,0
0.0024899,0.0012639,-2.46E-05,0,0,,14.66,254.66,114,0
0.0024364,0.0012639,-2.46E-05,0,0,,14.68,254.68,114,0
0.0023829,0.0012639,-2.46E-05,0,0,,14.7,254.7,114,0
0.0023293,0.0012639,-2.46E-05,0,0,,14.72,254.72,114,0
0.0022758,0.0012639,-2.46E-05,0,0,,14.74,254.74,114,0
0.0022222,0.0012639,-2.46E-05,0,0,,14.76,254.76,114,0
0.0021687,0.0012639,-2.46E-05,0,0,,14.78,254.78,114,0
0.0021151,0.001264,-2.46E-05,0,0,,14.8,254.8,114,0
0.0020616,0.001264,-2.46E-05,0,0,,14.82,254.82,114,0
0.0020081,0.001264,-2.46E-05,0,0,,14.84,254.84,114,0
0.0019545,0.001264,-2.46E-05,0,0,,14.86,254.86,114,0
0.001901,0.001264,-2.46E-05,0,0,,14.88,254.88,114,0
0.0018475,0.001264,-2.46E-05,0,0,,14.9,254.9,114,0
0.0017939,0.001264,-2.46E-05,0,0,,14.92,254.92,114,0
0.0017404,0.001264,-2.46E-05,0,0,,14.94,254.94,114,0
0.0016868,0.001264,-2.46E-05,0,0,,14.96,254.96,114,0
0.0016333,0.001264,-2.46E-05,0,0,,14.98,254.98,114,0
0.0015798,0.001264,-2.46E-05,0,0,,15,255,114,0
0.0015262,0.001264,-2.46E-05,0,0,,15.02,255.02,114,0
0.0014727,0.001264,-2.46E-05,0,0,,15.04,255.04,114,0
0.0014192,0.001264,-2.46E-05,0,0,,15.06,255.06,114,0
0.0013656,0.001264,-2.46E-05,0,0,,15.08,255.08,114,0
0.0013121,0.001264,-2.46E-05,0,0,,15.1,255.1,114,0
0.0012586,0.001264,-2.46E-05,0,0,,15.12,255.12,114,0
0.001205,0.001264,-2.46E-05,0,0,,15.14,255.14,114,0
0.0011515,0.001264,-2.46E-05,0,0,,15.16,255.16,114,0
0.0010979,0.001264,-2.46E-05,0,0,,15.18,255.18,114,0
0.0010444,0.001264,-2.46E-05,0,0,,15.2,255.2,114,0
0.00099085,0.001264,-2.46E-05,0,0,,15.22,255.22,114,0
0.0009373,0.001264,-2.46E-05,0,0,,15.24,255.24,114,0
0.00088379,0.001264,-2.46E-05,0,0,,15.26,255.26,114,0
0.00083024,0.001264,-2.46E-05,0,0,,15.28,255.28,114,0
0.00077669,0.001264,-2.46E-05,0,0,,15.3,255.3,114,0
0.00074071,0.001264,-2.46E-05,0,0,,15.32,255.32,114,0
0.00072707,0.001264,-2.46E-05,0,0,,15.34,255.34,114,0
0.00071342,0.001264,-2.46E-05,0,0,,15.36,255.36,114,0
0.00069976,0.001264,-2.46E-05,0,0,,15.38,255.38,114,0
0.00068612,0.0012641,-2.46E-05,0,0,,15.4,255.4,114,0
0.00067247,0.0012641,-2.46E-05,0,0,,15.42,255.42,114,0
0.00065882,0.0012641,-2.46E-05,0,0,,15.44,255.44,114,0
0.00064517,0.0012641,-2.46E-05,0,0,,15.46,255.46,114,0
0.00063152,0.0012641,-2.46E-05,0,0,,15.48,255.48,114,0
0.00061787,0.0012641,-2.46E-05,0,0,,15.5,255.5,114,0
0.00060422,0.0012641,-2.46E-05,0,0,,15.52,255.52,114,0
0.00059058,0.0012641,-2.46E-05,0,0,,15.54,255.54,114,0
0.00057693,0.0012641,-2.46E-05,0,0,,15.56,255.56,114,0
0.00056327,0.0012641,-2.46E-05,0,0,,15.58,255.58,114,0
0.00054962,0.0012641,-2.46E-05,0,0,,15.6,255.6,114,0
0.00053598,0.0012641,-2.46E-05,0,0,,15.62,255.62,114,0
0.00052233,0.0012641,-2.46E-05,0,0,,15.64,255.64,114,0
0.00050867,0.0012641,-2.46E-05,0,0,,15.66,255.66,114,0
0.00049503,0.0012641,-2.46E-05,0,0,,15.68,255.68,114,0
0.00048138,0.0012641,-2.46E-05,0,0,,15.7,255.7,114,0
0.00046773,0.0012641,-2.46E-05,0,0,,15.72,255.72,114,0
0.00045408,0.0012641,-2.46E-05,0,0,,15.74,255.74,114,0
0.00044043,0.0012641,-2.46E-05,0,0,,15.76,255.76,114,0
0.00042678,0.0012641,-2.46E-05,0,0,,15.78,255.78,114,0
0.00041313,0.0012641,-2.46E-05,0,0,,15.8,255.8,114,0
0.00039948,0.0012641,-2.46E-05,0,0,,15.82,255.82,114,0
0.00038583,0.0012641,-2.46E-05,0,0,,15.84,255.84,114,0
0.00037218,0.0012641,-2.46E-05,0,0,,15.86,255.86,114,0
0.00035853,0.0012641,-2.46E-05,0,0,,15.88,255.88,114,0
0.00034489,0.0012641,-2.46E-05,0,0,,15.9,255.9,114,0
0.00033124,0.0012641,-2.46E-05,0,0,,15.92,255.92,114,0
0.00031758,0.0012641,-2.46E-05,0,0,,15.94,255.94,114,0
0.00030393,0.0012642,-2.46E-05,0,0,,15.96,255.96,114,0
0.00029029,0.0012642,-2.46E-05,0,0,,15.98,255.98,114,0
0.00027664,0.0012642,-2.46E-05,0,0,,16,256,114,0
0.00026299,0.0012642,-2.46E-05,0,0,,16.02,256.02,114,0
0.00024933,0.0012642,-2.46E-05,0,0,,16.04,256.04,114,0
0.00023569,0.0012642,-2.46E-05,0,0,,16.06,256.06,114,0
0.00022205,0.0012642,-2.46E-05,0,0,,16.08,256.08,114,0
0.00020839,0.0012642,-2.46E-05,0,0,,16.1,256.1,114,0
0.00019474,0.0012642,-2.46E-05,0,0,,16.12,256.12,114,0
0.00018108,0.0012642,-2.46E-05,0,0,,16.14,256.14,114,0
0.00016744,0.0012642,-2.46E-05,0,0,,16.16,256.16,114,0
0.00015816,0.0012642,-2.46E-05,0,0,,16.18,256.18,114,0
0.00015152,0.0012642,-2.46E-05,0,0,,16.2,256.2,114,0
0.00014489,0.0012642,-2.46E-05,0,0,,16.22,256.22,114,0
0.00013826,0.0012642,-2.46E-05,0,0,,16.24,256.24,114,0
0.00013162,0.0012642,-2.46E-05,0,0,,16.26,256.26,114,0
0.00012499,0.0012642,-2.46E-05,0,0,,16.28,256.28,114,0
0.00011836,0.0012642,-2.46E-05,0,0,,16.3,256.3,114,0
0.00011172,0.0012642,-2.46E-05,0,0,,16.32,256.32,114,0
0.00010509,0.0012642,-2.46E-05,0,0,,16.34,256.34,114,0
9.85E-05,0.0012642,-2.46E-05,0,0,,16.36,256.36,114,0
9.18E-05,0.0012642,-2.46E-05,0,0,,16.38,256.38,114,0
8.52E-05,0.0012642,-2.46E-05,0,0,,16.4,256.4,114,0
7.85E-05,0.0012642,-2.46E-05,0,0,,16.42,256.42,114,0
7.39E-05,0.0012642,-2.46E-05,0,0,,16.44,256.44,114,0
7.27E-05,0.0012642,-2.45E-05,0,0,,16.46,256.46,114,0
7.16E-05,0.0012642,-2.45E-05,0,0,,16.48,256.48,114,0
7.04E-05,0.0012642,-2.45E-05,0,0,,16.5,256.5,114,0
6.93E-05,0.0012642,-2.45E-05,0,0,,16.52,256.52,114,0
6.81E-05,0.0012642,-2.45E-05,0,0,,16.54,256.54,114,0
6.70E-05,0.0012642,-2.45E-05,0,0,,16.56,256.56,114,0
6.58E-05,0.0012642,-2.45E-05,0,0,,16.58,256.58,114,0
6.47E-05,0.0012643,-2.45E-05,0,0,,16.6,256.6,114,0
6.36E-05,0.0012643,-2.45E-05,0,0,,16.62,256.62,114,0
6.24E-05,0.0012643,-2.45E-05,0,0,,16.64,256.64,114,0
6.13E-05,0.0012643,-2.45E-05,0,0,,16.66,256.66,114,0
6.01E-05,0.0012643,-2.45E-05,0,0,,16.68,256.68,114,0
5.90E-05,0.0012643,-2.45E-05,0,0,,16.7,256.7,114,0
5.78E-05,0.0012643,-2.45E-05,0,0,,16.72,256.72,114,0
5.66E-05,0.0012643,-2.45E-05,0,0,,16.74,256.74,114,0
5.54E-05,0.0012643,-2.45E-05,0,0,,16.76,256.76,114,0
5.43E-05,0.0012643,-2.45E-05,0,0,,16.78,256.78,114,0
5.31E-05,0.0012643,-2.45E-05,0,0,,16.8,256.8,114,0
5.19E-05,0.0012643,-2.45E-05,0,0,,16.82,256.82,114,0
5.07E-05,0.0012643,-2.45E-05,0,0,,16.84,256.84,114,0
4.96E-05,0.0012643,-2.45E-05,0,0,,16.86,256.86,114,0
4.84E-05,0.0012643,-2.45E-05,0,0,,16.88,256.88,114,0
4.72E-05,0.0012643,-2.45E-05,0,0,,16.9,256.9,114,0
4.60E-05,0.0012643,-2.45E-05,0,0,,16.92,256.92,114,0
4.48E-05,0.0012643,-2.45E-05,0,0,,16.94,256.94,114,0
4.37E-05,0.0012643,-2.45E-05,0,0,,16.96,256.96,114,0
4.25E-05,0.0012643,-2.45E-05,0,0,,16.98,256.98,114,0
4.13E-05,0.0012643,-2.45E-05,0,0,,17,257,114,0
4.01E-05,0.0012643,-2.45E-05,0,0,,17.02,257.02,114,0
3.90E-05,0.0012643,-2.45E-05,0,0,,17.04,257.04,114,0
3.78E-05,0.0012643,-2.45E-05,0,0,,17.06,257.06,114,0
3.66E-05,0.0012643,-2.45E-05,0,0,,17.08,257.08,114,0
3.54E-05,0.0012643,-2.45E-05,0,0,,17.1,257.1,114,0
3.42E-05,0.0012643,-2.45E-05,0,0,,17.12,257.12,114,0
3.31E-05,0.0012643,-2.45E-05,0,0,,17.14,257.14,114,0
3.19E-05,0.0012643,-2.45E-05,0,0,,17.16,257.16,114,0
3.07E-05,0.0012644,-2.45E-05,0,0,,17.18,257.18,114,0
2.95E-05,0.0012644,-2.45E-05,0,0,,17.2,257.2,114,0
2.84E-05,0.0012644,-2.45E-05,0,0,,17.22,257.22,114,0
2.72E-05,0.0012644,-2.45E-05,0,0,,17.24,257.24,114,0
2.60E-05,0.0012644,-2.45E-05,0,0,,17.26,257.26,114,0
2.48E-05,0.0012644,-2.45E-05,0,0,,17.28,257.28,114,0
2.36E-05,0.0012644,-2.45E-05,0,0,,17.3,257.3,114,0
2.25E-05,0.0012644,-2.45E-05,0,0,,17.32,257.32,114,0
2.13E-05,0.0012644,-2.45E-05,0,0,,17.34,257.34,114,0
2.01E-05,0.0012644,-2.45E-05,0,0,,17.36,257.36,114,0
1.89E-05,0.0012644,-2.45E-05,0,0,,17.38,257.38,114,0
1.78E-05,0.0012644,-2.45E-05,0,0,,17.4,257.4,114,0
1.66E-05,0.0012644,-2.45E-05,0,0,,17.42,257.42,114,0
1.54E-05,0.0012644,-2.45E-05,0,0,,17.44,257.44,114,0
1.42E-05,0.0012644,-2.45E-05,0,0,,17.46,257.46,114,0
1.31E-05,0.0012644,-2.45E-05,0,0,,17.48,257.48,114,0
1.19E-05,0.0012644,-2.45E-05,0,0,,17.5,257.5,114,0
1.07E-05,0.0012644,-2.45E-05,0,0,,17.52,257.52,114,0
1.00E-05,0.0012644,-2.45E-05,0,0,,17.54,257.54,114,0
9.79E-06,0.0012644,-2.45E-05,0,0,,17.56,257.56,114,0
9.55E-06,0.0012644,-2.45E-05,0,0,,17.58,257.58,114,0
9.32E-06,0.0012644,-2.45E-05,0,0,,17.6,257.6,114,0
9.08E-06,0.0012644,-2.45E-05,0,0,,17.62,257.62,114,0
8.85E-06,0.0012644,-2.45E-05,0,0,,17.64,257.64,114,0
8.61E-06,0.0012644,-2.45E-05,0,0,,17.66,257.66,114,0
8.37E-06,0.0012644,-2.45E-05,0,0,,17.68,257.68,114,0
8.14E-06,0.0012644,-2.45E-05,0,0,,17.7,257.7,114,0
7.90E-06,0.0012644,-2.45E-05,0,0,,17.72,257.72,114,0
7.67E-06,0.0012644,-2.45E-05,0,0,,17.74,257.74,114,0
7.43E-06,0.0012645,-2.45E-05,0,0,,17.76,257.76,114,0
7.19E-06,0.0012645,-2.45E-05,0,0,,17.78,257.78,114,0
6.96E-06,0.0012645,-2.45E-05,0,0,,17.8,257.8,114,0
6.72E-06,0.0012645,-2.45E-05,0,0,,17.82,257.82,114,0
6.49E-06,0.0012645,-2.45E-05,0,0,,17.84,257.84,114,0
6.25E-06,0.0012645,-2.45E-05,0,0,,17.86,257.86,114,0
6.01E-06,0.0012645,-2.44E-05,0,0,,17.88,257.88,114,0
5.78E-06,0.0012645,-2.44E-05,0,0,,17.9,257.9,114,0
5.54E-06,0.0012645,-2.44E-05,0,0,,17.92,257.92,114,0
5.31E-06,0.0012645,-2.44E-05,0,0,,17.94,257.94,114,0
5.07E-06,0.0012645,-2.44E-05,0,0,,17.96,257.96,114,0
4.83E-06,0.0012645,-2.44E-05,0,0,,17.98,257.98,114,0
4.60E-06,0.0012645,-2.44E-05,0,0,,18,258,114,0
4.39E-06,0.0012645,-2.44E-05,0,0,,18.02,258.02,114,0
4.30E-06,0.0012645,-2.44E-05,0,0,,18.04,258.04,114,0
4.21E-06,0.0012645,-2.44E-05,0,0,,18.06,258.06,114,0
4.11E-06,0.0012645,-2.44E-05,0,0,,18.08,258.08,114,0
4.02E-06,0.0012645,-2.44E-05,0,0,,18.1,258.1,114,0
3.93E-06,0.0012645,-2.44E-05,0,0,,18.12,258.12,114,0
3.84E-06,0.0012645,-2.44E-05,0,0,,18.14,258.14,114,0
3.75E-06,0.0012645,-2.44E-05,0,0,,18.16,258.16,114,0
3.65E-06,0.0012645,-2.44E-05,0,0,,18.18,258.18,114,0
3.56E-06,0.0012645,-2.44E-05,0,0,,18.2,258.2,114,0
3.47E-06,0.0012645,-2.44E-05,0,0,,18.22,258.22,114,0
3.38E-06,0.0012645,-2.44E-05,0,0,,18.24,258.24,114,0
3.28E-06,0.0012645,-2.44E-05,0,0,,18.26,258.26,114,0
3.19E-06,0.0012645,-2.44E-05,0,0,,18.28,258.28,114,0
3.10E-06,0.0012645,-2.44E-05,0,0,,18.3,258.3,114,0
3.01E-06,0.0012645,-2.44E-05,0,0,,18.32,258.32,114,0
2.91E-06,0.0012645,-2.44E-05,0,0,,18.34,258.34,114,0
2.82E-06,0.0012646,-2.44E-05,0,0,,18.36,258.36,114,0
2.73E-06,0.0012646,-2.44E-05,0,0,,18.38,258.38,114,0
2.64E-06,0.0012646,-2.44E-05,0,0,,18.4,258.4,114,0
2.55E-06,0.0012646,-2.44E-05,0,0,,18.42,258.42,114,0
2.45E-06,0.0012646,-2.44E-05,0,0,,18.44,258.44,114,0
2.36E-06,0.0012646,-2.44E-05,0,0,,18.46,258.46,114,0
2.27E-06,0.0012646,-2.44E-05,0,0,,18.48,258.48,114,0
2.18E-06,0.0012646,-2.44E-05,0,0,,18.5,258.5,114,0
2.08E-06,0.0012646,-2.44E-05,0,0,,18.52,258.52,114,0
1.99E-06,0.0012646,-2.44E-05,0,0,,18.54,258.54,114,0
1.90E-06,0.0012646,-2.44E-05,0,0,,18.56,258.56,114,0
1.81E-06,0.0012646,-2.44E-05,0,0,,18.58,258.58,114,0
1.71E-06,0.0012646,-2.44E-05,0,0,,18.6,258.6,114,0
1.62E-06,0.0012646,-2.44E-05,0,0,,18.62,258.62,114,0
1.53E-06,0.0012646,-2.44E-05,0,0,,18.64,258.64,114,0
1.44E-06,0.0012646,-2.44E-05,0,0,,18.66,258.66,114,0
1.35E-06,0.0012646,-2.44E-05,0,0,,18.68,258.68,114,0
1.26E-06,0.0012646,-2.44E-05,0,0,,18.7,258.7,114,0
1.23E-06,0.0012646,-2.44E-05,0,0,,18.72,258.72,114,0
1.20E-06,0.0012646,-2.44E-05,0,0,,18.74,258.74,114,0
1.17E-06,0.0012646,-2.44E-05,0,0,,18.76,258.76,114,0
1.13E-06,0.0012646,-2.44E-05,0,0,,18.78,258.78,114,0
1.10E-06,0.0012646,-2.44E-05,0,0,,18.8,258.8,114,0
1.07E-06,0.0012646,-2.44E-05,0,0,,18.82,258.82,114,0
1.04E-06,0.0012646,-2.44E-05,0,0,,18.84,258.84,114,0
1.01E-06,0.0012646,-2.44E-05,0,0,,18.86,258.86,114,0
9.75E-07,0.0012646,-2.44E-05,0,0,,18.88,258.88,114,0
9.43E-07,0.0012646,-2.44E-05,0,0,,18.9,258.9,114,0
9.12E-07,0.0012646,-2.44E-05,0,0,,18.92,258.92,114,0
8.80E-07,0.0012646,-2.44E-05,0,0,,18.94,258.94,114,0
8.48E-07,0.0012647,-2.44E-05,0,0,,18.96,258.96,114,0
8.16E-07,0.0012647,-2.44E-05,0,0,,18.98,258.98,114,0
7.85E-07,0.0012647,-2.43E-05,0,0,,19,259,114,0
7.53E-07,0.0012647,-2.43E-05,0,0,,19.02,259.02,114,0
7.21E-07,0.0012647,-2.43E-05,0,0,,19.04,259.04,114,0
6.89E-07,0.0012647,-2.43E-05,0,0,,19.06,259.06,114,0
6.58E-07,0.0012647,-2.43E-05,0,0,,19.08,259.08,114,0
6.26E-07,0.0012647,-2.43E-05,0,0,,19.1,259.1,114,0
5.94E-07,0.0012647,-2.43E-05,0,0,,19.12,259.12,114,0
5.62E-07,0.0012647,-2.43E-05,0,0,,19.14,259.14,114,0
5.31E-07,0.0012647,-2.43E-05,0,0,,19.16,259.16,114,0
4.99E-07,0.0012647,-2.43E-05,0,0,,19.18,259.18,114,0
4.67E-07,0.0012647,-2.43E-05,0,0,,19.2,259.2,114,0
4.57E-07,0.0012647,-2.43E-05,0,0,,19.22,259.22,114,0
4.49E-07,0.0012647,-2.43E-05,0,0,,19.24,259.24,114,0
4.40E-07,0.0012647,-2.43E-05,0,0,,19.26,259.26,114,0
4.31E-07,0.0012647,-2.43E-05,0,0,,19.28,259.28,114,0
4.22E-07,0.0012647,-2.43E-05,0,0,,19.3,259.3,114,0
4.13E-07,0.0012647,-2.43E-05,0,0,,19.32,259.32,114,0
4.04E-07,0.0012647,-2.43E-05,0,0,,19.34,259.34,114,0
3.95E-07,0.0012647,-2.43E-05,0,0,,19.36,259.36,114,0
3.86E-07,0.0012647,-2.43E-05,0,0,,19.38,259.38,114,0
3.77E-07,0.0012647,-2.43E-05,0,0,,19.4,259.4,114,0
3.68E-07,0.0012647,-2.43E-05,0,0,,19.42,259.42,114,0
3.59E-07,0.0012647,-2.43E-05,0,0,,19.44,259.44,114,0
3.50E-07,0.0012647,-2.43E-05,0,0,,19.46,259.46,114,0
3.42E-07,0.0012647,-2.43E-05,0,0,,19.48,259.48,114,0
3.33E-07,0.0012647,-2.43E-05,0,0,,19.5,259.5,114,0
3.24E-07,0.0012647,-2.43E-05,0,0,,19.52,259.52,114,0
3.15E-07,0.0012647,-2.43E-05,0,0,,19.54,259.54,114,0
3.06E-07,0.0012648,-2.43E-05,0,0,,19.56,259.56,114,0
2.97E-07,0.0012648,-2.43E-05,0,0,,19.58,259.58,114,0
2.88E-07,0.0012648,-2.43E-05,0,0,,19.6,259.6,114,0
2.79E-07,0.0012648,-2.43E-05,0,0,,19.62,259.62,114,0
2.70E-07,0.0012648,-2.43E-05,0,0,,19.64,259.64,114,0
2.61E-07,0.0012648,-2.43E-05,0,0,,19.66,259.66,114,0
2.52E-07,0.0012648,-2.43E-05,0,0,,19.68,259.68,114,0
2.43E-07,0.0012648,-2.43E-05,0,0,,19.7,259.7,114,0
2.35E-07,0.0012648,-2.43E-05,0,0,,19.72,259.72,114,0
2.26E-07,0.0012648,-2.43E-05,0,0,,19.74,259.74,114,0
2.17E-07,0.0012648,-2.43E-05,0,0,,19.76,259.76,114,0
2.08E-07,0.0012648,-2.43E-05,0,0,,19.78,259.78,114,0
1.99E-07,0.0012648,-2.43E-05,0,0,,19.8,259.8,114,0
1.90E-07,0.0012648,-2.43E-05,0,0,,19.82,259.82,114,0
1.81E-07,0.0012648,-2.43E-05,0,0,,19.84,259.84,114,0
1.72E-07,0.0012648,-2.43E-05,0,0,,19.86,259.86,114,0
1.63E-07,0.0012648,-2.43E-05,0,0,,19.88,259.88,114,0
1.54E-07,0.0012648,-2.43E-05,0,0,,19.9,259.9,114,0
1.45E-07,0.0012648,-2.43E-05,0,0,,19.92,259.92,114,0
1.36E-07,0.0012648,-2.43E-05,0,0,,19.94,259.94,114,0
1.27E-07,0.0012648,-2.42E-05,0,0,,19.96,259.96,114,0
1.19E-07,0.0012648,-2.42E-05,0,0,,19.98,259.98,114,0
1.10E-07,0.0012648,-2.42E-05,0,0,,20,260,114,0
