"disp:0","disp:1","disp:2","cdf","damage","vtkValidPointMask","arc_length","Points:0","Points:1","Points:2"
0.0065111,-0.0062159,0,0,1.71e-06,,0,240,114,0
0.0065116,-0.0062155,0,0,1.71e-06,,0.020004,240.02,114,0
0.0065122,-0.0062152,0,0,1.71e-06,,0.039993,240.04,114,0
0.0065127,-0.0062149,0,0,1.71e-06,,0.059998,240.06,114,0
0.0065133,-0.0062146,0,0,1.71e-06,,0.080002,240.08,114,0
0.0065138,-0.0062143,0,0,2.0337e-06,,0.10001,240.1,114,0
0.0065143,-0.006214,0,0,2.0337e-06,,0.12,240.12,114,0
0.0065149,-0.0062137,0,0,2.0337e-06,,0.14,240.14,114,0
0.0065155,-0.0062134,0,0,2.0337e-06,,0.16,240.16,114,0
0.006516,-0.006213,0,0,2.0337e-06,,0.17999,240.18,114,0
0.0065166,-0.0062127,0,0,2.0337e-06,,0.2,240.2,114,0
0.0065171,-0.0062124,0,0,2.7781e-06,,0.22,240.22,114,0
0.0065177,-0.0062121,0,0,2.7781e-06,,0.24001,240.24,114,0
0.0065182,-0.0062118,0,0,2.7781e-06,,0.25999,240.26,114,0
0.0065188,-0.0062115,0,0,2.7781e-06,,0.28,240.28,114,0
0.0065193,-0.0062111,0,0,2.7781e-06,,0.3,240.3,114,0
0.0065199,-0.0062108,0,0,2.7781e-06,,0.32001,240.32,114,0
0.0065204,-0.0062105,0,0,2.7781e-06,,0.34,240.34,114,0
0.006521,-0.0062102,0,0,2.7781e-06,,0.36,240.36,114,0
0.0065215,-0.0062099,0,0,2.7781e-06,,0.38,240.38,114,0
0.0065221,-0.0062096,0,0,3.141e-06,,0.39999,240.4,114,0
0.0065226,-0.0062092,0,0,3.141e-06,,0.42,240.42,114,0
0.0065232,-0.0062089,0,0,3.141e-06,,0.44,240.44,114,0
0.0065237,-0.0062086,0,0,3.141e-06,,0.46001,240.46,114,0
0.0065242,-0.0062083,0,0,3.141e-06,,0.48,240.48,114,0
0.0065248,-0.0062079,0,0,4.3104e-06,,0.5,240.5,114,0
0.0065253,-0.0062076,0,0,4.3104e-06,,0.52,240.52,114,0
0.0065258,-0.0062073,0,0,4.3104e-06,,0.53999,240.54,114,0
0.0065264,-0.0062069,0,0,4.3104e-06,,0.56,240.56,114,0
0.0065269,-0.0062066,0,0,5.1858e-06,,0.58,240.58,114,0
0.0065275,-0.0062063,0,0,5.1858e-06,,0.60001,240.6,114,0
0.006528,-0.0062059,0,0,5.1858e-06,,0.62,240.62,114,0
0.0065286,-0.0062056,0,0,5.1858e-06,,0.64,240.64,114,0
0.0065291,-0.0062053,0,0,5.1858e-06,,0.66,240.66,114,0
0.0065297,-0.0062049,0,0,5.1858e-06,,0.67999,240.68,114,0
0.0065302,-0.0062046,0,0,5.1858e-06,,0.7,240.7,114,0
0.0065308,-0.0062043,0,0,5.1858e-06,,0.72,240.72,114,0
0.0065313,-0.0062039,0,0,5.1858e-06,,0.74001,240.74,114,0
0.0065319,-0.0062036,0,0,5.1858e-06,,0.75999,240.76,114,0
0.0065324,-0.0062033,0,0,7.0014e-06,,0.78,240.78,114,0
0.006533,-0.0062029,0,0,7.0014e-06,,0.8,240.8,114,0
0.0065335,-0.0062026,0,0,7.0014e-06,,0.82001,240.82,114,0
0.0065341,-0.0062023,0,0,7.0014e-06,,0.84,240.84,114,0
0.0065346,-0.0062019,0,0,7.0014e-06,,0.86,240.86,114,0
0.0065352,-0.0062016,0,0,7.0014e-06,,0.88,240.88,114,0
0.0065357,-0.0062012,0,0,7.0014e-06,,0.89999,240.9,114,0
0.0065363,-0.0062009,0,0,7.0014e-06,,0.92,240.92,114,0
0.0065368,-0.0062006,0,0,7.0014e-06,,0.94,240.94,114,0
0.0065374,-0.0062002,0,0,7.0014e-06,,0.96001,240.96,114,0
0.0065379,-0.0061999,0,0,7.0014e-06,,0.98,240.98,114,0
0.0065385,-0.0061996,0,0,7.0014e-06,,1,241,114,0
0.006539,-0.0061992,0,0,7.0014e-06,,1.02,241.02,114,0
0.0065396,-0.0061989,0,0,1.2625e-05,,1.04,241.04,114,0
0.0065401,-0.0061985,0,0,1.2625e-05,,1.06,241.06,114,0
0.0065407,-0.0061982,0,0,1.2625e-05,,1.08,241.08,114,0
0.0065412,-0.0061978,0,0,1.2625e-05,,1.1,241.1,114,0
0.0065418,-0.0061975,0,0,1.2625e-05,,1.12,241.12,114,0
0.0065423,-0.0061971,0,0,1.2625e-05,,1.14,241.14,114,0
0.0065429,-0.0061968,0,0,1.2625e-05,,1.16,241.16,114,0
0.0065434,-0.0061964,0,0,1.2625e-05,,1.18,241.18,114,0
0.006544,-0.0061961,0,0,1.2625e-05,,1.2,241.2,114,0
0.0065445,-0.0061957,0,0,1.2625e-05,,1.22,241.22,114,0
0.0065451,-0.0061954,0,0,1.2625e-05,,1.24,241.24,114,0
0.0065456,-0.006195,0,0,1.2625e-05,,1.26,241.26,114,0
0.0065462,-0.0061947,0,0,1.2625e-05,,1.28,241.28,114,0
0.0065467,-0.0061943,0,0,1.2625e-05,,1.3,241.3,114,0
0.0065473,-0.006194,0,0,1.6987e-05,,1.32,241.32,114,0
0.0065478,-0.0061936,0,0,1.6987e-05,,1.34,241.34,114,0
0.0065484,-0.0061932,0,0,1.6987e-05,,1.36,241.36,114,0
0.0065489,-0.0061929,0,0,1.6987e-05,,1.38,241.38,114,0
0.0065495,-0.0061925,0,0,1.6987e-05,,1.4,241.4,114,0
0.00655,-0.0061922,0,0,1.6987e-05,,1.42,241.42,114,0
0.0065506,-0.0061918,0,0,1.6987e-05,,1.44,241.44,114,0
0.0065511,-0.0061915,0,0,1.6987e-05,,1.46,241.46,114,0
0.0065517,-0.0061911,0,0,1.6987e-05,,1.48,241.48,114,0
0.0065522,-0.0061908,0,0,1.6987e-05,,1.5,241.5,114,0
0.0065528,-0.0061904,0,0,1.6987e-05,,1.52,241.52,114,0
0.0065533,-0.0061901,0,0,2.0194e-05,,1.54,241.54,114,0
0.0065539,-0.0061897,0,0,2.0194e-05,,1.56,241.56,114,0
0.0065545,-0.0061893,0,0,2.7008e-05,,1.58,241.58,114,0
0.006555,-0.006189,0,0,2.7008e-05,,1.6,241.6,114,0
0.0065556,-0.0061886,0,0,3.0132e-05,,1.62,241.62,114,0
0.0065561,-0.0061882,0,0,3.0132e-05,,1.64,241.64,114,0
0.0065567,-0.0061878,0,0,3.0132e-05,,1.66,241.66,114,0
0.0065572,-0.0061875,0,0,3.0132e-05,,1.68,241.68,114,0
0.0065578,-0.0061871,0,0,3.0132e-05,,1.7,241.7,114,0
0.0065583,-0.0061867,0,0,3.0132e-05,,1.72,241.72,114,0
0.0065589,-0.0061863,0,0,3.0132e-05,,1.74,241.74,114,0
0.0065594,-0.006186,0,0,3.0132e-05,,1.76,241.76,114,0
0.00656,-0.0061856,0,0,3.0132e-05,,1.78,241.78,114,0
0.0065605,-0.0061852,0,0,3.0132e-05,,1.8,241.8,114,0
0.0065611,-0.0061848,0,0,3.0132e-05,,1.82,241.82,114,0
0.0065616,-0.0061845,0,0,4.0391e-05,,1.84,241.84,114,0
0.0065622,-0.0061841,0,0,4.0391e-05,,1.86,241.86,114,0
0.0065627,-0.0061837,0,0,4.0391e-05,,1.88,241.88,114,0
0.0065633,-0.0061833,0,0,4.0391e-05,,1.9,241.9,114,0
0.0065638,-0.006183,0,0,4.0391e-05,,1.92,241.92,114,0
0.0065644,-0.0061826,0,0,4.0391e-05,,1.94,241.94,114,0
0.0065649,-0.0061822,0,0,4.0391e-05,,1.96,241.96,114,0
0.0065655,-0.0061819,0,0,4.0391e-05,,1.98,241.98,114,0
0.006566,-0.0061815,0,0,4.0391e-05,,2,242,114,0
0.0065666,-0.0061811,0,0,4.0391e-05,,2.02,242.02,114,0
0.0065671,-0.0061807,0,0,4.8027e-05,,2.04,242.04,114,0
0.0065677,-0.0061803,0,0,4.8027e-05,,2.06,242.06,114,0
0.0065683,-0.00618,0,0,4.8027e-05,,2.08,242.08,114,0
0.0065688,-0.0061796,0,0,6.4945e-05,,2.1,242.1,114,0
0.0065694,-0.0061792,0,0,6.4945e-05,,2.12,242.12,114,0
0.00657,-0.0061788,0,0,6.4945e-05,,2.14,242.14,114,0
0.0065705,-0.0061784,0,0,6.4945e-05,,2.16,242.16,114,0
0.0065711,-0.006178,0,0,6.4945e-05,,2.18,242.18,114,0
0.0065717,-0.0061776,0,0,7.261e-05,,2.2,242.2,114,0
0.0065722,-0.0061772,0,0,7.261e-05,,2.22,242.22,114,0
0.0065727,-0.0061768,0,0,7.261e-05,,2.24,242.24,114,0
0.0065733,-0.0061764,0,0,7.261e-05,,2.26,242.26,114,0
0.0065738,-0.006176,0,0,7.261e-05,,2.28,242.28,114,0
0.0065744,-0.0061757,0,0,7.261e-05,,2.3,242.3,114,0
0.0065749,-0.0061753,0,0,7.261e-05,,2.32,242.32,114,0
0.0065755,-0.0061749,0,0,7.261e-05,,2.34,242.34,114,0
0.006576,-0.0061745,0,0,7.261e-05,,2.36,242.36,114,0
0.0065766,-0.0061741,0,0,9.7799e-05,,2.38,242.38,114,0
0.0065771,-0.0061737,0,0,9.7799e-05,,2.4,242.4,114,0
0.0065777,-0.0061733,0,0,9.7799e-05,,2.42,242.42,114,0
0.0065782,-0.0061729,0,0,9.7799e-05,,2.44,242.44,114,0
0.0065788,-0.0061725,0,0,9.7799e-05,,2.46,242.46,114,0
0.0065793,-0.0061721,0,0,9.7799e-05,,2.48,242.48,114,0
0.0065799,-0.0061717,0,0,9.7799e-05,,2.5,242.5,114,0
0.0065804,-0.0061713,0,0,0.00011718,,2.52,242.52,114,0
0.006581,-0.0061709,0,0,0.00011718,,2.54,242.54,114,0
0.0065815,-0.0061705,0,0,0.00011718,,2.56,242.56,114,0
0.0065821,-0.0061701,0,0,0.00011718,,2.58,242.58,114,0
0.0065827,-0.0061696,0,0,0.00011718,,2.6,242.6,114,0
0.0065832,-0.0061692,0,0,0.00011718,,2.62,242.62,114,0
0.0065838,-0.0061688,0,0,0.00015591,,2.64,242.64,114,0
0.0065844,-0.0061684,0,0,0.00015591,,2.66,242.66,114,0
0.0065849,-0.006168,0,0,0.00015591,,2.68,242.68,114,0
0.0065855,-0.0061676,0,0,0.00015591,,2.7,242.7,114,0
0.0065861,-0.0061672,0,0,0.00015591,,2.72,242.72,114,0
0.0065866,-0.0061668,0,0,0.00015591,,2.74,242.74,114,0
0.0065872,-0.0061664,0,0,0.00015591,,2.76,242.76,114,0
0.0065878,-0.006166,0,0,0.00017282,,2.78,242.78,114,0
0.0065883,-0.0061656,0,0,0.00017282,,2.8,242.8,114,0
0.0065889,-0.0061651,0,0,0.00017282,,2.82,242.82,114,0
0.0065894,-0.0061647,0,0,0.00017282,,2.84,242.84,114,0
0.0065899,-0.0061643,0,0,0.00017282,,2.86,242.86,114,0
0.0065905,-0.0061639,0,0,0.00017282,,2.88,242.88,114,0
0.006591,-0.0061635,0,0,0.00023011,,2.9,242.9,114,0
0.0065916,-0.006163,0,0,0.00023011,,2.92,242.92,114,0
0.0065921,-0.0061626,0,0,0.00023011,,2.94,242.94,114,0
0.0065926,-0.0061622,0,0,0.00023011,,2.96,242.96,114,0
0.0065932,-0.0061618,0,0,0.00027843,,2.98,242.98,114,0
0.0065938,-0.0061613,0,0,0.00027843,,3,243,114,0
0.0065943,-0.0061609,0,0,0.00027843,,3.02,243.02,114,0
0.0065949,-0.0061605,0,0,0.00027843,,3.04,243.04,114,0
0.0065955,-0.00616,0,0,0.00027843,,3.06,243.06,114,0
0.006596,-0.0061596,0,0,0.00027843,,3.08,243.08,114,0
0.0065966,-0.0061592,0,0,0.00027843,,3.1,243.1,114,0
0.0065972,-0.0061587,0,0,0.00027843,,3.12,243.12,114,0
0.0065977,-0.0061583,0,0,0.00027843,,3.14,243.14,114,0
0.0065983,-0.0061579,0,0,0.00037561,,3.16,243.16,114,0
0.0065989,-0.0061574,0,0,0.00037561,,3.18,243.18,114,0
0.0065994,-0.006157,0,0,0.00037561,,3.2,243.2,114,0
0.0066,-0.0061566,0,0,0.00037561,,3.22,243.22,114,0
0.0066006,-0.0061561,0,0,0.00037561,,3.24,243.24,114,0
0.0066011,-0.0061557,0,0,0.00037561,,3.26,243.26,114,0
0.0066017,-0.0061553,0,0,0.00037561,,3.28,243.28,114,0
0.0066023,-0.0061548,0,0,0.00037561,,3.3,243.3,114,0
0.0066028,-0.0061544,0,0,0.00037561,,3.32,243.32,114,0
0.0066034,-0.006154,0,0,0.00037561,,3.34,243.34,114,0
0.0066039,-0.0061535,0,0,0.00041569,,3.36,243.36,114,0
0.0066045,-0.0061531,0,0,0.00041569,,3.38,243.38,114,0
0.006605,-0.0061526,0,0,0.00041569,,3.4,243.4,114,0
0.0066055,-0.0061522,0,0,0.00055669,,3.42,243.42,114,0
0.0066061,-0.0061517,0,0,0.00055669,,3.44,243.44,114,0
0.0066066,-0.0061513,0,0,0.00055669,,3.46,243.46,114,0
0.0066072,-0.0061508,0,0,0.00066467,,3.48,243.48,114,0
0.0066077,-0.0061504,0,0,0.00066467,,3.5,243.5,114,0
0.0066083,-0.0061499,0,0,0.00066467,,3.52,243.52,114,0
0.0066089,-0.0061494,0,0,0.00066467,,3.54,243.54,114,0
0.0066094,-0.006149,0,0,0.00066467,,3.56,243.56,114,0
0.00661,-0.0061485,0,0,0.00066467,,3.58,243.58,114,0
0.0066105,-0.006148,0,0,0.00066467,,3.6,243.6,114,0
0.0066111,-0.0061476,0,0,0.00066467,,3.62,243.62,114,0
0.0066117,-0.0061471,0,0,0.00066467,,3.64,243.64,114,0
0.0066122,-0.0061467,0,0,0.00066467,,3.66,243.66,114,0
0.0066128,-0.0061462,0,0,0.00088858,,3.68,243.68,114,0
0.0066134,-0.0061457,0,0,0.00088858,,3.7,243.7,114,0
0.0066139,-0.0061453,0,0,0.00088858,,3.72,243.72,114,0
0.0066145,-0.0061448,0,0,0.00088858,,3.74,243.74,114,0
0.0066151,-0.0061444,0,0,0.00088858,,3.76,243.76,114,0
0.0066156,-0.0061439,0,0,0.00088858,,3.78,243.78,114,0
0.0066162,-0.0061434,0,0,0.00088858,,3.8,243.8,114,0
0.0066168,-0.006143,0,0,0.00088858,,3.82,243.82,114,0
0.0066173,-0.0061425,0,0,0.00088858,,3.84,243.84,114,0
0.0066179,-0.0061421,0,0,0.00088858,,3.86,243.86,114,0
0.0066184,-0.0061416,0,0,0.00088858,,3.88,243.88,114,0
0.006619,-0.0061411,0,0,0.00088858,,3.9,243.9,114,0
0.0066196,-0.0061407,0,0,0.00098165,,3.92,243.92,114,0
0.0066201,-0.0061402,0,0,0.001596,,3.94,243.94,114,0
0.0066207,-0.0061397,0,0,0.001596,,3.96,243.96,114,0
0.0066212,-0.0061392,0,0,0.001596,,3.98,243.98,114,0
0.0066218,-0.0061387,0,0,0.001596,,4,244,114,0
0.0066224,-0.0061382,0,0,0.001596,,4.02,244.02,114,0
0.0066229,-0.0061377,0,0,0.001596,,4.04,244.04,114,0
0.0066235,-0.0061372,0,0,0.001596,,4.06,244.06,114,0
0.006624,-0.0061367,0,0,0.001596,,4.08,244.08,114,0
0.0066246,-0.0061362,0,0,0.001596,,4.1,244.1,114,0
0.0066252,-0.0061357,0,0,0.001596,,4.12,244.12,114,0
0.0066257,-0.0061352,0,0,0.001596,,4.14,244.14,114,0
0.0066263,-0.0061347,0,0,0.001596,,4.16,244.16,114,0
0.0066268,-0.0061342,0,0,0.001596,,4.18,244.18,114,0
0.0066274,-0.0061337,0,0,0.0021445,,4.2,244.2,114,0
0.0066279,-0.0061332,0,0,0.0021445,,4.22,244.22,114,0
0.0066285,-0.0061327,0,0,0.0021445,,4.24,244.24,114,0
0.0066291,-0.0061322,0,0,0.0021445,,4.26,244.26,114,0
0.0066296,-0.0061317,0,0,0.0021445,,4.28,244.28,114,0
0.0066302,-0.0061312,0,0,0.0021445,,4.3,244.3,114,0
0.0066307,-0.0061307,0,0,0.0021445,,4.32,244.32,114,0
0.0066313,-0.0061302,0,0,0.0021445,,4.34,244.34,114,0
0.0066319,-0.0061298,0,0,0.0021445,,4.36,244.36,114,0
0.0066324,-0.0061293,0,0,0.0021445,,4.38,244.38,114,0
0.006633,-0.0061288,0,0,0.0021445,,4.4,244.4,114,0
0.0066336,-0.0061283,0,0,0.0025706,,4.42,244.42,114,0
0.0066341,-0.0061277,0,0,0.0025706,,4.44,244.44,114,0
0.0066347,-0.0061272,0,0,0.0034294,,4.46,244.46,114,0
0.0066353,-0.0061267,0,0,0.0034294,,4.48,244.48,114,0
0.0066359,-0.0061262,0,0,0.0037918,,4.5,244.5,114,0
0.0066365,-0.0061257,0,0,0.0037918,,4.52,244.52,114,0
0.006637,-0.0061251,0,0,0.0037918,,4.54,244.54,114,0
0.0066376,-0.0061246,0,0,0.0037918,,4.56,244.56,114,0
0.0066381,-0.0061241,0,0,0.0037918,,4.58,244.58,114,0
0.0066387,-0.0061235,0,0,0.0037918,,4.6,244.6,114,0
0.0066392,-0.006123,0,0,0.0037918,,4.62,244.62,114,0
0.0066398,-0.0061224,0,0,0.0037918,,4.64,244.64,114,0
0.0066403,-0.0061219,0,0,0.0037918,,4.66,244.66,114,0
0.0066409,-0.0061214,0,0,0.0037918,,4.68,244.68,114,0
0.0066414,-0.0061208,0,0,0.0037918,,4.7,244.7,114,0
0.006642,-0.0061203,0,0,0.0050934,,4.72,244.72,114,0
0.0066425,-0.0061198,0,0,0.0050934,,4.74,244.74,114,0
0.0066431,-0.0061192,0,0,0.0050934,,4.76,244.76,114,0
0.0066436,-0.0061187,0,0,0.0050934,,4.78,244.78,114,0
0.0066442,-0.0061182,0,0,0.0050934,,4.8,244.8,114,0
0.0066447,-0.0061176,0,0,0.0050934,,4.82,244.82,114,0
0.0066453,-0.0061171,0,0,0.0050934,,4.84,244.84,114,0
0.0066458,-0.0061165,0,0,0.0050934,,4.86,244.86,114,0
0.0066464,-0.006116,0,0,0.0061574,,4.88,244.88,114,0
0.006647,-0.0061154,0,0,0.0061574,,4.9,244.9,114,0
0.0066476,-0.0061149,0,0,0.0061574,,4.92,244.92,114,0
0.0066482,-0.0061143,0,0,0.0061574,,4.94,244.94,114,0
0.0066488,-0.0061138,0,0,0.0061574,,4.96,244.96,114,0
0.0066494,-0.0061132,0,0,0.0083586,,4.98,244.98,114,0
0.00665,-0.0061127,0,0,0.0083586,,5,245,114,0
0.0066505,-0.0061121,0,0,0.0083586,,5.02,245.02,114,0
0.0066511,-0.0061115,0,0,0.0083586,,5.04,245.04,114,0
0.0066517,-0.006111,0,0,0.0083586,,5.06,245.06,114,0
0.0066523,-0.0061104,0,0,0.0083586,,5.08,245.08,114,0
0.0066529,-0.0061098,0,0,0.0092605,,5.1,245.1,114,0
0.0066534,-0.0061093,0,0,0.0092605,,5.12,245.12,114,0
0.006654,-0.0061087,0,0,0.0092605,,5.14,245.14,114,0
0.0066545,-0.0061081,0,0,0.0092605,,5.16,245.16,114,0
0.0066551,-0.0061075,0,0,0.0092605,,5.18,245.18,114,0
0.0066556,-0.0061069,0,0,0.0092605,,5.2,245.2,114,0
0.0066562,-0.0061063,0,0,0.0092605,,5.22,245.22,114,0
0.0066567,-0.0061057,0,0,0.01242,,5.24,245.24,114,0
0.0066572,-0.0061051,0,0,0.01242,,5.26,245.26,114,0
0.0066578,-0.0061045,0,0,0.01242,,5.28,245.28,114,0
0.0066583,-0.006104,0,0,0.01242,,5.3,245.3,114,0
0.0066588,-0.0061034,0,0,0.01242,,5.32,245.32,114,0
0.0066594,-0.0061028,0,0,0.01242,,5.34,245.34,114,0
0.0066599,-0.0061022,0,0,0.015047,,5.36,245.36,114,0
0.0066605,-0.0061016,0,0,0.015047,,5.38,245.38,114,0
0.0066611,-0.0061009,0,0,0.015047,,5.4,245.4,114,0
0.0066617,-0.0061003,0,0,0.015047,,5.42,245.42,114,0
0.0066623,-0.0060997,0,0,0.015047,,5.44,245.44,114,0
0.0066629,-0.0060991,0,0,0.015047,,5.46,245.46,114,0
0.0066635,-0.0060985,0,0,0.015047,,5.48,245.48,114,0
0.006664,-0.0060979,0,0,0.020029,,5.5,245.5,114,0
0.0066646,-0.0060973,0,0,0.020029,,5.52,245.52,114,0
0.0066652,-0.0060966,0,0,0.020029,,5.54,245.54,114,0
0.0066658,-0.006096,0,0,0.020029,,5.56,245.56,114,0
0.0066664,-0.0060954,0,0,0.020029,,5.58,245.58,114,0
0.0066669,-0.0060948,0,0,0.020029,,5.6,245.6,114,0
0.0066675,-0.0060942,0,0,0.020029,,5.62,245.62,114,0
0.0066681,-0.0060936,0,0,0.020029,,5.64,245.64,114,0
0.0066687,-0.0060929,0,0,0.020029,,5.66,245.66,114,0
0.0066693,-0.0060923,0,0,0.020029,,5.68,245.68,114,0
0.0066698,-0.0060917,0,0,0.021937,,5.7,245.7,114,0
0.0066704,-0.006091,0,0,0.021937,,5.72,245.72,114,0
0.0066709,-0.0060904,0,0,0.021937,,5.74,245.74,114,0
0.0066714,-0.0060897,0,0,0.029607,,5.76,245.76,114,0
0.0066719,-0.0060891,0,0,0.029607,,5.78,245.78,114,0
0.0066725,-0.0060884,0,0,0.036574,,5.8,245.8,114,0
0.006673,-0.0060877,0,0,0.036574,,5.82,245.82,114,0
0.0066736,-0.006087,0,0,0.036574,,5.84,245.84,114,0
0.0066742,-0.0060863,0,0,0.036574,,5.86,245.86,114,0
0.0066748,-0.0060856,0,0,0.036574,,5.88,245.88,114,0
0.0066754,-0.006085,0,0,0.036574,,5.9,245.9,114,0
0.0066759,-0.0060843,0,0,0.036574,,5.92,245.92,114,0
0.0066765,-0.0060836,0,0,0.036574,,5.94,245.94,114,0
0.0066771,-0.0060829,0,0,0.036574,,5.96,245.96,114,0
0.0066777,-0.0060822,0,0,0.036574,,5.98,245.98,114,0
0.0066783,-0.0060815,0,0,0.036574,,6,246,114,0
0.0066788,-0.0060808,0,0,0.036574,,6.02,246.02,114,0
0.0066794,-0.0060801,0,0,0.049276,,6.04,246.04,114,0
0.00668,-0.0060794,0,0,0.049276,,6.06,246.06,114,0
0.0066806,-0.0060787,0,0,0.049276,,6.08,246.08,114,0
0.0066811,-0.006078,0,0,0.049276,,6.1,246.1,114,0
0.0066817,-0.0060773,0,0,0.049276,,6.12,246.12,114,0
0.0066823,-0.0060767,0,0,0.049276,,6.14,246.14,114,0
0.0066829,-0.006076,0,0,0.049276,,6.16,246.16,114,0
0.0066834,-0.0060753,0,0,0.049276,,6.18,246.18,114,0
0.006684,-0.0060746,0,0,0.049276,,6.2,246.2,114,0
0.0066846,-0.0060739,0,0,0.049276,,6.22,246.22,114,0
0.0066852,-0.0060732,0,0,0.049276,,6.24,246.24,114,0
0.0066858,-0.0060725,0,0,0.059841,,6.26,246.26,114,0
0.0066864,-0.0060717,0,0,0.079602,,6.28,246.28,114,0
0.006687,-0.006071,0,0,0.086614,,6.3,246.3,114,0
0.0066876,-0.0060702,0,0,0.086614,,6.32,246.32,114,0
0.0066881,-0.0060694,0,0,0.086614,,6.34,246.34,114,0
0.0066887,-0.0060686,0,0,0.086614,,6.36,246.36,114,0
0.0066893,-0.0060678,0,0,0.086614,,6.38,246.38,114,0
0.0066898,-0.006067,0,0,0.086614,,6.4,246.4,114,0
0.0066904,-0.0060663,0,0,0.086614,,6.42,246.42,114,0
0.006691,-0.0060655,0,0,0.086614,,6.44,246.44,114,0
0.0066916,-0.0060647,0,0,0.086614,,6.46,246.46,114,0
0.0066921,-0.0060639,0,0,0.086614,,6.48,246.48,114,0
0.0066927,-0.0060631,0,0,0.086614,,6.5,246.5,114,0
0.0066933,-0.0060624,0,0,0.11669,,6.52,246.52,114,0
0.0066938,-0.0060616,0,0,0.11669,,6.54,246.54,114,0
0.0066944,-0.0060608,0,0,0.11669,,6.56,246.56,114,0
0.006695,-0.00606,0,0,0.11669,,6.58,246.58,114,0
0.0066955,-0.0060592,0,0,0.11669,,6.6,246.6,114,0
0.0066961,-0.0060584,0,0,0.11669,,6.62,246.62,114,0
0.0066966,-0.0060576,0,0,0.11669,,6.64,246.64,114,0
0.0066972,-0.0060568,0,0,0.11669,,6.66,246.66,114,0
0.0066978,-0.006056,0,0,0.11669,,6.68,246.68,114,0
0.0066983,-0.0060552,0,0,0.14555,,6.7,246.7,114,0
0.006699,-0.0060544,0,0,0.14555,,6.72,246.72,114,0
0.0066997,-0.0060536,0,0,0.14555,,6.74,246.74,114,0
0.0067003,-0.0060527,0,0,0.14555,,6.76,246.76,114,0
0.006701,-0.0060519,0,0,0.14555,,6.78,246.78,114,0
0.0067016,-0.0060511,0,0,0.20259,,6.8,246.8,114,0
0.0067023,-0.0060503,0,0,0.20259,,6.82,246.82,114,0
0.0067029,-0.0060494,0,0,0.20259,,6.84,246.84,114,0
0.0067036,-0.0060486,0,0,0.20259,,6.86,246.86,114,0
0.0067043,-0.0060478,0,0,0.20259,,6.88,246.88,114,0
0.0067049,-0.0060469,0,0,0.20259,,6.9,246.9,114,0
0.0067055,-0.0060461,0,0,0.21835,,6.92,246.92,114,0
0.006706,-0.0060452,0,0,0.21835,,6.94,246.94,114,0
0.0067066,-0.0060443,0,0,0.21835,,6.96,246.96,114,0
0.0067072,-0.0060434,0,0,0.21835,,6.98,246.98,114,0
0.0067077,-0.0060425,0,0,0.21835,,7,247,114,0
0.0067083,-0.0060416,0,0,0.21835,,7.02,247.02,114,0
0.0067089,-0.0060408,0,0,0.21835,,7.04,247.04,114,0
0.0067094,-0.0060399,0,0,0.21835,,7.06,247.06,114,0
0.00671,-0.006039,0,0,0.29809,,7.08,247.08,114,0
0.0067105,-0.0060381,0,0,0.29809,,7.1,247.1,114,0
0.0067111,-0.0060372,0,0,0.29809,,7.12,247.12,114,0
0.0067116,-0.0060363,0,0,0.29809,,7.14,247.14,114,0
0.0067122,-0.0060353,0,0,0.29809,,7.16,247.16,114,0
0.0067127,-0.0060344,0,0,0.37773,,7.18,247.18,114,0
0.0067134,-0.0060335,0,0,0.37773,,7.2,247.2,114,0
0.0067141,-0.0060326,0,0,0.37773,,7.22,247.22,114,0
0.0067147,-0.0060317,0,0,0.37773,,7.24,247.24,114,0
0.0067154,-0.0060308,0,0,0.37773,,7.26,247.26,114,0
0.006716,-0.00603,0,0,0.37773,,7.28,247.28,114,0
0.0067167,-0.0060291,0,0,0.37773,,7.3,247.3,114,0
0.0067174,-0.0060282,0,0,0.37773,,7.32,247.32,114,0
0.006718,-0.0060273,0,0,0.52208,,7.34,247.34,114,0
0.0067187,-0.0060264,0,0,0.52208,,7.36,247.36,114,0
0.0067193,-0.0060255,0,0,0.52208,,7.38,247.38,114,0
0.00672,-0.0060246,0,0,0.52208,,7.4,247.4,114,0
0.0067207,-0.0060237,0,0,0.52208,,7.42,247.42,114,0
0.0067213,-0.0060229,0,0,0.52208,,7.44,247.44,114,0
0.006722,-0.006022,0,0,0.52208,,7.46,247.46,114,0
0.0067226,-0.0060211,0,0,0.52208,,7.48,247.48,114,0
0.0067233,-0.0060202,0,0,0.52208,,7.5,247.5,114,0
0.006724,-0.0060193,0,0,0.52208,,7.52,247.52,114,0
0.0067246,-0.0060185,0,0,0.52208,,7.54,247.54,114,0
0.0067253,-0.0060176,0,0,0.52208,,7.56,247.56,114,0
0.0067259,-0.0060167,0,0,0.52208,,7.58,247.58,114,0
0.0067266,-0.0060159,0,42.66,0.85602,,7.6,247.6,114,0
0.0067273,-0.0060151,0,42.66,0.85602,,7.62,247.62,114,0
0.006728,-0.0060143,0,42.66,0.85602,,7.64,247.64,114,0
0.0067287,-0.0060135,0,42.66,0.85602,,7.66,247.66,114,0
0.0067294,-0.0060127,0,42.66,0.85602,,7.68,247.68,114,0
0.0067301,-0.0060119,0,42.66,0.85602,,7.7,247.7,114,0
0.0067308,-0.0060111,0,42.66,0.85602,,7.72,247.72,114,0
0.0067315,-0.0060103,0,42.66,0.85602,,7.74,247.74,114,0
0.0067322,-0.0060095,0,42.66,0.85602,,7.76,247.76,114,0
0.0067328,-0.0060087,0,42.66,0.85602,,7.78,247.78,114,0
0.0067335,-0.0060079,0,42.66,0.85602,,7.8,247.8,114,0
0.0067342,-0.0060071,0,42.66,0.85602,,7.82,247.82,114,0
0.0067349,-0.0060063,0,42.66,0.85602,,7.84,247.84,114,0
0.0067356,-0.0060055,0,42.66,0.85602,,7.86,247.86,114,0
0.0067364,-0.006005,0,48.509,0.95139,,7.88,247.88,114,0
0.0067371,-0.0060045,0,48.509,0.95139,,7.9,247.9,114,0
0.0067379,-0.006004,0,48.509,0.95139,,7.92,247.92,114,0
0.0067387,-0.0060035,0,48.509,0.95139,,7.94,247.94,114,0
0.0067395,-0.006003,0,48.509,0.95139,,7.96,247.96,114,0
0.0067403,-0.0060025,0,48.509,0.95139,,7.98,247.98,114,0
0.006741,-0.006002,0,48.509,0.95139,,8,248,114,0
0.0067418,-0.0060015,0,48.509,0.95139,,8.02,248.02,114,0
0.0067427,-0.006001,0,73.263,0.98488,,8.04,248.04,114,0
0.0067437,-0.0060006,0,73.263,0.98488,,8.06,248.06,114,0
0.0067446,-0.0060001,0,73.263,0.98488,,8.08,248.08,114,0
0.0067456,-0.0059997,0,73.263,0.98488,,8.1,248.1,114,0
0.0067466,-0.0059992,0,73.263,0.98488,,8.12,248.12,114,0
0.0067475,-0.0059988,0,94.996,0.99119,,8.14,248.14,114,0
0.0067487,-0.0059989,0,94.996,0.99119,,8.16,248.16,114,0
0.0067499,-0.0059989,0,94.996,0.99119,,8.18,248.18,114,0
0.0067512,-0.005999,0,94.996,0.99119,,8.2,248.2,114,0
0.0067524,-0.0059991,0,94.996,0.99119,,8.22,248.22,114,0
0.0067536,-0.0059992,0,94.996,0.99119,,8.24,248.24,114,0
0.0067548,-0.0059992,0,94.996,0.99119,,8.26,248.26,114,0
0.006756,-0.0059993,0,94.996,0.99119,,8.28,248.28,114,0
0.0067572,-0.0059994,0,94.996,0.99119,,8.3,248.3,114,0
0.0067584,-0.0059995,0,94.996,0.99119,,8.32,248.32,114,0
0.0067597,-0.0059995,0,94.996,0.99119,,8.34,248.34,114,0
0.0067609,-0.0059996,0,94.996,0.99119,,8.36,248.36,114,0
0.0067621,-0.0059997,0,94.996,0.99119,,8.38,248.38,114,0
0.0067634,-0.0059997,0,104.23,0.99023,,8.4,248.4,114,0
0.0067647,-0.0059997,0,104.23,0.99023,,8.42,248.42,114,0
0.0067664,-0.0060001,0,144.12,0.99231,,8.44,248.44,114,0
0.0067681,-0.0060005,0,144.12,0.99231,,8.46,248.46,114,0
0.0067698,-0.006001,0,144.12,0.99231,,8.48,248.48,114,0
0.0067716,-0.0060015,0,144.12,0.99231,,8.5,248.5,114,0
0.0067733,-0.006002,0,144.12,0.99231,,8.52,248.52,114,0
0.006775,-0.0060025,0,144.12,0.99231,,8.54,248.54,114,0
0.0067768,-0.0060029,0,144.12,0.99231,,8.56,248.56,114,0
0.0067785,-0.0060034,0,144.12,0.99231,,8.58,248.58,114,0
0.0067802,-0.0060039,0,144.12,0.99231,,8.6,248.6,114,0
0.006782,-0.0060044,0,138.62,0.99287,,8.62,248.62,114,0
0.0067836,-0.0060049,0,138.62,0.99287,,8.64,248.64,114,0
0.0067853,-0.0060054,0,138.62,0.99287,,8.66,248.66,114,0
0.0067869,-0.0060059,0,138.62,0.99287,,8.68,248.68,114,0
0.0067886,-0.0060064,0,138.62,0.99287,,8.7,248.7,114,0
0.0067904,-0.0060072,0,209.23,0.99226,,8.72,248.72,114,0
0.0067926,-0.0060085,0,93.528,0.99235,,8.74,248.74,114,0
0.0067947,-0.0060093,0,93.528,0.99235,,8.76,248.76,114,0
0.0067968,-0.0060101,0,93.528,0.99235,,8.78,248.78,114,0
0.0067989,-0.0060109,0,93.528,0.99235,,8.8,248.8,114,0
0.006801,-0.0060117,0,93.528,0.99235,,8.82,248.82,114,0
0.0068031,-0.0060125,0,93.528,0.99235,,8.84,248.84,114,0
0.0068052,-0.0060133,0,93.528,0.99235,,8.86,248.86,114,0
0.0068073,-0.0060141,0,93.528,0.99235,,8.88,248.88,114,0
0.0068094,-0.006015,0,93.528,0.99235,,8.9,248.9,114,0
0.0068115,-0.0060158,0,93.528,0.99235,,8.92,248.92,114,0
0.0068136,-0.0060166,0,93.528,0.99235,,8.94,248.94,114,0
0.0068157,-0.0060174,0,93.528,0.99235,,8.96,248.96,114,0
0.0068178,-0.0060182,0,93.528,0.99235,,8.98,248.98,114,0
0.0068199,-0.006019,0,93.528,0.99235,,9,249,114,0
0.0068226,-0.0060219,0,158.9,0.98962,,9.02,249.02,114,0
0.0068257,-0.0060266,0,158.9,0.98962,,9.04,249.04,114,0
0.0068288,-0.0060305,0,43.758,0.99048,,9.06,249.06,114,0
0.0068317,-0.0060321,0,43.758,0.99048,,9.08,249.08,114,0
0.0068347,-0.0060338,0,43.758,0.99048,,9.1,249.1,114,0
0.0068376,-0.0060354,0,43.758,0.99048,,9.12,249.12,114,0
0.0068406,-0.0060371,0,43.758,0.99048,,9.14,249.14,114,0
0.0068435,-0.0060388,0,43.758,0.99048,,9.16,249.16,114,0
0.0068464,-0.0060404,0,43.758,0.99048,,9.18,249.18,114,0
0.0068494,-0.0060421,0,43.758,0.99048,,9.2,249.2,114,0
0.0068523,-0.0060438,0,43.758,0.99048,,9.22,249.22,114,0
0.0068553,-0.0060454,0,43.758,0.99048,,9.24,249.24,114,0
0.0068582,-0.0060471,0,43.758,0.99048,,9.26,249.26,114,0
0.0068611,-0.0060487,0,43.758,0.99048,,9.28,249.28,114,0
0.0068641,-0.0060504,0,43.758,0.99048,,9.3,249.3,114,0
0.006867,-0.0060521,0,43.758,0.99048,,9.32,249.32,114,0
0.00687,-0.0060537,0,43.758,0.99048,,9.34,249.34,114,0
0.0068742,-0.0060617,0,63.198,0.98682,,9.36,249.36,114,0
0.0068794,-0.0060743,0,63.198,0.98682,,9.38,249.38,114,0
0.0068846,-0.0060869,0,63.198,0.98682,,9.4,249.4,114,0
0.0068894,-0.0060935,0,42.971,0.98992,,9.42,249.42,114,0
0.006894,-0.0060969,0,42.971,0.98992,,9.44,249.44,114,0
0.0068985,-0.0061002,0,42.971,0.98992,,9.46,249.46,114,0
0.0069031,-0.0061036,0,42.971,0.98992,,9.48,249.48,114,0
0.0069076,-0.0061069,0,42.971,0.98992,,9.5,249.5,114,0
0.0069122,-0.0061103,0,42.971,0.98992,,9.52,249.52,114,0
0.0069167,-0.0061137,0,42.971,0.98992,,9.54,249.54,114,0
0.0069213,-0.006117,0,42.971,0.98992,,9.56,249.56,114,0
0.0069258,-0.0061204,0,42.971,0.98992,,9.58,249.58,114,0
0.0069304,-0.0061238,0,42.971,0.98992,,9.6,249.6,114,0
0.0069349,-0.0061271,0,42.971,0.98992,,9.62,249.62,114,0
0.0069395,-0.0061305,0,42.971,0.98992,,9.64,249.64,114,0
0.0069449,-0.0061365,0,62.921,0.98643,,9.66,249.66,114,0
0.0069514,-0.0061456,0,62.921,0.98643,,9.68,249.68,114,0
0.0069578,-0.0061546,0,62.921,0.98643,,9.7,249.7,114,0
0.0069642,-0.0061634,0,43.778,0.99066,,9.72,249.72,114,0
0.006971,-0.0061667,0,43.778,0.99066,,9.74,249.74,114,0
0.0069778,-0.00617,0,43.778,0.99066,,9.76,249.76,114,0
0.0069846,-0.0061733,0,43.778,0.99066,,9.78,249.78,114,0
0.0069914,-0.0061766,0,43.778,0.99066,,9.8,249.8,114,0
0.0069982,-0.0061799,0,43.778,0.99066,,9.82,249.82,114,0
0.0070049,-0.0061832,0,43.778,0.99066,,9.84,249.84,114,0
0.0070117,-0.0061865,0,43.778,0.99066,,9.86,249.86,114,0
0.0070185,-0.0061898,0,43.778,0.99066,,9.88,249.88,114,0
0.0070253,-0.0061931,0,43.778,0.99066,,9.9,249.9,114,0
0.0070321,-0.0061964,0,43.778,0.99066,,9.92,249.92,114,0
0.0070388,-0.0061997,0,43.778,0.99066,,9.94,249.94,114,0
0.0070456,-0.006203,0,43.778,0.99066,,9.96,249.96,114,0
0.0070519,-0.0062038,0,63.309,0.9864,,9.98,249.98,114,0
0.0070579,-0.006203,0,63.309,0.9864,,10,250,114,0
0.0070639,-0.0062022,0,63.309,0.9864,,10.02,250.02,114,0
0.00707,-0.0062009,0,43.739,0.99051,,10.04,250.04,114,0
0.0070767,-0.0061971,0,43.739,0.99051,,10.06,250.06,114,0
0.0070835,-0.0061934,0,43.739,0.99051,,10.08,250.08,114,0
0.0070903,-0.0061896,0,43.739,0.99051,,10.1,250.1,114,0
0.007097,-0.0061858,0,43.739,0.99051,,10.12,250.12,114,0
0.0071038,-0.0061821,0,43.739,0.99051,,10.14,250.14,114,0
0.0071105,-0.0061783,0,43.739,0.99051,,10.16,250.16,114,0
0.0071173,-0.0061746,0,43.739,0.99051,,10.18,250.18,114,0
0.0071241,-0.0061708,0,43.739,0.99051,,10.2,250.2,114,0
0.0071308,-0.006167,0,43.739,0.99051,,10.22,250.22,114,0
0.0071376,-0.0061633,0,43.739,0.99051,,10.24,250.24,114,0
0.0071443,-0.0061595,0,43.739,0.99051,,10.26,250.26,114,0
0.0071511,-0.0061558,0,43.739,0.99051,,10.28,250.28,114,0
0.0071576,-0.0061489,0,62.326,0.98625,,10.3,250.3,114,0
0.0071639,-0.0061392,0,62.326,0.98625,,10.32,250.32,114,0
0.0071702,-0.0061295,0,62.326,0.98625,,10.34,250.34,114,0
0.0071759,-0.0061216,0,43.266,0.98955,,10.36,250.36,114,0
0.0071802,-0.0061179,0,43.266,0.98955,,10.38,250.38,114,0
0.0071845,-0.0061142,0,43.266,0.98955,,10.4,250.4,114,0
0.0071888,-0.0061104,0,43.266,0.98955,,10.42,250.42,114,0
0.0071932,-0.0061067,0,43.266,0.98955,,10.44,250.44,114,0
0.0071975,-0.006103,0,43.266,0.98955,,10.46,250.46,114,0
0.0072018,-0.0060992,0,43.266,0.98955,,10.48,250.48,114,0
0.0072061,-0.0060955,0,43.266,0.98955,,10.5,250.5,114,0
0.0072105,-0.0060918,0,43.266,0.98955,,10.52,250.52,114,0
0.0072148,-0.0060881,0,43.266,0.98955,,10.54,250.54,114,0
0.0072191,-0.0060843,0,43.266,0.98955,,10.56,250.56,114,0
0.0072234,-0.0060806,0,43.266,0.98955,,10.58,250.58,114,0
0.0072278,-0.0060769,0,43.266,0.98955,,10.6,250.6,114,0
0.0072321,-0.0060731,0,43.266,0.98955,,10.62,250.62,114,0
0.0072372,-0.0060638,0,62.326,0.9866,,10.64,250.64,114,0
0.0072425,-0.0060527,0,62.326,0.9866,,10.66,250.66,114,0
0.0072464,-0.0060469,0,44.25,0.99025,,10.68,250.68,114,0
0.0072492,-0.0060455,0,44.25,0.99025,,10.7,250.7,114,0
0.007252,-0.0060441,0,44.25,0.99025,,10.72,250.72,114,0
0.0072548,-0.0060427,0,44.25,0.99025,,10.74,250.74,114,0
0.0072576,-0.0060414,0,44.25,0.99025,,10.76,250.76,114,0
0.0072604,-0.00604,0,44.25,0.99025,,10.78,250.78,114,0
0.0072632,-0.0060386,0,44.25,0.99025,,10.8,250.8,114,0
0.007266,-0.0060372,0,44.25,0.99025,,10.82,250.82,114,0
0.0072688,-0.0060359,0,44.25,0.99025,,10.84,250.84,114,0
0.0072716,-0.0060345,0,44.25,0.99025,,10.86,250.86,114,0
0.0072744,-0.0060331,0,44.25,0.99025,,10.88,250.88,114,0
0.0072772,-0.0060317,0,44.25,0.99025,,10.9,250.9,114,0
0.00728,-0.0060303,0,44.25,0.99025,,10.92,250.92,114,0
0.0072828,-0.006029,0,44.25,0.99025,,10.94,250.94,114,0
0.0072857,-0.0060265,0,158.06,0.98973,,10.96,250.96,114,0
0.0072888,-0.0060225,0,158.06,0.98973,,10.98,250.98,114,0
0.0072913,-0.0060208,0,102.7,0.99261,,11,251,114,0
0.0072934,-0.0060201,0,102.7,0.99261,,11.02,251.02,114,0
0.0072955,-0.0060194,0,102.7,0.99261,,11.04,251.04,114,0
0.0072976,-0.0060187,0,102.7,0.99261,,11.06,251.06,114,0
0.0072997,-0.0060179,0,102.7,0.99261,,11.08,251.08,114,0
0.0073018,-0.0060172,0,102.7,0.99261,,11.1,251.1,114,0
0.0073039,-0.0060165,0,102.7,0.99261,,11.12,251.12,114,0
0.007306,-0.0060157,0,102.7,0.99261,,11.14,251.14,114,0
0.0073081,-0.006015,0,102.7,0.99261,,11.16,251.16,114,0
0.0073102,-0.0060143,0,102.7,0.99261,,11.18,251.18,114,0
0.0073124,-0.0060136,0,102.7,0.99261,,11.2,251.2,114,0
0.0073145,-0.0060128,0,102.7,0.99261,,11.22,251.22,114,0
0.0073166,-0.0060121,0,102.7,0.99261,,11.24,251.24,114,0
0.0073187,-0.0060114,0,102.7,0.99261,,11.26,251.26,114,0
0.0073208,-0.0060107,0,102.7,0.99261,,11.28,251.28,114,0
0.0073227,-0.0060098,0,163.25,0.99361,,11.3,251.3,114,0
0.0073244,-0.0060094,0,163.25,0.99361,,11.32,251.32,114,0
0.0073261,-0.0060089,0,148.74,0.99274,,11.34,251.34,114,0
0.0073279,-0.0060084,0,148.74,0.99274,,11.36,251.36,114,0
0.0073296,-0.0060079,0,148.74,0.99274,,11.38,251.38,114,0
0.0073314,-0.0060075,0,148.74,0.99274,,11.4,251.4,114,0
0.0073332,-0.006007,0,148.74,0.99274,,11.42,251.42,114,0
0.0073349,-0.0060065,0,148.74,0.99274,,11.44,251.44,114,0
0.0073367,-0.0060061,0,148.74,0.99274,,11.46,251.46,114,0
0.0073384,-0.0060056,0,148.74,0.99274,,11.48,251.48,114,0
0.0073402,-0.0060051,0,148.74,0.99274,,11.5,251.5,114,0
0.0073419,-0.0060046,0,148.74,0.99274,,11.52,251.52,114,0
0.0073437,-0.0060042,0,148.74,0.99274,,11.54,251.54,114,0
0.0073455,-0.0060037,0,148.74,0.99274,,11.56,251.56,114,0
0.0073472,-0.0060032,0,148.74,0.99274,,11.58,251.58,114,0
0.0073488,-0.0060029,0,110.93,0.99175,,11.6,251.6,114,0
0.0073501,-0.006003,0,110.93,0.99175,,11.62,251.62,114,0
0.0073514,-0.0060032,0,82.11,0.98899,,11.64,251.64,114,0
0.0073525,-0.0060033,0,82.11,0.98899,,11.66,251.66,114,0
0.0073536,-0.0060034,0,82.11,0.98899,,11.68,251.68,114,0
0.0073547,-0.0060035,0,82.11,0.98899,,11.7,251.7,114,0
0.0073558,-0.0060036,0,82.11,0.98899,,11.72,251.72,114,0
0.0073568,-0.0060036,0,82.11,0.98899,,11.74,251.74,114,0
0.0073579,-0.0060037,0,82.11,0.98899,,11.76,251.76,114,0
0.007359,-0.0060038,0,82.11,0.98899,,11.78,251.78,114,0
0.0073601,-0.0060039,0,82.11,0.98899,,11.8,251.8,114,0
0.0073612,-0.006004,0,82.11,0.98899,,11.82,251.82,114,0
0.0073623,-0.0060041,0,82.11,0.98899,,11.84,251.84,114,0
0.0073634,-0.0060042,0,82.11,0.98899,,11.86,251.86,114,0
0.0073644,-0.0060043,0,82.11,0.98899,,11.88,251.88,114,0
0.0073654,-0.0060048,0,71.489,0.95923,,11.9,251.9,114,0
0.0073663,-0.0060054,0,71.489,0.95923,,11.92,251.92,114,0
0.0073672,-0.006006,0,71.489,0.95923,,11.94,251.94,114,0
0.0073681,-0.0060066,0,71.489,0.95923,,11.96,251.96,114,0
0.007369,-0.0060072,0,71.489,0.95923,,11.98,251.98,114,0
0.0073699,-0.0060078,0,71.489,0.95923,,12,252,114,0
0.0073708,-0.0060085,0,0,0.87909,,12.02,252.02,114,0
0.0073714,-0.0060093,0,0,0.87909,,12.04,252.04,114,0
0.007372,-0.00601,0,0,0.87909,,12.06,252.06,114,0
0.0073726,-0.0060108,0,0,0.87909,,12.08,252.08,114,0
0.0073732,-0.0060116,0,0,0.87909,,12.1,252.1,114,0
0.0073739,-0.0060123,0,0,0.87909,,12.12,252.12,114,0
0.0073745,-0.0060131,0,0,0.87909,,12.14,252.14,114,0
0.0073751,-0.0060139,0,0,0.87909,,12.16,252.16,114,0
0.0073757,-0.0060147,0,0,0.73189,,12.18,252.18,114,0
0.0073765,-0.0060156,0,0,0.73189,,12.2,252.2,114,0
0.0073772,-0.0060165,0,0,0.73189,,12.22,252.22,114,0
0.0073779,-0.0060173,0,0,0.73189,,12.24,252.24,114,0
0.0073786,-0.0060182,0,0,0.73189,,12.26,252.26,114,0
0.0073793,-0.0060191,0,0,0.73189,,12.28,252.28,114,0
0.00738,-0.00602,0,0,0.73189,,12.3,252.3,114,0
0.0073807,-0.0060208,0,0,0.73189,,12.32,252.32,114,0
0.0073814,-0.0060217,0,0,0.73189,,12.34,252.34,114,0
0.0073821,-0.0060226,0,0,0.73189,,12.36,252.36,114,0
0.0073828,-0.0060234,0,0,0.73189,,12.38,252.38,114,0
0.0073834,-0.0060244,0,0,0.58942,,12.4,252.4,114,0
0.0073839,-0.0060254,0,0,0.58942,,12.42,252.42,114,0
0.0073845,-0.0060264,0,0,0.58942,,12.44,252.44,114,0
0.007385,-0.0060274,0,0,0.58942,,12.46,252.46,114,0
0.0073856,-0.0060284,0,0,0.4417,,12.48,252.48,114,0
0.0073862,-0.0060293,0,0,0.4417,,12.5,252.5,114,0
0.0073868,-0.0060303,0,0,0.4417,,12.52,252.52,114,0
0.0073874,-0.0060313,0,0,0.4417,,12.54,252.54,114,0
0.007388,-0.0060322,0,0,0.4417,,12.56,252.56,114,0
0.0073886,-0.0060332,0,0,0.4417,,12.58,252.58,114,0
0.0073892,-0.0060342,0,0,0.4417,,12.6,252.6,114,0
0.0073898,-0.0060351,0,0,0.4417,,12.62,252.62,114,0
0.0073904,-0.0060361,0,0,0.4417,,12.64,252.64,114,0
0.007391,-0.0060371,0,0,0.4417,,12.66,252.66,114,0
0.0073917,-0.006038,0,0,0.41807,,12.68,252.68,114,0
0.0073923,-0.0060389,0,0,0.41807,,12.7,252.7,114,0
0.007393,-0.0060399,0,0,0.41807,,12.72,252.72,114,0
0.0073937,-0.0060408,0,0,0.41807,,12.74,252.74,114,0
0.0073944,-0.0060417,0,0,0.31543,,12.76,252.76,114,0
0.0073951,-0.0060426,0,0,0.23895,,12.78,252.78,114,0
0.0073957,-0.0060435,0,0,0.23895,,12.8,252.8,114,0
0.0073963,-0.0060445,0,0,0.23895,,12.82,252.82,114,0
0.0073969,-0.0060454,0,0,0.23895,,12.84,252.84,114,0
0.0073974,-0.0060463,0,0,0.23895,,12.86,252.86,114,0
0.007398,-0.0060472,0,0,0.23895,,12.88,252.88,114,0
0.0073986,-0.0060482,0,0,0.23895,,12.9,252.9,114,0
0.0073992,-0.0060491,0,0,0.23895,,12.92,252.92,114,0
0.0073998,-0.00605,0,0,0.23895,,12.94,252.94,114,0
0.0074004,-0.0060509,0,0,0.23895,,12.96,252.96,114,0
0.0074009,-0.0060518,0,0,0.23895,,12.98,252.98,114,0
0.0074015,-0.0060528,0,0,0.23895,,13,253,114,0
0.0074021,-0.0060537,0,0,0.1799,,13.02,253.02,114,0
0.0074028,-0.0060546,0,0,0.1799,,13.04,253.04,114,0
0.0074034,-0.0060554,0,0,0.1799,,13.06,253.06,114,0
0.0074041,-0.0060563,0,0,0.1799,,13.08,253.08,114,0
0.0074047,-0.0060572,0,0,0.1799,,13.1,253.1,114,0
0.0074054,-0.0060581,0,0,0.1799,,13.12,253.12,114,0
0.007406,-0.006059,0,0,0.1799,,13.14,253.14,114,0
0.0074067,-0.0060598,0,0,0.13583,,13.16,253.16,114,0
0.0074072,-0.0060607,0,0,0.13583,,13.18,253.18,114,0
0.0074077,-0.0060615,0,0,0.13583,,13.2,253.2,114,0
0.0074082,-0.0060624,0,0,0.13583,,13.22,253.22,114,0
0.0074087,-0.0060633,0,0,0.13583,,13.24,253.24,114,0
0.0074092,-0.0060641,0,0,0.13583,,13.26,253.26,114,0
0.0074097,-0.006065,0,0,0.13583,,13.28,253.28,114,0
0.0074102,-0.0060658,0,0,0.13583,,13.3,253.3,114,0
0.0074107,-0.0060667,0,0,0.10227,,13.32,253.32,114,0
0.0074113,-0.0060675,0,0,0.10227,,13.34,253.34,114,0
0.0074119,-0.0060683,0,0,0.10227,,13.36,253.36,114,0
0.0074125,-0.0060691,0,0,0.10227,,13.38,253.38,114,0
0.0074131,-0.00607,0,0,0.10227,,13.4,253.4,114,0
0.0074137,-0.0060708,0,0,0.10227,,13.42,253.42,114,0
0.0074143,-0.0060716,0,0,0.10227,,13.44,253.44,114,0
0.0074148,-0.0060724,0,0,0.10227,,13.46,253.46,114,0
0.0074154,-0.0060733,0,0,0.10227,,13.48,253.48,114,0
0.007416,-0.0060741,0,0,0.10227,,13.5,253.5,114,0
0.0074166,-0.0060749,0,0,0.10227,,13.52,253.52,114,0
0.0074172,-0.0060758,0,0,0.10227,,13.54,253.54,114,0
0.0074177,-0.0060766,0,0,0.077244,,13.56,253.56,114,0
0.0074182,-0.0060774,0,0,0.077244,,13.58,253.58,114,0
0.0074187,-0.0060781,0,0,0.057746,,13.6,253.6,114,0
0.0074193,-0.0060789,0,0,0.057746,,13.62,253.62,114,0
0.0074198,-0.0060797,0,0,0.057746,,13.64,253.64,114,0
0.0074204,-0.0060804,0,0,0.057402,,13.66,253.66,114,0
0.0074209,-0.0060812,0,0,0.057402,,13.68,253.68,114,0
0.0074215,-0.0060819,0,0,0.057402,,13.7,253.7,114,0
0.0074221,-0.0060827,0,0,0.057402,,13.72,253.72,114,0
0.0074227,-0.0060834,0,0,0.057402,,13.74,253.74,114,0
0.0074232,-0.0060842,0,0,0.057402,,13.76,253.76,114,0
0.0074238,-0.0060849,0,0,0.057402,,13.78,253.78,114,0
0.0074244,-0.0060857,0,0,0.057402,,13.8,253.8,114,0
0.0074249,-0.0060864,0,0,0.057402,,13.82,253.82,114,0
0.0074255,-0.0060871,0,0,0.057402,,13.84,253.84,114,0
0.0074261,-0.0060879,0,0,0.057402,,13.86,253.86,114,0
0.0074267,-0.0060886,0,0,0.042626,,13.88,253.88,114,0
0.0074273,-0.0060893,0,0,0.042626,,13.9,253.9,114,0
0.007428,-0.0060901,0,0,0.042626,,13.92,253.92,114,0
0.0074286,-0.0060908,0,0,0.042626,,13.94,253.94,114,0
0.0074292,-0.0060915,0,0,0.032064,,13.96,253.96,114,0
0.0074297,-0.0060922,0,0,0.032064,,13.98,253.98,114,0
0.0074302,-0.0060929,0,0,0.032064,,14,254,114,0
0.0074307,-0.0060936,0,0,0.032064,,14.02,254.02,114,0
0.0074313,-0.0060943,0,0,0.032064,,14.04,254.04,114,0
0.0074318,-0.006095,0,0,0.032064,,14.06,254.06,114,0
0.0074323,-0.0060957,0,0,0.032064,,14.08,254.08,114,0
0.0074329,-0.0060964,0,0,0.032064,,14.1,254.1,114,0
0.0074334,-0.0060971,0,0,0.032064,,14.12,254.12,114,0
0.0074339,-0.0060978,0,0,0.032064,,14.14,254.14,114,0
0.0074344,-0.0060985,0,0,0.032064,,14.16,254.16,114,0
0.007435,-0.0060992,0,0,0.023833,,14.18,254.18,114,0
0.0074356,-0.0060999,0,0,0.023833,,14.2,254.2,114,0
0.0074362,-0.0061005,0,0,0.023833,,14.22,254.22,114,0
0.0074368,-0.0061012,0,0,0.023833,,14.24,254.24,114,0
0.0074374,-0.0061019,0,0,0.023833,,14.26,254.26,114,0
0.007438,-0.0061026,0,0,0.023833,,14.28,254.28,114,0
0.0074386,-0.0061033,0,0,0.023833,,14.3,254.3,114,0
0.0074392,-0.006104,0,0,0.023833,,14.32,254.32,114,0
0.0074397,-0.0061046,0,0,0.023833,,14.34,254.34,114,0
0.0074403,-0.0061053,0,0,0.017767,,14.36,254.36,114,0
0.0074408,-0.006106,0,0,0.017767,,14.38,254.38,114,0
0.0074413,-0.0061066,0,0,0.017767,,14.4,254.4,114,0
0.0074418,-0.0061073,0,0,0.017767,,14.42,254.42,114,0
0.0074423,-0.006108,0,0,0.017767,,14.44,254.44,114,0
0.0074428,-0.0061086,0,0,0.013299,,14.46,254.46,114,0
0.0074434,-0.0061093,0,0,0.013299,,14.48,254.48,114,0
0.007444,-0.0061099,0,0,0.013299,,14.5,254.5,114,0
0.0074445,-0.0061105,0,0,0.013299,,14.52,254.52,114,0
0.0074451,-0.0061112,0,0,0.013299,,14.54,254.54,114,0
0.0074457,-0.0061118,0,0,0.013299,,14.56,254.56,114,0
0.0074462,-0.0061125,0,0,0.013299,,14.58,254.58,114,0
0.0074468,-0.0061131,0,0,0.013299,,14.6,254.6,114,0
0.0074473,-0.0061138,0,0,0.013299,,14.62,254.62,114,0
0.0074479,-0.0061144,0,0,0.013299,,14.64,254.64,114,0
0.0074485,-0.0061151,0,0,0.013299,,14.66,254.66,114,0
0.007449,-0.0061157,0,0,0.013299,,14.68,254.68,114,0
0.0074496,-0.0061163,0,0,0.013299,,14.7,254.7,114,0
0.0074502,-0.006117,0,0,0.013443,,14.72,254.72,114,0
0.0074508,-0.0061176,0,0,0.013443,,14.74,254.74,114,0
0.0074513,-0.0061182,0,0,0.013443,,14.76,254.76,114,0
0.007452,-0.0061188,0,0,0.0098695,,14.78,254.78,114,0
0.0074525,-0.0061194,0,0,0.007262,,14.8,254.8,114,0
0.0074531,-0.00612,0,0,0.007262,,14.82,254.82,114,0
0.0074536,-0.0061206,0,0,0.007262,,14.84,254.84,114,0
0.0074542,-0.0061212,0,0,0.007262,,14.86,254.86,114,0
0.0074547,-0.0061218,0,0,0.007262,,14.88,254.88,114,0
0.0074553,-0.0061224,0,0,0.007262,,14.9,254.9,114,0
0.0074558,-0.006123,0,0,0.007262,,14.92,254.92,114,0
0.0074564,-0.0061236,0,0,0.007262,,14.94,254.94,114,0
0.0074569,-0.0061242,0,0,0.007262,,14.96,254.96,114,0
0.0074575,-0.0061248,0,0,0.007262,,14.98,254.98,114,0
0.007458,-0.0061254,0,0,0.007262,,15,255,114,0
0.0074586,-0.006126,0,0,0.007262,,15.02,255.02,114,0
0.0074591,-0.0061266,0,0,0.007262,,15.04,255.04,114,0
0.0074597,-0.0061272,0,0,0.007262,,15.06,255.06,114,0
0.0074602,-0.0061278,0,0,0.0054344,,15.08,255.08,114,0
0.0074609,-0.0061283,0,0,0.0054344,,15.1,255.1,114,0
0.0074615,-0.0061289,0,0,0.0054344,,15.12,255.12,114,0
0.0074621,-0.0061295,0,0,0.0054344,,15.14,255.14,114,0
0.0074627,-0.0061301,0,0,0.0054344,,15.16,255.16,114,0
0.0074632,-0.0061307,0,0,0.0040976,,15.18,255.18,114,0
0.0074637,-0.0061312,0,0,0.0040976,,15.2,255.2,114,0
0.0074643,-0.0061318,0,0,0.0040976,,15.22,255.22,114,0
0.0074648,-0.0061324,0,0,0.0040976,,15.24,255.24,114,0
0.0074653,-0.0061329,0,0,0.0040976,,15.26,255.26,114,0
0.0074659,-0.0061335,0,0,0.0040976,,15.28,255.28,114,0
0.0074664,-0.0061341,0,0,0.0040976,,15.3,255.3,114,0
0.0074669,-0.0061346,0,0,0.0040976,,15.32,255.32,114,0
0.0074675,-0.0061352,0,0,0.0040976,,15.34,255.34,114,0
0.007468,-0.0061357,0,0,0.0040976,,15.36,255.36,114,0
0.0074686,-0.0061363,0,0,0.0030921,,15.38,255.38,114,0
0.0074691,-0.0061369,0,0,0.0030921,,15.4,255.4,114,0
0.0074697,-0.0061374,0,0,0.0030921,,15.42,255.42,114,0
0.0074703,-0.006138,0,0,0.0030921,,15.44,255.44,114,0
0.0074709,-0.0061385,0,0,0.0030921,,15.46,255.46,114,0
0.0074715,-0.0061391,0,0,0.0030921,,15.48,255.48,114,0
0.007472,-0.0061397,0,0,0.0030921,,15.5,255.5,114,0
0.0074726,-0.0061402,0,0,0.0030921,,15.52,255.52,114,0
0.0074732,-0.0061408,0,0,0.0030921,,15.54,255.54,114,0
0.0074738,-0.0061413,0,0,0.0022752,,15.56,255.56,114,0
0.0074743,-0.0061419,0,0,0.0022752,,15.58,255.58,114,0
0.0074748,-0.0061424,0,0,0.0022752,,15.6,255.6,114,0
0.0074753,-0.006143,0,0,0.0022752,,15.62,255.62,114,0
0.0074758,-0.0061435,0,0,0.0022752,,15.64,255.64,114,0
0.0074763,-0.006144,0,0,0.0022752,,15.66,255.66,114,0
0.0074769,-0.0061446,0,0,0.0017018,,15.68,255.68,114,0
0.0074774,-0.0061451,0,0,0.0017018,,15.7,255.7,114,0
0.007478,-0.0061456,0,0,0.0017018,,15.72,255.72,114,0
0.0074786,-0.0061462,0,0,0.0017018,,15.74,255.74,114,0
0.0074791,-0.0061467,0,0,0.0017018,,15.76,255.76,114,0
0.0074797,-0.0061472,0,0,0.0017018,,15.78,255.78,114,0
0.0074802,-0.0061478,0,0,0.0017018,,15.8,255.8,114,0
0.0074808,-0.0061483,0,0,0.0017018,,15.82,255.82,114,0
0.0074814,-0.0061488,0,0,0.0017018,,15.84,255.84,114,0
0.0074819,-0.0061494,0,0,0.0017018,,15.86,255.86,114,0
0.0074825,-0.0061499,0,0,0.0017018,,15.88,255.88,114,0
0.007483,-0.0061504,0,0,0.0017018,,15.9,255.9,114,0
0.0074836,-0.006151,0,0,0.0017018,,15.92,255.92,114,0
0.0074842,-0.0061515,0,0,0.0017018,,15.94,255.94,114,0
0.0074847,-0.006152,0,0,0.0017018,,15.96,255.96,114,0
0.0074852,-0.0061525,0,0,0.00095756,,15.98,255.98,114,0
0.0074858,-0.0061531,0,0,0.00095756,,16,256,114,0
0.0074863,-0.0061536,0,0,0.00095756,,16.02,256.02,114,0
0.0074869,-0.0061541,0,0,0.00095756,,16.04,256.04,114,0
0.0074874,-0.0061546,0,0,0.00097237,,16.06,256.06,114,0
0.007488,-0.0061551,0,0,0.00097237,,16.08,256.08,114,0
0.0074886,-0.0061556,0,0,0.00097237,,16.1,256.1,114,0
0.0074891,-0.0061561,0,0,0.00097237,,16.12,256.12,114,0
0.0074897,-0.0061566,0,0,0.00097237,,16.14,256.14,114,0
0.0074902,-0.0061571,0,0,0.00097237,,16.16,256.16,114,0
0.0074908,-0.0061576,0,0,0.00097237,,16.18,256.18,114,0
0.0074913,-0.0061581,0,0,0.00097237,,16.2,256.2,114,0
0.0074919,-0.0061586,0,0,0.00097237,,16.22,256.22,114,0
0.0074924,-0.0061591,0,0,0.00097237,,16.24,256.24,114,0
0.007493,-0.0061596,0,0,0.0007265,,16.26,256.26,114,0
0.0074936,-0.0061601,0,0,0.0007265,,16.28,256.28,114,0
0.0074942,-0.0061606,0,0,0.0007265,,16.3,256.3,114,0
0.0074947,-0.0061611,0,0,0.00056177,,16.32,256.32,114,0
0.0074953,-0.0061616,0,0,0.00056177,,16.34,256.34,114,0
0.0074958,-0.006162,0,0,0.00056177,,16.36,256.36,114,0
0.0074964,-0.0061625,0,0,0.00056177,,16.38,256.38,114,0
0.0074969,-0.006163,0,0,0.00056177,,16.4,256.4,114,0
0.0074975,-0.0061635,0,0,0.00056177,,16.42,256.42,114,0
0.007498,-0.006164,0,0,0.00056177,,16.44,256.44,114,0
0.0074986,-0.0061644,0,0,0.00056177,,16.46,256.46,114,0
0.0074992,-0.0061649,0,0,0.00056177,,16.48,256.48,114,0
0.0074997,-0.0061654,0,0,0.00056177,,16.5,256.5,114,0
0.0075003,-0.0061659,0,0,0.00056177,,16.52,256.52,114,0
0.0075008,-0.0061664,0,0,0.00040715,,16.54,256.54,114,0
0.0075014,-0.0061669,0,0,0.00040715,,16.56,256.56,114,0
0.0075019,-0.0061673,0,0,0.00040715,,16.58,256.58,114,0
0.0075025,-0.0061678,0,0,0.00040715,,16.6,256.6,114,0
0.0075031,-0.0061683,0,0,0.00040715,,16.62,256.62,114,0
0.0075036,-0.0061688,0,0,0.00040715,,16.64,256.64,114,0
0.0075042,-0.0061693,0,0,0.00040715,,16.66,256.66,114,0
0.0075047,-0.0061698,0,0,0.00040715,,16.68,256.68,114,0
0.0075053,-0.0061703,0,0,0.00040715,,16.7,256.7,114,0
0.0075059,-0.0061707,0,0,0.00040715,,16.72,256.72,114,0
0.0075064,-0.0061712,0,0,0.00040715,,16.74,256.74,114,0
0.007507,-0.0061717,0,0,0.00040715,,16.76,256.76,114,0
0.0075075,-0.0061722,0,0,0.00040715,,16.78,256.78,114,0
0.0075081,-0.0061727,0,0,0.00040715,,16.8,256.8,114,0
0.0075086,-0.0061732,0,0,0.00030436,,16.82,256.82,114,0
0.0075091,-0.0061736,0,0,0.00030436,,16.84,256.84,114,0
0.0075097,-0.0061741,0,0,0.00030436,,16.86,256.86,114,0
0.0075102,-0.0061746,0,0,0.00020751,,16.88,256.88,114,0
0.0075107,-0.006175,0,0,0.00020751,,16.9,256.9,114,0
0.0075113,-0.0061755,0,0,0.00020751,,16.92,256.92,114,0
0.0075118,-0.0061759,0,0,0.00020751,,16.94,256.94,114,0
0.0075124,-0.0061764,0,0,0.00020751,,16.96,256.96,114,0
0.0075129,-0.0061769,0,0,0.00020751,,16.98,256.98,114,0
0.0075135,-0.0061773,0,0,0.00020808,,17,257,114,0
0.007514,-0.0061778,0,0,0.00020808,,17.02,257.02,114,0
0.0075146,-0.0061782,0,0,0.00020808,,17.04,257.04,114,0
0.0075151,-0.0061787,0,0,0.00020808,,17.06,257.06,114,0
0.0075157,-0.0061791,0,0,0.00020808,,17.08,257.08,114,0
0.0075162,-0.0061796,0,0,0.00020808,,17.1,257.1,114,0
0.0075168,-0.0061801,0,0,0.00020808,,17.12,257.12,114,0
0.0075173,-0.0061805,0,0,0.00020808,,17.14,257.14,114,0
0.0075179,-0.006181,0,0,0.00020808,,17.16,257.16,114,0
0.0075184,-0.0061814,0,0,0.00020808,,17.18,257.18,114,0
0.007519,-0.0061819,0,0,0.00020808,,17.2,257.2,114,0
0.0075195,-0.0061823,0,0,0.00015024,,17.22,257.22,114,0
0.0075201,-0.0061828,0,0,0.00015024,,17.24,257.24,114,0
0.0075207,-0.0061832,0,0,0.00015024,,17.26,257.26,114,0
0.0075213,-0.0061837,0,0,0.00015024,,17.28,257.28,114,0
0.0075219,-0.0061841,0,0,0.00010702,,17.3,257.3,114,0
0.0075224,-0.0061845,0,0,0.00010702,,17.32,257.32,114,0
0.0075229,-0.006185,0,0,0.00010702,,17.34,257.34,114,0
0.0075235,-0.0061854,0,0,0.00010702,,17.36,257.36,114,0
0.007524,-0.0061858,0,0,0.00010702,,17.38,257.38,114,0
0.0075246,-0.0061863,0,0,0.00010702,,17.4,257.4,114,0
0.0075251,-0.0061867,0,0,0.00010702,,17.42,257.42,114,0
0.0075257,-0.0061872,0,0,0.00010702,,17.44,257.44,114,0
0.0075262,-0.0061876,0,0,0.00010702,,17.46,257.46,114,0
0.0075267,-0.006188,0,0,0.00010702,,17.48,257.48,114,0
0.0075273,-0.0061885,0,0,0.00010702,,17.5,257.5,114,0
0.0075278,-0.0061889,0,0,0.00010702,,17.52,257.52,114,0
0.0075284,-0.0061893,0,0,0.00010702,,17.54,257.54,114,0
0.0075289,-0.0061898,0,0,0.00010702,,17.56,257.56,114,0
0.0075294,-0.0061902,0,0,0.00010702,,17.58,257.58,114,0
0.00753,-0.0061907,0,0,7.7842e-05,,17.6,257.6,114,0
0.0075306,-0.0061911,0,0,7.7842e-05,,17.62,257.62,114,0
0.0075312,-0.0061915,0,0,7.7842e-05,,17.64,257.64,114,0
0.0075317,-0.0061919,0,0,7.7842e-05,,17.66,257.66,114,0
0.0075323,-0.0061924,0,0,7.7842e-05,,17.68,257.68,114,0
0.0075329,-0.0061928,0,0,7.7842e-05,,17.7,257.7,114,0
0.0075335,-0.0061932,0,0,5.2862e-05,,17.72,257.72,114,0
0.007534,-0.0061936,0,0,5.2862e-05,,17.74,257.74,114,0
0.0075345,-0.0061941,0,0,5.2862e-05,,17.76,257.76,114,0
0.0075351,-0.0061945,0,0,5.2862e-05,,17.78,257.78,114,0
0.0075356,-0.0061949,0,0,5.2862e-05,,17.8,257.8,114,0
0.0075361,-0.0061953,0,0,5.2862e-05,,17.82,257.82,114,0
0.0075367,-0.0061958,0,0,5.2862e-05,,17.84,257.84,114,0
0.0075372,-0.0061962,0,0,5.2862e-05,,17.86,257.86,114,0
0.0075378,-0.0061966,0,0,5.2862e-05,,17.88,257.88,114,0
0.0075383,-0.006197,0,0,5.2862e-05,,17.9,257.9,114,0
0.0075388,-0.0061974,0,0,5.2862e-05,,17.92,257.92,114,0
0.0075394,-0.0061979,0,0,5.2862e-05,,17.94,257.94,114,0
0.0075399,-0.0061983,0,0,5.2862e-05,,17.96,257.96,114,0
0.0075405,-0.0061987,0,0,3.9048e-05,,17.98,257.98,114,0
0.007541,-0.0061991,0,0,3.9048e-05,,18,258,114,0
0.0075416,-0.0061995,0,0,3.9048e-05,,18.02,258.02,114,0
0.0075422,-0.0061999,0,0,3.9048e-05,,18.04,258.04,114,0
0.0075427,-0.0062003,0,0,3.9048e-05,,18.06,258.06,114,0
0.0075433,-0.0062008,0,0,3.9048e-05,,18.08,258.08,114,0
0.0075439,-0.0062012,0,0,3.9048e-05,,18.1,258.1,114,0
0.0075444,-0.0062016,0,0,3.9048e-05,,18.12,258.12,114,0
0.007545,-0.006202,0,0,3.9048e-05,,18.14,258.14,114,0
0.0075456,-0.0062024,0,0,2.6325e-05,,18.16,258.16,114,0
0.0075461,-0.0062028,0,0,2.6325e-05,,18.18,258.18,114,0
0.0075466,-0.0062032,0,0,2.6325e-05,,18.2,258.2,114,0
0.0075472,-0.0062036,0,0,2.6325e-05,,18.22,258.22,114,0
0.0075477,-0.006204,0,0,2.6325e-05,,18.24,258.24,114,0
0.0075482,-0.0062044,0,0,2.6325e-05,,18.26,258.26,114,0
0.0075488,-0.0062049,0,0,2.6325e-05,,18.28,258.28,114,0
0.0075493,-0.0062053,0,0,2.6325e-05,,18.3,258.3,114,0
0.0075498,-0.0062057,0,0,2.6325e-05,,18.32,258.32,114,0
0.0075504,-0.0062061,0,0,2.6325e-05,,18.34,258.34,114,0
0.0075509,-0.0062065,0,0,2.6325e-05,,18.36,258.36,114,0
0.0075514,-0.0062069,0,0,2.6325e-05,,18.38,258.38,114,0
0.007552,-0.0062073,0,0,2.6325e-05,,18.4,258.4,114,0
0.0075525,-0.0062077,0,0,2.6325e-05,,18.42,258.42,114,0
0.0075531,-0.0062081,0,0,2.6325e-05,,18.44,258.44,114,0
0.0075536,-0.0062085,0,0,2.6325e-05,,18.46,258.46,114,0
0.0075542,-0.0062089,0,0,1.989e-05,,18.48,258.48,114,0
0.0075547,-0.0062093,0,0,1.989e-05,,18.5,258.5,114,0
0.0075553,-0.0062097,0,0,1.989e-05,,18.52,258.52,114,0
0.0075559,-0.0062101,0,0,1.989e-05,,18.54,258.54,114,0
0.0075564,-0.0062105,0,0,1.3156e-05,,18.56,258.56,114,0
0.007557,-0.0062109,0,0,1.3156e-05,,18.58,258.58,114,0
0.0075575,-0.0062113,0,0,1.3156e-05,,18.6,258.6,114,0
0.0075581,-0.0062117,0,0,1.3156e-05,,18.62,258.62,114,0
0.0075586,-0.0062121,0,0,1.3156e-05,,18.64,258.64,114,0
0.0075591,-0.0062124,0,0,1.3156e-05,,18.66,258.66,114,0
0.0075597,-0.0062128,0,0,1.3156e-05,,18.68,258.68,114,0
0.0075602,-0.0062132,0,0,1.3156e-05,,18.7,258.7,114,0
0.0075608,-0.0062136,0,0,1.3156e-05,,18.72,258.72,114,0
0.0075613,-0.006214,0,0,1.3156e-05,,18.74,258.74,114,0
0.0075618,-0.0062144,0,0,1.3156e-05,,18.76,258.76,114,0
0.0075624,-0.0062148,0,0,1.3156e-05,,18.78,258.78,114,0
0.0075629,-0.0062152,0,0,1.3156e-05,,18.8,258.8,114,0
0.0075635,-0.0062156,0,0,1.1318e-05,,18.82,258.82,114,0
0.007564,-0.006216,0,0,1.1318e-05,,18.84,258.84,114,0
0.0075645,-0.0062164,0,0,1.1318e-05,,18.86,258.86,114,0
0.0075651,-0.0062167,0,0,1.1318e-05,,18.88,258.88,114,0
0.0075656,-0.0062171,0,0,1.1318e-05,,18.9,258.9,114,0
0.0075662,-0.0062175,0,0,1.1318e-05,,18.92,258.92,114,0
0.0075667,-0.0062179,0,0,7.8223e-06,,18.94,258.94,114,0
0.0075672,-0.0062183,0,0,7.8223e-06,,18.96,258.96,114,0
0.0075677,-0.0062187,0,0,5.8803e-06,,18.98,258.98,114,0
0.0075683,-0.006219,0,0,5.8803e-06,,19,259,114,0
0.0075688,-0.0062194,0,0,5.8803e-06,,19.02,259.02,114,0
0.0075694,-0.0062198,0,0,5.8803e-06,,19.04,259.04,114,0
0.0075699,-0.0062201,0,0,5.8803e-06,,19.06,259.06,114,0
0.0075705,-0.0062205,0,0,5.8803e-06,,19.08,259.08,114,0
0.007571,-0.0062209,0,0,5.8803e-06,,19.1,259.1,114,0
0.0075715,-0.0062213,0,0,5.8803e-06,,19.12,259.12,114,0
0.0075721,-0.0062216,0,0,5.8803e-06,,19.14,259.14,114,0
0.0075726,-0.006222,0,0,5.8803e-06,,19.16,259.16,114,0
0.0075732,-0.0062224,0,0,5.7486e-06,,19.18,259.18,114,0
0.0075737,-0.0062227,0,0,5.7486e-06,,19.2,259.2,114,0
0.0075743,-0.0062231,0,0,5.7486e-06,,19.22,259.22,114,0
0.0075748,-0.0062235,0,0,5.7486e-06,,19.24,259.24,114,0
0.0075754,-0.0062238,0,0,5.7486e-06,,19.26,259.26,114,0
0.0075759,-0.0062242,0,0,5.7486e-06,,19.28,259.28,114,0
0.0075765,-0.0062246,0,0,5.7486e-06,,19.3,259.3,114,0
0.007577,-0.0062249,0,0,5.7486e-06,,19.32,259.32,114,0
0.0075776,-0.0062253,0,0,5.7486e-06,,19.34,259.34,114,0
0.0075781,-0.0062257,0,0,5.7486e-06,,19.36,259.36,114,0
0.0075787,-0.0062261,0,0,5.7486e-06,,19.38,259.38,114,0
0.0075792,-0.0062264,0,0,3.8618e-06,,19.4,259.4,114,0
0.0075798,-0.0062268,0,0,3.8618e-06,,19.42,259.42,114,0
0.0075803,-0.0062271,0,0,2.7804e-06,,19.44,259.44,114,0
0.0075809,-0.0062275,0,0,2.7804e-06,,19.46,259.46,114,0
0.0075814,-0.0062279,0,0,2.7804e-06,,19.48,259.48,114,0
0.007582,-0.0062282,0,0,2.7804e-06,,19.5,259.5,114,0
0.0075825,-0.0062286,0,0,2.7804e-06,,19.52,259.52,114,0
0.007583,-0.0062289,0,0,2.7804e-06,,19.54,259.54,114,0
0.0075836,-0.0062293,0,0,2.7804e-06,,19.56,259.56,114,0
0.0075841,-0.0062296,0,0,2.7804e-06,,19.58,259.58,114,0
0.0075846,-0.00623,0,0,2.7804e-06,,19.6,259.6,114,0
0.0075852,-0.0062304,0,0,2.7804e-06,,19.62,259.62,114,0
0.0075857,-0.0062307,0,0,2.7804e-06,,19.64,259.64,114,0
0.0075862,-0.0062311,0,0,2.7804e-06,,19.66,259.66,114,0
0.0075868,-0.0062314,0,0,2.7804e-06,,19.68,259.68,114,0
0.0075873,-0.0062318,0,0,2.7804e-06,,19.7,259.7,114,0
0.0075878,-0.0062321,0,0,2.7804e-06,,19.72,259.72,114,0
0.0075884,-0.0062325,0,0,2.7804e-06,,19.74,259.74,114,0
0.0075889,-0.0062328,0,0,2.0054e-06,,19.76,259.76,114,0
0.0075895,-0.0062332,0,0,2.0054e-06,,19.78,259.78,114,0
0.0075901,-0.0062336,0,0,2.0054e-06,,19.8,259.8,114,0
0.0075906,-0.0062339,0,0,2.0054e-06,,19.82,259.82,114,0
0.0075912,-0.0062343,0,0,2.0054e-06,,19.84,259.84,114,0
0.0075917,-0.0062346,0,0,2.0054e-06,,19.86,259.86,114,0
0.0075923,-0.006235,0,0,2.0054e-06,,19.88,259.88,114,0
0.0075928,-0.0062353,0,0,1.4129e-06,,19.9,259.9,114,0
0.0075934,-0.0062357,0,0,1.4129e-06,,19.92,259.92,114,0
0.0075939,-0.006236,0,0,1.4129e-06,,19.94,259.94,114,0
0.0075944,-0.0062363,0,0,1.4129e-06,,19.96,259.96,114,0
0.007595,-0.0062367,0,0,1.4129e-06,,19.98,259.98,114,0
0.0075955,-0.006237,0,0,1.4129e-06,,20,260,114,0
