disp:09,disp:1,disp:2,cdf,damage9,vtkValidPointMask,arc_length,Points:09,Points:1,Points:2
0.0053313,-0.0053739,0,0,1.31E-19,,0,220,90,0
0.0053322,-0.0053725,0,0,1.31E-19,,0.059998,220.06,90,0
0.0053331,-0.0053712,0,0,1.31E-19,,0.12,220.12,90,0
0.005334,-0.0053698,0,0,1.31E-19,,0.17999,220.18,90,0
0.005335,-0.0053684,0,0,1.31E-19,,0.24001,220.24,90,0
0.0053359,-0.005367,0,0,1.31E-19,,0.3,220.3,90,0
0.0053368,-0.0053656,0,0,1.31E-19,,0.36,220.36,90,0
0.0053377,-0.0053643,0,0,1.31E-19,,0.42,220.42,90,0
0.0053387,-0.0053629,0,0,1.31E-19,,0.48,220.48,90,0
0.0053397,-0.0053615,0,0,1.31E-19,,0.53999,220.54,90,0
0.0053406,-0.0053601,0,0,1.31E-19,,0.60001,220.6,90,0
0.0053416,-0.0053588,0,0,1.31E-19,,0.66,220.66,90,0
0.0053426,-0.0053574,0,0,1.31E-19,,0.72,220.72,90,0
0.0053435,-0.005356,0,0,1.31E-19,,0.78,220.78,90,0
0.0053445,-0.0053546,0,0,1.31E-19,,0.84,220.84,90,0
0.0053455,-0.0053533,0,0,1.31E-19,,0.89999,220.9,90,0
0.0053464,-0.0053519,0,0,1.31E-19,,0.96001,220.96,90,0
0.0053474,-0.0053505,0,0,1.31E-19,,1.02,221.02,90,0
0.0053484,-0.0053491,0,0,1.31E-19,,1.08,221.08,90,0
0.0053493,-0.0053478,0,0,1.31E-19,,1.14,221.14,90,0
0.0053503,-0.0053464,0,0,1.31E-19,,1.2,221.2,90,0
0.0053512,-0.005345,0,0,1.31E-19,,1.26,221.26,90,0
0.0053522,-0.0053437,0,0,1.31E-19,,1.32,221.32,90,0
0.0053532,-0.0053423,0,0,1.31E-19,,1.38,221.38,90,0
0.0053541,-0.0053409,0,0,1.31E-19,,1.44,221.44,90,0
0.0053551,-0.0053395,0,0,1.31E-19,,1.5,221.5,90,0
0.0053561,-0.0053382,0,0,1.31E-19,,1.56,221.56,90,0
0.005357,-0.0053368,0,0,1.31E-19,,1.62,221.62,90,0
0.005358,-0.0053353,0,0,1.11E-18,,1.68,221.68,90,0
0.0053589,-0.0053338,0,0,1.11E-18,,1.74,221.74,90,0
0.0053598,-0.0053324,0,0,1.11E-18,,1.8,221.8,90,0
0.0053607,-0.0053309,0,0,1.11E-18,,1.86,221.86,90,0
0.0053617,-0.0053294,0,0,1.11E-18,,1.92,221.92,90,0
0.0053626,-0.0053279,0,0,1.11E-18,,1.98,221.98,90,0
0.0053635,-0.0053265,0,0,1.11E-18,,2.04,222.04,90,0
0.0053644,-0.005325,0,0,1.11E-18,,2.1,222.1,90,0
0.0053653,-0.0053235,0,0,1.11E-18,,2.16,222.16,90,0
0.0053663,-0.005322,0,0,1.11E-18,,2.22,222.22,90,0
0.0053672,-0.0053206,0,0,1.11E-18,,2.28,222.28,90,0
0.0053681,-0.0053191,0,0,1.11E-18,,2.34,222.34,90,0
0.005369,-0.0053176,0,0,1.11E-18,,2.4,222.4,90,0
0.00537,-0.0053161,0,0,1.11E-18,,2.46,222.46,90,0
0.0053709,-0.0053147,0,0,1.11E-18,,2.52,222.52,90,0
0.0053718,-0.0053132,0,0,1.11E-18,,2.58,222.58,90,0
0.0053727,-0.0053117,0,0,1.11E-18,,2.64,222.64,90,0
0.0053736,-0.0053102,0,0,1.11E-18,,2.7,222.7,90,0
0.0053746,-0.0053088,0,0,1.11E-18,,2.76,222.76,90,0
0.0053755,-0.0053073,0,0,1.11E-18,,2.82,222.82,90,0
0.0053764,-0.0053058,0,0,1.11E-18,,2.88,222.88,90,0
0.0053773,-0.0053043,0,0,1.11E-18,,2.94,222.94,90,0
0.0053783,-0.0053029,0,0,1.11E-18,,3,223,90,0
0.0053792,-0.0053014,0,0,1.11E-18,,3.06,223.06,90,0
0.0053801,-0.0052999,0,0,1.11E-18,,3.12,223.12,90,0
0.005381,-0.0052984,0,0,1.11E-18,,3.18,223.18,90,0
0.005382,-0.005297,0,0,1.11E-18,,3.24,223.24,90,0
0.0053829,-0.0052955,0,0,1.11E-18,,3.3,223.3,90,0
0.0053838,-0.005294,0,0,1.11E-18,,3.36,223.36,90,0
0.0053847,-0.0052925,0,0,1.37E-18,,3.42,223.42,90,0
0.0053855,-0.005291,0,0,1.37E-18,,3.48,223.48,90,0
0.0053864,-0.0052894,0,0,1.37E-18,,3.54,223.54,90,0
0.0053872,-0.0052879,0,0,1.37E-18,,3.6,223.6,90,0
0.0053881,-0.0052863,0,0,1.37E-18,,3.66,223.66,90,0
0.005389,-0.0052848,0,0,1.37E-18,,3.72,223.72,90,0
0.0053898,-0.0052833,0,0,1.37E-18,,3.78,223.78,90,0
0.0053907,-0.0052817,0,0,1.37E-18,,3.84,223.84,90,0
0.0053915,-0.0052802,0,0,1.37E-18,,3.9,223.9,90,0
0.0053924,-0.0052786,0,0,1.37E-18,,3.96,223.96,90,0
0.0053932,-0.0052771,0,0,1.37E-18,,4.02,224.02,90,0
0.0053941,-0.0052755,0,0,1.37E-18,,4.08,224.08,90,0
0.0053949,-0.005274,0,0,1.37E-18,,4.14,224.14,90,0
0.0053958,-0.0052725,0,0,1.37E-18,,4.2,224.2,90,0
0.0053967,-0.0052709,0,0,1.25E-17,,4.26,224.26,90,0
0.0053975,-0.0052693,0,0,1.25E-17,,4.32,224.32,90,0
0.0053984,-0.0052677,0,0,1.25E-17,,4.38,224.38,90,0
0.0053993,-0.0052661,0,0,1.25E-17,,4.44,224.44,90,0
0.0054002,-0.0052645,0,0,1.25E-17,,4.5,224.5,90,0
0.0054011,-0.0052629,0,0,1.25E-17,,4.56,224.56,90,0
0.005402,-0.0052613,0,0,1.25E-17,,4.62,224.62,90,0
0.0054028,-0.0052597,0,0,1.25E-17,,4.68,224.68,90,0
0.0054037,-0.0052581,0,0,1.25E-17,,4.74,224.74,90,0
0.0054046,-0.0052565,0,0,1.25E-17,,4.8,224.8,90,0
0.0054055,-0.0052549,0,0,1.25E-17,,4.86,224.86,90,0
0.0054064,-0.0052533,0,0,1.25E-17,,4.92,224.92,90,0
0.0054073,-0.0052518,0,0,1.25E-17,,4.98,224.98,90,0
0.0054081,-0.0052502,0,0,1.25E-17,,5.04,225.04,90,0
0.005409,-0.0052486,0,0,1.25E-17,,5.1,225.1,90,0
0.0054099,-0.005247,0,0,1.25E-17,,5.16,225.16,90,0
0.0054108,-0.0052454,0,0,1.25E-17,,5.22,225.22,90,0
0.0054117,-0.0052438,0,0,1.25E-17,,5.28,225.28,90,0
0.0054125,-0.0052422,0,0,1.25E-17,,5.34,225.34,90,0
0.0054134,-0.0052406,0,0,1.25E-17,,5.4,225.4,90,0
0.0054143,-0.005239,0,0,1.23E-17,,5.46,225.46,90,0
0.0054152,-0.0052374,0,0,1.23E-17,,5.52,225.52,90,0
0.0054161,-0.0052358,0,0,1.23E-17,,5.58,225.58,90,0
0.0054171,-0.0052341,0,0,1.23E-17,,5.64,225.64,90,0
0.005418,-0.0052325,0,0,1.23E-17,,5.7,225.7,90,0
0.0054189,-0.0052309,0,0,1.23E-17,,5.76,225.76,90,0
0.0054198,-0.0052293,0,0,1.23E-17,,5.82,225.82,90,0
0.0054207,-0.0052277,0,0,1.23E-17,,5.88,225.88,90,0
0.0054216,-0.0052261,0,0,1.23E-17,,5.94,225.94,90,0
0.0054225,-0.0052244,0,0,1.23E-17,,6,226,90,0
0.0054235,-0.0052228,0,0,1.23E-17,,6.06,226.06,90,0
0.0054244,-0.0052212,0,0,1.23E-17,,6.12,226.12,90,0
0.0054253,-0.0052196,0,0,1.23E-17,,6.18,226.18,90,0
0.0054262,-0.005218,0,0,1.58E-15,,6.24,226.24,90,0
0.0054271,-0.0052163,0,0,1.58E-15,,6.3,226.3,90,0
0.005428,-0.0052146,0,0,1.58E-15,,6.36,226.36,90,0
0.0054289,-0.005213,0,0,1.58E-15,,6.42,226.42,90,0
0.0054298,-0.0052113,0,0,1.58E-15,,6.48,226.48,90,0
0.0054306,-0.0052096,0,0,1.58E-15,,6.54,226.54,90,0
0.0054315,-0.0052079,0,0,1.58E-15,,6.6,226.6,90,0
0.0054324,-0.0052063,0,0,1.58E-15,,6.66,226.66,90,0
0.0054333,-0.0052046,0,0,1.58E-15,,6.72,226.72,90,0
0.0054342,-0.0052029,0,0,1.58E-15,,6.78,226.78,90,0
0.0054351,-0.0052013,0,0,1.58E-15,,6.84,226.84,90,0
0.005436,-0.0051996,0,0,1.58E-15,,6.9,226.9,90,0
0.0054369,-0.0051979,0,0,1.58E-15,,6.96,226.96,90,0
0.0054378,-0.0051963,0,0,1.58E-15,,7.02,227.02,90,0
0.0054387,-0.0051946,0,0,1.58E-15,,7.08,227.08,90,0
0.0054396,-0.0051929,0,0,1.58E-15,,7.14,227.14,90,0
0.0054405,-0.0051912,0,0,1.58E-15,,7.2,227.2,90,0
0.0054414,-0.0051896,0,0,1.58E-15,,7.26,227.26,90,0
0.0054422,-0.0051879,0,0,1.58E-15,,7.32,227.32,90,0
0.0054431,-0.0051862,0,0,1.58E-15,,7.38,227.38,90,0
0.005444,-0.0051845,0,0,2.96E-15,,7.44,227.44,90,0
0.0054449,-0.0051829,0,0,2.96E-15,,7.5,227.5,90,0
0.0054458,-0.0051812,0,0,2.96E-15,,7.56,227.56,90,0
0.0054467,-0.0051795,0,0,2.96E-15,,7.62,227.62,90,0
0.0054476,-0.0051778,0,0,2.96E-15,,7.68,227.68,90,0
0.0054484,-0.0051761,0,0,2.96E-15,,7.74,227.74,90,0
0.0054493,-0.0051745,0,0,2.56E-14,,7.8,227.8,90,0
0.0054502,-0.0051727,0,0,2.56E-14,,7.86,227.86,90,0
0.0054511,-0.005171,0,0,2.56E-14,,7.92,227.92,90,0
0.005452,-0.0051693,0,0,2.56E-14,,7.98,227.98,90,0
0.0054528,-0.0051676,0,0,5.10E-14,,8.04,228.04,90,0
0.0054537,-0.0051658,0,0,5.10E-14,,8.1,228.1,90,0
0.0054546,-0.0051641,0,0,5.10E-14,,8.16,228.16,90,0
0.0054555,-0.0051623,0,0,5.10E-14,,8.22,228.22,90,0
0.0054564,-0.0051606,0,0,5.10E-14,,8.28,228.28,90,0
0.0054573,-0.0051589,0,0,5.10E-14,,8.34,228.34,90,0
0.0054582,-0.0051571,0,0,5.10E-14,,8.4,228.4,90,0
0.0054591,-0.0051554,0,0,5.10E-14,,8.46,228.46,90,0
0.00546,-0.0051536,0,0,5.10E-14,,8.52,228.52,90,0
0.0054609,-0.0051519,0,0,5.10E-14,,8.58,228.58,90,0
0.0054618,-0.0051502,0,0,5.10E-14,,8.64,228.64,90,0
0.0054626,-0.0051484,0,0,5.10E-14,,8.7,228.7,90,0
0.0054635,-0.0051467,0,0,5.10E-14,,8.76,228.76,90,0
0.0054644,-0.0051449,0,0,5.10E-14,,8.82,228.82,90,0
0.0054653,-0.0051432,0,0,5.10E-14,,8.88,228.88,90,0
0.0054662,-0.0051415,0,0,5.10E-14,,8.94,228.94,90,0
0.0054671,-0.0051397,0,0,5.10E-14,,9,229,90,0
0.005468,-0.005138,0,0,5.10E-14,,9.06,229.06,90,0
0.0054689,-0.0051362,0,0,1.84E-13,,9.12,229.12,90,0
0.0054698,-0.0051345,0,0,1.84E-13,,9.18,229.18,90,0
0.0054706,-0.0051327,0,0,1.84E-13,,9.24,229.24,90,0
0.0054715,-0.0051309,0,0,1.84E-13,,9.3,229.3,90,0
0.0054724,-0.0051291,0,0,1.84E-13,,9.36,229.36,90,0
0.0054733,-0.0051274,0,0,1.84E-13,,9.42,229.42,90,0
0.0054742,-0.0051256,0,0,1.84E-13,,9.48,229.48,90,0
0.0054751,-0.0051238,0,0,1.84E-13,,9.54,229.54,90,0
0.005476,-0.0051221,0,0,1.84E-13,,9.6,229.6,90,0
0.0054768,-0.0051203,0,0,1.84E-13,,9.66,229.66,90,0
0.0054777,-0.0051185,0,0,1.84E-13,,9.72,229.72,90,0
0.0054786,-0.0051167,0,0,1.84E-13,,9.78,229.78,90,0
0.0054795,-0.005115,0,0,1.84E-13,,9.84,229.84,90,0
0.0054804,-0.0051132,0,0,1.84E-13,,9.9,229.9,90,0
0.0054813,-0.0051114,0,0,1.84E-13,,9.96,229.96,90,0
0.0054822,-0.0051096,0,0,1.37E-12,,10.02,230.02,90,0
0.0054831,-0.0051078,0,0,1.37E-12,,10.08,230.08,90,0
0.0054839,-0.005106,0,0,1.37E-12,,10.14,230.14,90,0
0.0054848,-0.0051042,0,0,1.37E-12,,10.2,230.2,90,0
0.0054857,-0.0051024,0,0,1.37E-12,,10.26,230.26,90,0
0.0054866,-0.0051005,0,0,1.37E-12,,10.32,230.32,90,0
0.0054875,-0.0050987,0,0,1.37E-12,,10.38,230.38,90,0
0.0054884,-0.0050969,0,0,1.37E-12,,10.44,230.44,90,0
0.0054893,-0.0050951,0,0,1.37E-12,,10.5,230.5,90,0
0.0054902,-0.0050933,0,0,1.37E-12,,10.56,230.56,90,0
0.0054911,-0.0050914,0,0,1.37E-12,,10.62,230.62,90,0
0.005492,-0.0050896,0,0,1.37E-12,,10.68,230.68,90,0
0.0054928,-0.0050878,0,0,1.37E-12,,10.74,230.74,90,0
0.0054937,-0.005086,0,0,1.37E-12,,10.8,230.8,90,0
0.0054946,-0.0050841,0,0,1.37E-12,,10.86,230.86,90,0
0.0054955,-0.0050823,0,0,4.08E-12,,10.92,230.92,90,0
0.0054964,-0.0050805,0,0,4.08E-12,,10.98,230.98,90,0
0.0054973,-0.0050786,0,0,4.08E-12,,11.04,231.04,90,0
0.0054982,-0.0050768,0,0,4.08E-12,,11.1,231.1,90,0
0.0054991,-0.0050749,0,0,4.08E-12,,11.16,231.16,90,0
0.0055,-0.0050731,0,0,4.08E-12,,11.22,231.22,90,0
0.0055008,-0.0050712,0,0,4.08E-12,,11.28,231.28,90,0
0.0055017,-0.0050694,0,0,4.08E-12,,11.34,231.34,90,0
0.0055026,-0.0050675,0,0,4.08E-12,,11.4,231.4,90,0
0.0055035,-0.0050657,0,0,4.08E-12,,11.46,231.46,90,0
0.0055044,-0.0050639,0,0,4.08E-12,,11.52,231.52,90,0
0.0055053,-0.005062,0,0,4.08E-12,,11.58,231.58,90,0
0.0055062,-0.0050602,0,0,4.08E-12,,11.64,231.64,90,0
0.0055071,-0.0050583,0,0,4.08E-12,,11.7,231.7,90,0
0.0055079,-0.0050565,0,0,2.93E-11,,11.76,231.76,90,0
0.0055088,-0.0050546,0,0,2.93E-11,,11.82,231.82,90,0
0.0055097,-0.0050527,0,0,2.93E-11,,11.88,231.88,90,0
0.0055106,-0.0050508,0,0,2.93E-11,,11.94,231.94,90,0
0.0055115,-0.0050489,0,0,2.93E-11,,12,232,90,0
0.0055124,-0.005047,0,0,2.93E-11,,12.06,232.06,90,0
0.0055133,-0.0050451,0,0,2.93E-11,,12.12,232.12,90,0
0.0055142,-0.0050432,0,0,2.93E-11,,12.18,232.18,90,0
0.0055151,-0.0050413,0,0,2.93E-11,,12.24,232.24,90,0
0.005516,-0.0050394,0,0,2.93E-11,,12.3,232.3,90,0
0.0055169,-0.0050375,0,0,2.93E-11,,12.36,232.36,90,0
0.0055178,-0.0050356,0,0,2.93E-11,,12.42,232.42,90,0
0.0055186,-0.0050337,0,0,2.93E-11,,12.48,232.48,90,0
0.0055195,-0.0050318,0,0,2.93E-11,,12.54,232.54,90,0
0.0055204,-0.0050299,0,0,8.79E-11,,12.6,232.6,90,0
0.0055213,-0.005028,0,0,8.79E-11,,12.66,232.66,90,0
0.0055222,-0.0050261,0,0,8.79E-11,,12.72,232.72,90,0
0.0055231,-0.0050242,0,0,8.79E-11,,12.78,232.78,90,0
0.005524,-0.0050223,0,0,8.79E-11,,12.84,232.84,90,0
0.0055249,-0.0050204,0,0,8.79E-11,,12.9,232.9,90,0
0.0055258,-0.0050184,0,0,8.79E-11,,12.96,232.96,90,0
0.0055267,-0.0050165,0,0,8.79E-11,,13.02,233.02,90,0
0.0055276,-0.0050146,0,0,8.79E-11,,13.08,233.08,90,0
0.0055284,-0.0050127,0,0,8.79E-11,,13.14,233.14,90,0
0.0055293,-0.0050108,0,0,8.79E-11,,13.2,233.2,90,0
0.0055302,-0.0050088,0,0,8.79E-11,,13.26,233.26,90,0
0.0055311,-0.0050069,0,0,8.79E-11,,13.32,233.32,90,0
0.005532,-0.005005,0,0,8.79E-11,,13.38,233.38,90,0
0.0055329,-0.0050031,0,0,8.79E-11,,13.44,233.44,90,0
0.0055338,-0.0050011,0,0,6.26E-10,,13.5,233.5,90,0
0.0055347,-0.0049992,0,0,6.26E-10,,13.56,233.56,90,0
0.0055356,-0.0049972,0,0,6.26E-10,,13.62,233.62,90,0
0.0055365,-0.0049952,0,0,6.26E-10,,13.68,233.68,90,0
0.0055374,-0.0049933,0,0,6.26E-10,,13.74,233.74,90,0
0.0055383,-0.0049913,0,0,6.26E-10,,13.8,233.8,90,0
0.0055392,-0.0049893,0,0,6.26E-10,,13.86,233.86,90,0
0.0055401,-0.0049873,0,0,6.26E-10,,13.92,233.92,90,0
0.005541,-0.0049854,0,0,6.26E-10,,13.98,233.98,90,0
0.0055419,-0.0049834,0,0,6.26E-10,,14.04,234.04,90,0
0.0055428,-0.0049814,0,0,6.26E-10,,14.1,234.1,90,0
0.0055437,-0.0049795,0,0,6.26E-10,,14.16,234.16,90,0
0.0055446,-0.0049775,0,0,6.26E-10,,14.22,234.22,90,0
0.0055454,-0.0049755,0,0,6.26E-10,,14.28,234.28,90,0
0.0055463,-0.0049736,0,0,1.88E-09,,14.34,234.34,90,0
0.0055472,-0.0049716,0,0,1.88E-09,,14.4,234.4,90,0
0.0055481,-0.0049696,0,0,1.88E-09,,14.46,234.46,90,0
0.005549,-0.0049676,0,0,1.88E-09,,14.52,234.52,90,0
0.0055499,-0.0049656,0,0,1.88E-09,,14.58,234.58,90,0
0.0055508,-0.0049636,0,0,1.88E-09,,14.64,234.64,90,0
0.0055517,-0.0049616,0,0,1.88E-09,,14.7,234.7,90,0
0.0055526,-0.0049596,0,0,1.88E-09,,14.76,234.76,90,0
0.0055535,-0.0049576,0,0,1.88E-09,,14.82,234.82,90,0
0.0055544,-0.0049556,0,0,1.88E-09,,14.88,234.88,90,0
0.0055553,-0.0049536,0,0,1.88E-09,,14.94,234.94,90,0
0.0055562,-0.0049516,0,0,1.88E-09,,15,235,90,0
0.0055571,-0.0049496,0,0,1.88E-09,,15.06,235.06,90,0
0.005558,-0.0049476,0,0,1.88E-09,,15.12,235.12,90,0
0.0055589,-0.0049456,0,0,1.88E-09,,15.18,235.18,90,0
0.0055598,-0.0049436,0,0,1.36E-08,,15.24,235.24,90,0
0.0055607,-0.0049415,0,0,1.36E-08,,15.3,235.3,90,0
0.0055616,-0.0049395,0,0,1.36E-08,,15.36,235.36,90,0
0.0055625,-0.0049374,0,0,1.36E-08,,15.42,235.42,90,0
0.0055634,-0.0049354,0,0,1.36E-08,,15.48,235.48,90,0
0.0055643,-0.0049334,0,0,1.36E-08,,15.54,235.54,90,0
0.0055652,-0.0049313,0,0,1.36E-08,,15.6,235.6,90,0
0.0055661,-0.0049293,0,0,1.36E-08,,15.66,235.66,90,0
0.005567,-0.0049272,0,0,1.36E-08,,15.72,235.72,90,0
0.0055679,-0.0049252,0,0,1.36E-08,,15.78,235.78,90,0
0.0055688,-0.0049231,0,0,1.36E-08,,15.84,235.84,90,0
0.0055697,-0.0049211,0,0,1.36E-08,,15.9,235.9,90,0
0.0055706,-0.004919,0,0,1.36E-08,,15.96,235.96,90,0
0.0055715,-0.004917,0,0,1.36E-08,,16.02,236.02,90,0
0.0055724,-0.0049149,0,0,4.06E-08,,16.08,236.08,90,0
0.0055733,-0.0049129,0,0,4.06E-08,,16.14,236.14,90,0
0.0055742,-0.0049108,0,0,4.06E-08,,16.2,236.2,90,0
0.0055751,-0.0049087,0,0,4.06E-08,,16.26,236.26,90,0
0.005576,-0.0049066,0,0,4.06E-08,,16.32,236.32,90,0
0.0055769,-0.0049046,0,0,4.06E-08,,16.38,236.38,90,0
0.0055778,-0.0049025,0,0,4.06E-08,,16.44,236.44,90,0
0.0055787,-0.0049004,0,0,4.06E-08,,16.5,236.5,90,0
0.0055797,-0.0048983,0,0,4.06E-08,,16.56,236.56,90,0
0.0055806,-0.0048963,0,0,4.06E-08,,16.62,236.62,90,0
0.0055815,-0.0048942,0,0,4.06E-08,,16.68,236.68,90,0
0.0055824,-0.0048921,0,0,4.06E-08,,16.74,236.74,90,0
0.0055833,-0.00489,0,0,4.06E-08,,16.8,236.8,90,0
0.0055842,-0.004888,0,0,4.06E-08,,16.86,236.86,90,0
0.0055851,-0.0048859,0,0,4.06E-08,,16.92,236.92,90,0
0.005586,-0.0048838,0,0,2.88E-07,,16.98,236.98,90,0
0.0055869,-0.0048817,0,0,2.88E-07,,17.04,237.04,90,0
0.0055878,-0.0048795,0,0,2.88E-07,,17.1,237.1,90,0
0.0055887,-0.0048774,0,0,2.88E-07,,17.16,237.16,90,0
0.0055896,-0.0048753,0,0,2.88E-07,,17.22,237.22,90,0
0.0055905,-0.0048731,0,0,2.88E-07,,17.28,237.28,90,0
0.0055915,-0.004871,0,0,2.88E-07,,17.34,237.34,90,0
0.0055924,-0.0048689,0,0,2.88E-07,,17.4,237.4,90,0
0.0055933,-0.0048668,0,0,2.88E-07,,17.46,237.46,90,0
0.0055942,-0.0048646,0,0,2.88E-07,,17.52,237.52,90,0
0.0055951,-0.0048625,0,0,2.88E-07,,17.58,237.58,90,0
0.005596,-0.0048604,0,0,2.88E-07,,17.64,237.64,90,0
0.0055969,-0.0048583,0,0,2.88E-07,,17.7,237.7,90,0
0.0055978,-0.0048561,0,0,2.88E-07,,17.76,237.76,90,0
0.0055988,-0.004854,0,0,8.58E-07,,17.82,237.82,90,0
0.0055997,-0.0048519,0,0,8.58E-07,,17.88,237.88,90,0
0.0056006,-0.0048497,0,0,8.58E-07,,17.94,237.94,90,0
0.0056015,-0.0048476,0,0,8.58E-07,,18,238,90,0
0.0056024,-0.0048454,0,0,8.58E-07,,18.06,238.06,90,0
0.0056033,-0.0048432,0,0,8.58E-07,,18.12,238.12,90,0
0.0056042,-0.0048411,0,0,8.58E-07,,18.18,238.18,90,0
0.0056052,-0.0048389,0,0,8.58E-07,,18.24,238.24,90,0
0.0056061,-0.0048368,0,0,8.58E-07,,18.3,238.3,90,0
0.005607,-0.0048346,0,0,8.58E-07,,18.36,238.36,90,0
0.0056079,-0.0048325,0,0,8.58E-07,,18.42,238.42,90,0
0.0056088,-0.0048303,0,0,8.58E-07,,18.48,238.48,90,0
0.0056097,-0.0048282,0,0,8.58E-07,,18.54,238.54,90,0
0.0056106,-0.004826,0,0,8.58E-07,,18.6,238.6,90,0
0.0056116,-0.0048239,0,0,1.32E-06,,18.66,238.66,90,0
0.0056125,-0.0048217,0,0,6.13E-06,,18.72,238.72,90,0
0.0056134,-0.0048195,0,0,6.13E-06,,18.78,238.78,90,0
0.0056143,-0.0048173,0,0,6.13E-06,,18.84,238.84,90,0
0.0056152,-0.0048151,0,0,6.13E-06,,18.9,238.9,90,0
0.0056162,-0.0048129,0,0,6.13E-06,,18.96,238.96,90,0
0.0056171,-0.0048106,0,0,6.13E-06,,19.02,239.02,90,0
0.005618,-0.0048084,0,0,6.13E-06,,19.08,239.08,90,0
0.005619,-0.0048062,0,0,6.13E-06,,19.14,239.14,90,0
0.0056199,-0.004804,0,0,6.13E-06,,19.2,239.2,90,0
0.0056208,-0.0048018,0,0,6.13E-06,,19.26,239.26,90,0
0.0056217,-0.0047996,0,0,6.13E-06,,19.32,239.32,90,0
0.0056227,-0.0047974,0,0,6.13E-06,,19.38,239.38,90,0
0.0056236,-0.0047952,0,0,6.13E-06,,19.44,239.44,90,0
0.0056245,-0.004793,0,0,6.13E-06,,19.5,239.5,90,0
0.0056254,-0.0047908,0,0,1.82E-05,,19.56,239.56,90,0
0.0056264,-0.0047886,0,0,1.82E-05,,19.62,239.62,90,0
0.0056273,-0.0047863,0,0,1.82E-05,,19.68,239.68,90,0
0.0056282,-0.0047841,0,0,1.82E-05,,19.74,239.74,90,0
0.0056291,-0.0047819,0,0,1.82E-05,,19.8,239.8,90,0
0.0056301,-0.0047796,0,0,1.82E-05,,19.86,239.86,90,0
0.005631,-0.0047774,0,0,1.82E-05,,19.92,239.92,90,0
0.0056319,-0.0047752,0,0,1.82E-05,,19.98,239.98,90,0
0.0056329,-0.0047729,0,0,1.82E-05,,20.04,240.04,90,0
0.0056338,-0.0047707,0,0,1.82E-05,,20.1,240.1,90,0
0.0056347,-0.0047685,0,0,1.82E-05,,20.16,240.16,90,0
0.0056356,-0.0047662,0,0,1.82E-05,,20.22,240.22,90,0
0.0056366,-0.004764,0,0,1.82E-05,,20.28,240.28,90,0
0.0056375,-0.0047618,0,0,1.82E-05,,20.34,240.34,90,0
0.0056384,-0.0047595,0,0,0.00012837,,20.4,240.4,90,0
0.0056394,-0.0047572,0,0,0.00012837,,20.46,240.46,90,0
0.0056403,-0.004755,0,0,0.00012837,,20.52,240.52,90,0
0.0056413,-0.0047527,0,0,0.00012837,,20.58,240.58,90,0
0.0056422,-0.0047504,0,0,0.00012837,,20.64,240.64,90,0
0.0056431,-0.0047481,0,0,0.00012837,,20.7,240.7,90,0
0.0056441,-0.0047458,0,0,0.00012837,,20.76,240.76,90,0
0.005645,-0.0047435,0,0,0.00012837,,20.82,240.82,90,0
0.005646,-0.0047412,0,0,0.00012837,,20.88,240.88,90,0
0.0056469,-0.004739,0,0,0.00012837,,20.94,240.94,90,0
0.0056479,-0.0047367,0,0,0.00012837,,21,241,90,0
0.0056488,-0.0047344,0,0,0.00012837,,21.06,241.06,90,0
0.0056497,-0.0047321,0,0,0.00012837,,21.12,241.12,90,0
0.0056507,-0.0047298,0,0,0.00012837,,21.18,241.18,90,0
0.0056516,-0.0047275,0,0,0.00012837,,21.24,241.24,90,0
0.0056526,-0.0047252,0,0,0.00038082,,21.3,241.3,90,0
0.0056535,-0.0047229,0,0,0.00038082,,21.36,241.36,90,0
0.0056545,-0.0047206,0,0,0.00038082,,21.42,241.42,90,0
0.0056554,-0.0047183,0,0,0.00038082,,21.48,241.48,90,0
0.0056564,-0.004716,0,0,0.00038082,,21.54,241.54,90,0
0.0056573,-0.0047137,0,0,0.00038082,,21.6,241.6,90,0
0.0056583,-0.0047113,0,0,0.00038082,,21.66,241.66,90,0
0.0056592,-0.004709,0,0,0.00038082,,21.72,241.72,90,0
0.0056601,-0.0047067,0,0,0.00038082,,21.78,241.78,90,0
0.0056611,-0.0047044,0,0,0.00038082,,21.84,241.84,90,0
0.005662,-0.0047021,0,0,0.00038082,,21.9,241.9,90,0
0.005663,-0.0046998,0,0,0.00038082,,21.96,241.96,90,0
0.0056639,-0.0046975,0,0,0.00038082,,22.02,242.02,90,0
0.0056649,-0.0046952,0,0,0.00038082,,22.08,242.08,90,0
0.0056658,-0.0046928,0,0,0.002708,,22.14,242.14,90,0
0.0056668,-0.0046905,0,0,0.002708,,22.2,242.2,90,0
0.0056678,-0.0046881,0,0,0.002708,,22.26,242.26,90,0
0.0056687,-0.0046857,0,0,0.002708,,22.32,242.32,90,0
0.0056697,-0.0046834,0,0,0.002708,,22.38,242.38,90,0
0.0056707,-0.004681,0,0,0.002708,,22.44,242.44,90,0
0.0056717,-0.0046786,0,0,0.002708,,22.5,242.5,90,0
0.0056726,-0.0046763,0,0,0.002708,,22.56,242.56,90,0
0.0056736,-0.0046739,0,0,0.002708,,22.62,242.62,90,0
0.0056746,-0.0046715,0,0,0.002708,,22.68,242.68,90,0
0.0056755,-0.0046692,0,0,0.002708,,22.74,242.74,90,0
0.0056765,-0.0046668,0,0,0.002708,,22.8,242.8,90,0
0.0056775,-0.0046644,0,0,0.002708,,22.86,242.86,90,0
0.0056784,-0.0046621,0,0,0.002708,,22.92,242.92,90,0
0.0056794,-0.0046597,0,0,0.008041,,22.98,242.98,90,0
0.0056804,-0.0046573,0,0,0.008041,,23.04,243.04,90,0
0.0056814,-0.0046549,0,0,0.008041,,23.1,243.1,90,0
0.0056824,-0.0046525,0,0,0.008041,,23.16,243.16,90,0
0.0056834,-0.0046501,0,0,0.008041,,23.22,243.22,90,0
0.0056843,-0.0046477,0,0,0.008041,,23.28,243.28,90,0
0.0056853,-0.0046453,0,0,0.008041,,23.34,243.34,90,0
0.0056863,-0.0046429,0,0,0.008041,,23.4,243.4,90,0
0.0056873,-0.0046406,0,0,0.008041,,23.46,243.46,90,0
0.0056883,-0.0046382,0,0,0.008041,,23.52,243.52,90,0
0.0056893,-0.0046358,0,0,0.008041,,23.58,243.58,90,0
0.0056903,-0.0046334,0,0,0.008041,,23.64,243.64,90,0
0.0056912,-0.004631,0,0,0.008041,,23.7,243.7,90,0
0.0056922,-0.0046286,0,0,0.008041,,23.76,243.76,90,0
0.0056932,-0.0046262,0,0,0.008041,,23.82,243.82,90,0
0.0056942,-0.0046238,0,0,0.057006,,23.88,243.88,90,0
0.0056952,-0.0046213,0,0,0.057006,,23.94,243.94,90,0
0.0056962,-0.0046188,0,0,0.057006,,24,244,90,0
0.0056973,-0.0046164,0,0,0.057006,,24.06,244.06,90,0
0.0056983,-0.0046139,0,0,0.057006,,24.12,244.12,90,0
0.0056993,-0.0046114,0,0,0.057006,,24.18,244.18,90,0
0.0057003,-0.004609,0,0,0.057006,,24.24,244.24,90,0
0.0057013,-0.0046065,0,0,0.057006,,24.3,244.3,90,0
0.0057023,-0.0046041,0,0,0.057006,,24.36,244.36,90,0
0.0057033,-0.0046016,0,0,0.057006,,24.42,244.42,90,0
0.0057044,-0.0045991,0,0,0.057006,,24.48,244.48,90,0
0.0057054,-0.0045967,0,0,0.057006,,24.54,244.54,90,0
0.0057064,-0.0045942,0,0,0.057006,,24.6,244.6,90,0
0.0057074,-0.0045917,0,0,0.057006,,24.66,244.66,90,0
0.0057084,-0.0045892,0,0,0.10334,,24.72,244.72,90,0
0.0057095,-0.0045867,0,0,0.10334,,24.78,244.78,90,0
0.0057106,-0.0045841,0,0,0.10334,,24.84,244.84,90,0
0.0057116,-0.0045816,0,0,0.10334,,24.9,244.9,90,0
0.0057127,-0.0045791,0,0,0.10334,,24.96,244.96,90,0
0.0057137,-0.0045765,0,0,0.13584,,25.02,245.02,90,0
0.0057148,-0.004574,0,0,0.13584,,25.08,245.08,90,0
0.0057158,-0.0045714,0,0,0.13584,,25.14,245.14,90,0
0.0057168,-0.0045688,0,0,0.18489,,25.2,245.2,90,0
0.0057179,-0.0045661,0,0,0.18489,,25.26,245.26,90,0
0.005719,-0.0045634,0,0,0.21361,,25.32,245.32,90,0
0.00572,-0.0045607,0,0,0.21361,,25.38,245.38,90,0
0.0057211,-0.004558,0,0,0.26781,,25.44,245.44,90,0
0.0057221,-0.0045552,0,0,0.26781,,25.5,245.5,90,0
0.0057232,-0.0045524,0,0,0.26781,,25.56,245.56,90,0
0.0057242,-0.0045496,0,0,0.42395,,25.62,245.62,90,0
0.0057252,-0.0045466,0,0,0.42395,,25.68,245.68,90,0
0.0057263,-0.0045437,0,0,0.42395,,25.74,245.74,90,0
0.0057273,-0.0045407,0,0,0.42395,,25.8,245.8,90,0
0.0057283,-0.0045377,0,0,0.52587,,25.86,245.86,90,0
0.0057292,-0.0045345,0,0,0.52587,,25.92,245.92,90,0
0.0057302,-0.0045313,0,0,0.52587,,25.98,245.98,90,0
0.0057311,-0.0045281,0,0,0.62262,,26.04,246.04,90,0
0.0057321,-0.0045249,0,0,0.78617,,26.1,246.1,90,0
0.005733,-0.0045218,0,0,0.78617,,26.16,246.16,90,0
0.0057339,-0.0045187,0,0,0.78617,,26.22,246.22,90,0
0.0057349,-0.0045157,0,37.139,0.90597,,26.28,246.28,90,0
0.0057364,-0.0045129,0,37.139,0.90597,,26.34,246.34,90,0
0.0057379,-0.0045101,0,37.139,0.90597,,26.4,246.4,90,0
0.0057395,-0.0045073,0,0,0.95836,,26.46,246.46,90,0
0.0057693,-0.0045043,0,9803.3,0.99971,,26.52,246.52,90,0
0.0058095,-0.0045018,0,9803.3,0.99971,,26.58,246.58,90,0
0.0058497,-0.0044994,0,9803.3,0.99971,,26.64,246.64,90,0
0.0059045,-0.0044909,0,16239,0.99997,,26.7,246.7,90,0
0.0059682,-0.0044858,0,22302,0.99996,,26.76,246.76,90,0
0.0060317,-0.0044813,0,21884,0.99996,,26.82,246.82,90,0
0.0060946,-0.0044773,0,21884,0.99996,,26.88,246.88,90,0
0.0061582,-0.0044727,0,20860,0.99995,,26.94,246.94,90,0
0.0062218,-0.0044662,0,22099,0.99995,,27,247,90,0
0.0062859,-0.0044597,0,22099,0.99995,,27.06,247.06,90,0
0.0063497,-0.0044536,0,21947,0.99995,,27.12,247.12,90,0
0.0064122,-0.0044466,0,20821,0.99995,,27.18,247.18,90,0
0.0064743,-0.0044392,0,21079,0.99995,,27.24,247.24,90,0
0.0065364,-0.0044321,0,21079,0.99995,,27.3,247.3,90,0
0.0065979,-0.0044247,0,20837,0.99995,,27.36,247.36,90,0
0.0066593,-0.0044172,0,21229,0.99995,,27.42,247.42,90,0
0.0067212,-0.0044095,0,21229,0.99995,,27.48,247.48,90,0
0.0067828,-0.0044016,0,21053,0.99995,,27.54,247.54,90,0
0.0068442,-0.0043943,0,20988,0.99995,,27.6,247.6,90,0
0.0069055,-0.0043875,0,20803,0.99995,,27.66,247.66,90,0
0.0069663,-0.0043804,0,20803,0.99995,,27.72,247.72,90,0
0.0070271,-0.0043732,0,20950,0.99995,,27.78,247.78,90,0
0.0070876,-0.0043667,0,20967,0.99995,,27.84,247.84,90,0
0.0071486,-0.0043603,0,20967,0.99995,,27.9,247.9,90,0
0.0072094,-0.0043539,0,20850,0.99995,,27.96,247.96,90,0
0.0072701,-0.0043474,0,20758,0.99995,,28.02,248.02,90,0
0.0073306,-0.0043422,0,20673,0.99995,,28.08,248.08,90,0
0.0073909,-0.0043368,0,20673,0.99995,,28.14,248.14,90,0
0.0074511,-0.0043313,0,20836,0.99995,,28.2,248.2,90,0
0.0075112,-0.0043261,0,20734,0.99995,,28.26,248.26,90,0
0.0075714,-0.0043215,0,20799,0.99995,,28.32,248.32,90,0
0.0076316,-0.0043169,0,20747,0.99995,,28.38,248.38,90,0
0.0076917,-0.0043122,0,20747,0.99995,,28.44,248.44,90,0
0.0077517,-0.0043082,0,20650,0.99995,,28.5,248.5,90,0
0.0078116,-0.0043044,0,20709,0.99995,,28.56,248.56,90,0
0.0078715,-0.0043008,0,20685,0.99995,,28.62,248.62,90,0
0.0079313,-0.0042972,0,20768,0.99995,,28.68,248.68,90,0
0.0079911,-0.0042943,0,20725,0.99995,,28.74,248.74,90,0
0.0080508,-0.0042914,0,20725,0.99995,,28.8,248.8,90,0
0.0081106,-0.0042885,0,20725,0.99995,,28.86,248.86,90,0
0.0081703,-0.0042858,0,20637,0.99995,,28.92,248.92,90,0
0.0082299,-0.0042838,0,20635,0.99995,,28.98,248.98,90,0
0.0082896,-0.0042818,0,20635,0.99995,,29.04,249.04,90,0
0.0083492,-0.0042798,0,20755,0.99995,,29.1,249.1,90,0
0.0084088,-0.0042781,0,20696,0.99995,,29.16,249.16,90,0
0.0084683,-0.0042769,0,20696,0.99995,,29.22,249.22,90,0
0.0085278,-0.0042756,0,20701,0.99995,,29.28,249.28,90,0
0.0085874,-0.0042743,0,20701,0.99995,,29.34,249.34,90,0
0.0086469,-0.0042737,0,20640,0.99995,,29.4,249.4,90,0
0.0087063,-0.0042733,0,20649,0.99995,,29.46,249.46,90,0
0.0087658,-0.0042728,0,20649,0.99995,,29.52,249.52,90,0
0.0088253,-0.0042724,0,20707,0.99995,,29.58,249.58,90,0
0.0088847,-0.0042727,0,20709,0.99995,,29.64,249.64,90,0
0.0089442,-0.004273,0,20709,0.99995,,29.7,249.7,90,0
0.0090036,-0.0042734,0,20653,0.99995,,29.76,249.76,90,0
0.009063,-0.0042741,0,20694,0.99995,,29.82,249.82,90,0
0.0091224,-0.0042751,0,20641,0.99995,,29.88,249.88,90,0
0.0091819,-0.0042762,0,20641,0.99995,,29.94,249.94,90,0
0.0092413,-0.0042774,0,20641,0.99995,,30,250,90,0
0.0093008,-0.004279,0,20646,0.99995,,30.06,250.06,90,0
0.0093602,-0.0042809,0,20646,0.99995,,30.12,250.12,90,0
0.0094197,-0.0042828,0,20701,0.99995,,30.18,250.18,90,0
0.0094791,-0.0042849,0,20701,0.99995,,30.24,250.24,90,0
0.0095386,-0.0042875,0,20656,0.99995,,30.3,250.3,90,0
0.009598,-0.0042902,0,20721,0.99995,,30.36,250.36,90,0
0.0096575,-0.004293,0,20721,0.99995,,30.42,250.42,90,0
0.0097169,-0.004296,0,20640,0.99995,,30.48,250.48,90,0
0.0097764,-0.0042995,0,20640,0.99995,,30.54,250.54,90,0
0.0098359,-0.0043031,0,20640,0.99995,,30.6,250.6,90,0
0.0098954,-0.0043067,0,20653,0.99995,,30.66,250.66,90,0
0.009955,-0.0043107,0,20704,0.99995,,30.72,250.72,90,0
0.010015,-0.0043151,0,20743,0.99995,,30.78,250.78,90,0
0.010074,-0.0043196,0,20743,0.99995,,30.84,250.84,90,0
0.010134,-0.0043241,0,20733,0.99995,,30.9,250.9,90,0
0.010193,-0.0043294,0,20630,0.99995,,30.96,250.96,90,0
0.010253,-0.0043348,0,20630,0.99995,,31.02,251.02,90,0
0.010313,-0.0043402,0,20686,0.99995,,31.08,251.08,90,0
0.010373,-0.0043457,0,20764,0.99995,,31.14,251.14,90,0
0.010432,-0.0043523,0,20764,0.99995,,31.2,251.2,90,0
0.010492,-0.0043588,0,20764,0.99995,,31.26,251.26,90,0
0.010552,-0.0043654,0,20764,0.99995,,31.32,251.32,90,0
0.010612,-0.0043722,0,20770,0.99995,,31.38,251.38,90,0
0.010672,-0.0043793,0,20770,0.99995,,31.44,251.44,90,0
0.010732,-0.0043867,0,20689,0.99995,,31.5,251.5,90,0
0.010792,-0.0043938,0,20786,0.99995,,31.56,251.56,90,0
0.010852,-0.0044023,0,20726,0.99995,,31.62,251.62,90,0
0.010912,-0.0044109,0,20901,0.99995,,31.68,251.68,90,0
0.010973,-0.0044195,0,20901,0.99995,,31.74,251.74,90,0
0.011032,-0.0044281,0,20748,0.99995,,31.8,251.8,90,0
0.011093,-0.0044371,0,20960,0.99995,,31.86,251.86,90,0
0.011153,-0.004446,0,20711,0.99995,,31.92,251.92,90,0
0.011214,-0.0044549,0,20711,0.99995,,31.98,251.98,90,0
0.011275,-0.0044644,0,21252,0.99995,,32.04,252.04,90,0
0.011335,-0.0044741,0,20687,0.99995,,32.1,252.1,90,0
0.011395,-0.0044842,0,20920,0.99995,,32.16,252.16,90,0
0.011455,-0.004494,0,20333,0.99995,,32.22,252.22,90,0
0.011515,-0.0045027,0,21004,0.99995,,32.28,252.28,90,0
0.011575,-0.004511,0,21004,0.99995,,32.34,252.34,90,0
0.011636,-0.0045194,0,21004,0.99995,,32.4,252.4,90,0
0.011697,-0.004527,0,21495,0.99996,,32.46,252.46,90,0
0.011758,-0.0045336,0,20676,0.99996,,32.52,252.52,90,0
0.011818,-0.00454,0,21123,0.99994,,32.58,252.58,90,0
0.011879,-0.0045461,0,20621,0.99994,,32.64,252.64,90,0
0.011936,-0.0045478,0,18883,0.99996,,32.7,252.7,90,0
0.011992,-0.0045483,0,18883,0.99996,,32.76,252.76,90,0
0.012048,-0.0045488,0,18883,0.99996,,32.82,252.82,90,0
0.012101,-0.00455,0,7559.9,0.99983,,32.88,252.88,90,0
0.012136,-0.0045544,0,7559.9,0.99983,,32.94,252.94,90,0
0.012171,-0.0045588,0,7559.9,0.99983,,33,253,90,0
0.012206,-0.0045632,0,7559.9,0.99983,,33.06,253.06,90,0
0.012226,-0.0045671,0,36.408,0.90177,,33.12,253.12,90,0
0.012227,-0.0045701,0,36.408,0.90177,,33.18,253.18,90,0
0.012229,-0.0045732,0,36.408,0.90177,,33.24,253.24,90,0
0.01223,-0.0045763,0,36.408,0.90177,,33.3,253.3,90,0
0.012231,-0.0045796,0,0,0.7786,,33.36,253.36,90,0
0.012232,-0.0045829,0,0,0.7786,,33.42,253.42,90,0
0.012233,-0.0045863,0,0,0.7786,,33.48,253.48,90,0
0.012234,-0.0045897,0,0,0.51576,,33.54,253.54,90,0
0.012235,-0.0045931,0,0,0.51576,,33.6,253.6,90,0
0.012236,-0.0045965,0,0,0.51576,,33.66,253.66,90,0
0.012237,-0.0045999,0,0,0.51576,,33.72,253.72,90,0
0.012238,-0.0046031,0,0,0.41418,,33.78,253.78,90,0
0.012239,-0.0046063,0,0,0.41418,,33.84,253.84,90,0
0.01224,-0.0046094,0,0,0.41418,,33.9,253.9,90,0
0.012241,-0.0046125,0,0,0.2621,,33.96,253.96,90,0
0.012242,-0.0046155,0,0,0.2621,,34.02,254.02,90,0
0.012243,-0.0046185,0,0,0.2621,,34.08,254.08,90,0
0.012244,-0.0046215,0,0,0.2621,,34.14,254.14,90,0
0.012245,-0.0046243,0,0,0.20615,,34.2,254.2,90,0
0.012246,-0.0046272,0,0,0.20615,,34.26,254.26,90,0
0.012247,-0.00463,0,0,0.20615,,34.32,254.32,90,0
0.012249,-0.0046328,0,0,0.12304,,34.38,254.38,90,0
0.01225,-0.0046354,0,0,0.076078,,34.44,254.44,90,0
0.012251,-0.0046379,0,0,0.076078,,34.5,254.5,90,0
0.012252,-0.0046405,0,0,0.076078,,34.56,254.56,90,0
0.012253,-0.0046431,0,0,0.076078,,34.62,254.62,90,0
0.012254,-0.0046456,0,0,0.076078,,34.68,254.68,90,0
0.012255,-0.0046482,0,0,0.076078,,34.74,254.74,90,0
0.012256,-0.0046508,0,0,0.076078,,34.8,254.8,90,0
0.012257,-0.0046534,0,0,0.076078,,34.86,254.86,90,0
0.012258,-0.0046559,0,0,0.076078,,34.92,254.92,90,0
0.012259,-0.0046585,0,0,0.076078,,34.98,254.98,90,0
0.01226,-0.0046611,0,0,0.076078,,35.04,255.04,90,0
0.012261,-0.0046636,0,0,0.076078,,35.1,255.1,90,0
0.012262,-0.0046662,0,0,0.076078,,35.16,255.16,90,0
0.012263,-0.0046688,0,0,0.076078,,35.22,255.22,90,0
0.012264,-0.0046713,0,0,0.02885,,35.28,255.28,90,0
0.012265,-0.0046738,0,0,0.02885,,35.34,255.34,90,0
0.012266,-0.0046764,0,0,0.02885,,35.4,255.4,90,0
0.012267,-0.0046789,0,0,0.02885,,35.46,255.46,90,0
0.012268,-0.0046814,0,0,0.02885,,35.52,255.52,90,0
0.012269,-0.0046839,0,0,0.023319,,35.58,255.58,90,0
0.01227,-0.0046864,0,0,0.023319,,35.64,255.64,90,0
0.012271,-0.0046889,0,0,0.023319,,35.7,255.7,90,0
0.012272,-0.0046914,0,0,0.013398,,35.76,255.76,90,0
0.012273,-0.0046939,0,0,0.013398,,35.82,255.82,90,0
0.012274,-0.0046964,0,0,0.013398,,35.88,255.88,90,0
0.012275,-0.0046988,0,0,0.013398,,35.94,255.94,90,0
0.012276,-0.0047013,0,0,0.013398,,36,256,90,0
0.012277,-0.0047038,0,0,0.013398,,36.06,256.06,90,0
0.012278,-0.0047063,0,0,0.013398,,36.12,256.12,90,0
0.012279,-0.0047088,0,0,0.013022,,36.18,256.18,90,0
0.01228,-0.0047112,0,0,0.0034709,,36.24,256.24,90,0
0.01228,-0.0047137,0,0,0.0034709,,36.3,256.3,90,0
0.012281,-0.0047161,0,0,0.0034709,,36.36,256.36,90,0
0.012282,-0.0047186,0,0,0.0034709,,36.42,256.42,90,0
0.012283,-0.004721,0,0,0.0034709,,36.48,256.48,90,0
0.012284,-0.0047234,0,0,0.0034709,,36.54,256.54,90,0
0.012285,-0.0047259,0,0,0.0034709,,36.6,256.6,90,0
0.012286,-0.0047283,0,0,0.0034709,,36.66,256.66,90,0
0.012287,-0.0047307,0,0,0.0034709,,36.72,256.72,90,0
0.012288,-0.0047332,0,0,0.0034709,,36.78,256.78,90,0
0.012289,-0.0047356,0,0,0.0034709,,36.84,256.84,90,0
0.01229,-0.004738,0,0,0.0034709,,36.9,256.9,90,0
0.012291,-0.0047405,0,0,0.0034709,,36.96,256.96,90,0
0.012292,-0.0047429,0,0,0.0034709,,37.02,257.02,90,0
0.012293,-0.0047453,0,0,0.0011463,,37.08,257.08,90,0
0.012294,-0.0047478,0,0,0.0011463,,37.14,257.14,90,0
0.012295,-0.0047502,0,0,0.0011463,,37.2,257.2,90,0
0.012296,-0.0047526,0,0,0.0011463,,37.26,257.26,90,0
0.012297,-0.004755,0,0,0.0011463,,37.32,257.32,90,0
0.012298,-0.0047574,0,0,0.0011463,,37.38,257.38,90,0
0.012299,-0.0047598,0,0,0.0011463,,37.44,257.44,90,0
0.0123,-0.0047622,0,0,0.0011463,,37.5,257.5,90,0
0.012301,-0.0047646,0,0,0.0011463,,37.56,257.56,90,0
0.012302,-0.0047671,0,0,0.0011463,,37.62,257.62,90,0
0.012303,-0.0047695,0,0,0.0011463,,37.68,257.68,90,0
0.012304,-0.0047719,0,0,0.0011463,,37.74,257.74,90,0
0.012304,-0.0047743,0,0,0.0011463,,37.8,257.8,90,0
0.012305,-0.0047767,0,0,0.0011463,,37.86,257.86,90,0
0.012306,-0.0047791,0,0,0.00016338,,37.92,257.92,90,0
0.012307,-0.0047815,0,0,0.00016338,,37.98,257.98,90,0
0.012308,-0.0047838,0,0,0.00016338,,38.04,258.04,90,0
0.012309,-0.0047862,0,0,0.00016338,,38.1,258.1,90,0
0.01231,-0.0047885,0,0,0.00016338,,38.16,258.16,90,0
0.012311,-0.0047909,0,0,0.00016338,,38.22,258.22,90,0
0.012312,-0.0047933,0,0,0.00016338,,38.28,258.28,90,0
0.012313,-0.0047956,0,0,0.00016338,,38.34,258.34,90,0
0.012314,-0.004798,0,0,0.00016338,,38.4,258.4,90,0
0.012315,-0.0048003,0,0,0.00016338,,38.46,258.46,90,0
0.012316,-0.0048027,0,0,0.00016338,,38.52,258.52,90,0
0.012317,-0.0048051,0,0,0.00016338,,38.58,258.58,90,0
0.012318,-0.0048074,0,0,0.00016338,,38.64,258.64,90,0
0.012319,-0.0048098,0,0,0.00016338,,38.7,258.7,90,0
0.01232,-0.0048121,0,0,0.00016338,,38.76,258.76,90,0
0.012321,-0.0048145,0,0,5.47E-05,,38.82,258.82,90,0
0.012322,-0.0048168,0,0,5.47E-05,,38.88,258.88,90,0
0.012322,-0.0048191,0,0,5.47E-05,,38.94,258.94,90,0
0.012323,-0.0048215,0,0,5.47E-05,,39,259,90,0
0.012324,-0.0048238,0,0,5.47E-05,,39.06,259.06,90,0
0.012325,-0.0048261,0,0,5.47E-05,,39.12,259.12,90,0
0.012326,-0.0048285,0,0,5.47E-05,,39.18,259.18,90,0
0.012327,-0.0048308,0,0,5.47E-05,,39.24,259.24,90,0
0.012328,-0.0048331,0,0,5.47E-05,,39.3,259.3,90,0
0.012329,-0.0048355,0,0,5.47E-05,,39.36,259.36,90,0
0.01233,-0.0048378,0,0,5.47E-05,,39.42,259.42,90,0
0.012331,-0.0048401,0,0,5.47E-05,,39.48,259.48,90,0
0.012332,-0.0048425,0,0,5.47E-05,,39.54,259.54,90,0
0.012333,-0.0048448,0,0,5.47E-05,,39.6,259.6,90,0
0.012334,-0.0048471,0,0,7.79E-06,,39.66,259.66,90,0
0.012335,-0.0048494,0,0,7.79E-06,,39.72,259.72,90,0
0.012336,-0.0048517,0,0,7.79E-06,,39.78,259.78,90,0
0.012337,-0.004854,0,0,7.79E-06,,39.84,259.84,90,0
0.012337,-0.0048562,0,0,7.79E-06,,39.9,259.9,90,0
0.012338,-0.0048585,0,0,7.79E-06,,39.96,259.96,90,0
0.012339,-0.0048608,0,0,7.79E-06,,40.02,260.02,90,0
0.01234,-0.0048631,0,0,7.79E-06,,40.08,260.08,90,0
0.012341,-0.0048654,0,0,7.79E-06,,40.14,260.14,90,0
0.012342,-0.0048677,0,0,7.79E-06,,40.2,260.2,90,0
0.012343,-0.0048699,0,0,7.79E-06,,40.26,260.26,90,0
0.012344,-0.0048722,0,0,7.79E-06,,40.32,260.32,90,0
0.012345,-0.0048745,0,0,7.79E-06,,40.38,260.38,90,0
0.012346,-0.0048768,0,0,7.79E-06,,40.44,260.44,90,0
0.012347,-0.0048791,0,0,2.63E-06,,40.5,260.5,90,0
0.012348,-0.0048813,0,0,2.63E-06,,40.56,260.56,90,0
0.012349,-0.0048836,0,0,2.63E-06,,40.62,260.62,90,0
0.01235,-0.0048858,0,0,2.63E-06,,40.68,260.68,90,0
0.01235,-0.0048881,0,0,2.63E-06,,40.74,260.74,90,0
0.012351,-0.0048903,0,0,2.63E-06,,40.8,260.8,90,0
0.012352,-0.0048926,0,0,2.63E-06,,40.86,260.86,90,0
0.012353,-0.0048949,0,0,2.63E-06,,40.92,260.92,90,0
0.012354,-0.0048971,0,0,2.63E-06,,40.98,260.98,90,0
0.012355,-0.0048994,0,0,2.63E-06,,41.04,261.04,90,0
0.012356,-0.0049016,0,0,2.63E-06,,41.1,261.1,90,0
0.012357,-0.0049039,0,0,2.63E-06,,41.16,261.16,90,0
0.012358,-0.0049061,0,0,2.63E-06,,41.22,261.22,90,0
0.012359,-0.0049084,0,0,2.63E-06,,41.28,261.28,90,0
0.01236,-0.0049106,0,0,2.63E-06,,41.34,261.34,90,0
0.012361,-0.0049129,0,0,3.71E-07,,41.4,261.4,90,0
0.012362,-0.0049151,0,0,3.71E-07,,41.46,261.46,90,0
0.012362,-0.0049173,0,0,3.71E-07,,41.52,261.52,90,0
0.012363,-0.0049195,0,0,3.71E-07,,41.58,261.58,90,0
0.012364,-0.0049217,0,0,3.71E-07,,41.64,261.64,90,0
0.012365,-0.0049239,0,0,3.71E-07,,41.7,261.7,90,0
0.012366,-0.0049261,0,0,3.71E-07,,41.76,261.76,90,0
0.012367,-0.0049283,0,0,3.71E-07,,41.82,261.82,90,0
0.012368,-0.0049305,0,0,3.71E-07,,41.88,261.88,90,0
0.012369,-0.0049327,0,0,3.71E-07,,41.94,261.94,90,0
0.01237,-0.0049349,0,0,3.71E-07,,42,262,90,0
0.012371,-0.0049371,0,0,3.71E-07,,42.06,262.06,90,0
0.012372,-0.0049393,0,0,3.71E-07,,42.12,262.12,90,0
0.012373,-0.0049415,0,0,3.71E-07,,42.18,262.18,90,0
0.012373,-0.0049437,0,0,1.25E-07,,42.24,262.24,90,0
0.012374,-0.0049459,0,0,1.25E-07,,42.3,262.3,90,0
0.012375,-0.0049481,0,0,1.25E-07,,42.36,262.36,90,0
0.012376,-0.0049503,0,0,1.25E-07,,42.42,262.42,90,0
0.012377,-0.0049524,0,0,1.25E-07,,42.48,262.48,90,0
0.012378,-0.0049546,0,0,1.25E-07,,42.54,262.54,90,0
0.012379,-0.0049568,0,0,1.25E-07,,42.6,262.6,90,0
0.01238,-0.004959,0,0,1.25E-07,,42.66,262.66,90,0
0.012381,-0.0049611,0,0,1.25E-07,,42.72,262.72,90,0
0.012382,-0.0049633,0,0,1.25E-07,,42.78,262.78,90,0
0.012383,-0.0049655,0,0,1.25E-07,,42.84,262.84,90,0
0.012384,-0.0049677,0,0,1.25E-07,,42.9,262.9,90,0
0.012384,-0.0049699,0,0,1.25E-07,,42.96,262.96,90,0
0.012385,-0.004972,0,0,1.25E-07,,43.02,263.02,90,0
0.012386,-0.0049742,0,0,1.76E-08,,43.08,263.08,90,0
0.012387,-0.0049763,0,0,1.76E-08,,43.14,263.14,90,0
0.012388,-0.0049785,0,0,1.76E-08,,43.2,263.2,90,0
0.012389,-0.0049806,0,0,1.76E-08,,43.26,263.26,90,0
0.01239,-0.0049827,0,0,1.76E-08,,43.32,263.32,90,0
0.012391,-0.0049849,0,0,1.76E-08,,43.38,263.38,90,0
0.012392,-0.004987,0,0,1.76E-08,,43.44,263.44,90,0
0.012393,-0.0049891,0,0,1.76E-08,,43.5,263.5,90,0
0.012393,-0.0049912,0,0,1.76E-08,,43.56,263.56,90,0
0.012394,-0.0049934,0,0,1.76E-08,,43.62,263.62,90,0
0.012395,-0.0049955,0,0,1.76E-08,,43.68,263.68,90,0
0.012396,-0.0049976,0,0,1.76E-08,,43.74,263.74,90,0
0.012397,-0.0049997,0,0,1.76E-08,,43.8,263.8,90,0
0.012398,-0.0050019,0,0,1.76E-08,,43.86,263.86,90,0
0.012399,-0.005004,0,0,1.76E-08,,43.92,263.92,90,0
0.0124,-0.0050061,0,0,5.92E-09,,43.98,263.98,90,0
0.012401,-0.0050082,0,0,5.92E-09,,44.04,264.04,90,0
0.012402,-0.0050103,0,0,5.92E-09,,44.1,264.1,90,0
0.012403,-0.0050124,0,0,5.92E-09,,44.16,264.16,90,0
0.012403,-0.0050145,0,0,5.92E-09,,44.22,264.22,90,0
0.012404,-0.0050166,0,0,5.92E-09,,44.28,264.28,90,0
0.012405,-0.0050187,0,0,5.92E-09,,44.34,264.34,90,0
0.012406,-0.0050208,0,0,5.92E-09,,44.4,264.4,90,0
0.012407,-0.0050229,0,0,5.92E-09,,44.46,264.46,90,0
0.012408,-0.005025,0,0,5.92E-09,,44.52,264.52,90,0
0.012409,-0.0050271,0,0,5.92E-09,,44.58,264.58,90,0
0.01241,-0.0050292,0,0,5.92E-09,,44.64,264.64,90,0
0.012411,-0.0050313,0,0,5.92E-09,,44.7,264.7,90,0
0.012412,-0.0050334,0,0,5.92E-09,,44.76,264.76,90,0
0.012413,-0.0050355,0,0,8.28E-10,,44.82,264.82,90,0
0.012413,-0.0050376,0,0,8.28E-10,,44.88,264.88,90,0
0.012414,-0.0050396,0,0,8.28E-10,,44.94,264.94,90,0
0.012415,-0.0050417,0,0,8.28E-10,,45,265,90,0
0.012416,-0.0050437,0,0,8.28E-10,,45.06,265.06,90,0
0.012417,-0.0050458,0,0,8.28E-10,,45.12,265.12,90,0
0.012418,-0.0050478,0,0,8.28E-10,,45.18,265.18,90,0
0.012419,-0.0050499,0,0,8.28E-10,,45.24,265.24,90,0
0.01242,-0.0050519,0,0,8.28E-10,,45.3,265.3,90,0
0.012421,-0.005054,0,0,8.28E-10,,45.36,265.36,90,0
0.012421,-0.005056,0,0,8.28E-10,,45.42,265.42,90,0
0.012422,-0.0050581,0,0,8.28E-10,,45.48,265.48,90,0
0.012423,-0.0050601,0,0,8.28E-10,,45.54,265.54,90,0
0.012424,-0.0050622,0,0,8.28E-10,,45.6,265.6,90,0
0.012425,-0.0050642,0,0,8.28E-10,,45.66,265.66,90,0
0.012426,-0.0050663,0,0,2.77E-10,,45.72,265.72,90,0
0.012427,-0.0050683,0,0,2.77E-10,,45.78,265.78,90,0
0.012428,-0.0050703,0,0,2.77E-10,,45.84,265.84,90,0
0.012429,-0.0050723,0,0,2.77E-10,,45.9,265.9,90,0
0.01243,-0.0050744,0,0,2.77E-10,,45.96,265.96,90,0
0.01243,-0.0050764,0,0,2.77E-10,,46.02,266.02,90,0
0.012431,-0.0050784,0,0,2.77E-10,,46.08,266.08,90,0
0.012432,-0.0050805,0,0,2.77E-10,,46.14,266.14,90,0
0.012433,-0.0050825,0,0,2.77E-10,,46.2,266.2,90,0
0.012434,-0.0050845,0,0,2.77E-10,,46.26,266.26,90,0
0.012435,-0.0050865,0,0,2.77E-10,,46.32,266.32,90,0
0.012436,-0.0050886,0,0,2.77E-10,,46.38,266.38,90,0
0.012437,-0.0050906,0,0,2.77E-10,,46.44,266.44,90,0
0.012438,-0.0050926,0,0,2.77E-10,,46.5,266.5,90,0
0.012439,-0.0050946,0,0,3.85E-11,,46.56,266.56,90,0
0.012439,-0.0050966,0,0,3.85E-11,,46.62,266.62,90,0
0.01244,-0.0050986,0,0,3.85E-11,,46.68,266.68,90,0
0.012441,-0.0051005,0,0,3.85E-11,,46.74,266.74,90,0
0.012442,-0.0051025,0,0,3.85E-11,,46.8,266.8,90,0
0.012443,-0.0051045,0,0,3.85E-11,,46.86,266.86,90,0
0.012444,-0.0051065,0,0,3.85E-11,,46.92,266.92,90,0
0.012445,-0.0051084,0,0,3.85E-11,,46.98,266.98,90,0
0.012446,-0.0051104,0,0,3.85E-11,,47.04,267.04,90,0
0.012447,-0.0051124,0,0,3.85E-11,,47.1,267.1,90,0
0.012447,-0.0051144,0,0,3.85E-11,,47.16,267.16,90,0
0.012448,-0.0051163,0,0,3.85E-11,,47.22,267.22,90,0
0.012449,-0.0051183,0,0,3.85E-11,,47.28,267.28,90,0
0.01245,-0.0051203,0,0,3.85E-11,,47.34,267.34,90,0
0.012451,-0.0051223,0,0,3.85E-11,,47.4,267.4,90,0
0.012452,-0.0051242,0,0,1.29E-11,,47.46,267.46,90,0
0.012453,-0.0051262,0,0,1.29E-11,,47.52,267.52,90,0
0.012454,-0.0051281,0,0,1.29E-11,,47.58,267.58,90,0
0.012455,-0.0051301,0,0,1.29E-11,,47.64,267.64,90,0
0.012456,-0.005132,0,0,1.29E-11,,47.7,267.7,90,0
0.012456,-0.005134,0,0,1.29E-11,,47.76,267.76,90,0
0.012457,-0.0051359,0,0,1.29E-11,,47.82,267.82,90,0
0.012458,-0.0051379,0,0,1.29E-11,,47.88,267.88,90,0
0.012459,-0.0051398,0,0,1.29E-11,,47.94,267.94,90,0
0.01246,-0.0051418,0,0,1.29E-11,,48,268,90,0
0.012461,-0.0051437,0,0,1.29E-11,,48.06,268.06,90,0
0.012462,-0.0051457,0,0,1.29E-11,,48.12,268.12,90,0
0.012463,-0.0051476,0,0,1.29E-11,,48.18,268.18,90,0
0.012464,-0.0051496,0,0,1.29E-11,,48.24,268.24,90,0
0.012465,-0.0051515,0,0,1.80E-12,,48.3,268.3,90,0
0.012465,-0.0051534,0,0,1.80E-12,,48.36,268.36,90,0
0.012466,-0.0051553,0,0,1.80E-12,,48.42,268.42,90,0
0.012467,-0.0051572,0,0,1.80E-12,,48.48,268.48,90,0
0.012468,-0.0051591,0,0,1.80E-12,,48.54,268.54,90,0
0.012469,-0.005161,0,0,1.80E-12,,48.6,268.6,90,0
0.01247,-0.0051629,0,0,1.80E-12,,48.66,268.66,90,0
0.012471,-0.0051648,0,0,1.80E-12,,48.72,268.72,90,0
0.012472,-0.0051667,0,0,1.80E-12,,48.78,268.78,90,0
0.012473,-0.0051686,0,0,1.80E-12,,48.84,268.84,90,0
0.012473,-0.0051705,0,0,1.80E-12,,48.9,268.9,90,0
0.012474,-0.0051724,0,0,1.80E-12,,48.96,268.96,90,0
0.012475,-0.0051743,0,0,1.80E-12,,49.02,269.02,90,0
0.012476,-0.0051762,0,0,1.80E-12,,49.08,269.08,90,0
0.012477,-0.0051781,0,0,6.03E-13,,49.14,269.14,90,0
0.012478,-0.00518,0,0,6.03E-13,,49.2,269.2,90,0
0.012479,-0.0051819,0,0,6.03E-13,,49.26,269.26,90,0
0.01248,-0.0051838,0,0,6.03E-13,,49.32,269.32,90,0
0.012481,-0.0051857,0,0,6.03E-13,,49.38,269.38,90,0
0.012481,-0.0051875,0,0,6.03E-13,,49.44,269.44,90,0
0.012482,-0.0051894,0,0,6.03E-13,,49.5,269.5,90,0
0.012483,-0.0051913,0,0,6.03E-13,,49.56,269.56,90,0
0.012484,-0.0051932,0,0,6.03E-13,,49.62,269.62,90,0
0.012485,-0.0051951,0,0,6.03E-13,,49.68,269.68,90,0
0.012486,-0.0051969,0,0,6.03E-13,,49.74,269.74,90,0
0.012487,-0.0051988,0,0,6.03E-13,,49.8,269.8,90,0
0.012488,-0.0052007,0,0,6.03E-13,,49.86,269.86,90,0
0.012489,-0.0052026,0,0,6.03E-13,,49.92,269.92,90,0
0.01249,-0.0052045,0,0,6.03E-13,,49.98,269.98,90,0
0.01249,-0.0052063,0,0,8.12E-14,,50.04,270.04,90,0
0.012491,-0.0052081,0,0,8.12E-14,,50.1,270.1,90,0
0.012492,-0.00521,0,0,8.12E-14,,50.16,270.16,90,0
0.012493,-0.0052118,0,0,8.12E-14,,50.22,270.22,90,0
0.012494,-0.0052136,0,0,8.12E-14,,50.28,270.28,90,0
0.012495,-0.0052154,0,0,8.12E-14,,50.34,270.34,90,0
0.012496,-0.0052173,0,0,8.12E-14,,50.4,270.4,90,0
0.012497,-0.0052191,0,0,8.12E-14,,50.46,270.46,90,0
0.012498,-0.0052209,0,0,8.12E-14,,50.52,270.52,90,0
0.012498,-0.0052228,0,0,8.12E-14,,50.58,270.58,90,0
0.012499,-0.0052246,0,0,8.12E-14,,50.64,270.64,90,0
0.0125,-0.0052264,0,0,8.12E-14,,50.7,270.7,90,0
0.012501,-0.0052282,0,0,8.12E-14,,50.76,270.76,90,0
0.012502,-0.0052301,0,0,8.12E-14,,50.82,270.82,90,0
0.012503,-0.0052319,0,0,8.12E-14,,50.88,270.88,90,0
0.012504,-0.0052337,0,0,2.37E-14,,50.94,270.94,90,0
0.012505,-0.0052355,0,0,2.37E-14,,51,271,90,0
0.012506,-0.0052373,0,0,2.37E-14,,51.06,271.06,90,0
0.012506,-0.0052391,0,0,2.37E-14,,51.12,271.12,90,0
0.012507,-0.0052409,0,0,2.37E-14,,51.18,271.18,90,0
0.012508,-0.0052427,0,0,2.37E-14,,51.24,271.24,90,0
0.012509,-0.0052445,0,0,2.37E-14,,51.3,271.3,90,0
0.01251,-0.0052463,0,0,2.37E-14,,51.36,271.36,90,0
0.012511,-0.0052481,0,0,2.37E-14,,51.42,271.42,90,0
0.012512,-0.0052499,0,0,2.37E-14,,51.48,271.48,90,0
0.012513,-0.0052517,0,0,2.37E-14,,51.54,271.54,90,0
0.012514,-0.0052535,0,0,2.37E-14,,51.6,271.6,90,0
0.012515,-0.0052553,0,0,2.37E-14,,51.66,271.66,90,0
0.012515,-0.0052571,0,0,2.37E-14,,51.72,271.72,90,0
0.012516,-0.0052589,0,0,2.37E-14,,51.78,271.78,90,0
0.012517,-0.0052607,0,0,2.37E-14,,51.84,271.84,90,0
0.012518,-0.0052625,0,0,1.42E-14,,51.9,271.9,90,0
0.012519,-0.0052643,0,0,1.42E-14,,51.96,271.96,90,0
0.01252,-0.0052661,0,0,2.90E-15,,52.02,272.02,90,0
0.012521,-0.0052678,0,0,2.90E-15,,52.08,272.08,90,0
0.012522,-0.0052696,0,0,2.90E-15,,52.14,272.14,90,0
0.012523,-0.0052713,0,0,1.64E-15,,52.2,272.2,90,0
0.012524,-0.005273,0,0,1.64E-15,,52.26,272.26,90,0
0.012524,-0.0052748,0,0,1.64E-15,,52.32,272.32,90,0
0.012525,-0.0052765,0,0,1.64E-15,,52.38,272.38,90,0
0.012526,-0.0052783,0,0,1.64E-15,,52.44,272.44,90,0
0.012527,-0.00528,0,0,1.64E-15,,52.5,272.5,90,0
0.012528,-0.0052817,0,0,1.64E-15,,52.56,272.56,90,0
0.012529,-0.0052835,0,0,1.64E-15,,52.62,272.62,90,0
0.01253,-0.0052852,0,0,1.64E-15,,52.68,272.68,90,0
0.012531,-0.005287,0,0,1.64E-15,,52.74,272.74,90,0
0.012532,-0.0052887,0,0,1.64E-15,,52.8,272.8,90,0
0.012532,-0.0052904,0,0,1.64E-15,,52.86,272.86,90,0
0.012533,-0.0052922,0,0,1.64E-15,,52.92,272.92,90,0
0.012534,-0.0052939,0,0,1.64E-15,,52.98,272.98,90,0
0.012535,-0.0052957,0,0,1.64E-15,,53.04,273.04,90,0
0.012536,-0.0052974,0,0,1.64E-15,,53.1,273.1,90,0
0.012537,-0.0052992,0,0,1.64E-15,,53.16,273.16,90,0
0.012538,-0.0053009,0,0,1.64E-15,,53.22,273.22,90,0
0.012539,-0.0053026,0,0,2.51E-16,,53.28,273.28,90,0
0.01254,-0.0053043,0,0,2.51E-16,,53.34,273.34,90,0
0.01254,-0.005306,0,0,2.51E-16,,53.4,273.4,90,0
0.012541,-0.0053077,0,0,2.51E-16,,53.46,273.46,90,0
0.012542,-0.0053094,0,0,2.51E-16,,53.52,273.52,90,0
0.012543,-0.0053111,0,0,2.51E-16,,53.58,273.58,90,0
0.012544,-0.0053128,0,0,2.51E-16,,53.64,273.64,90,0
0.012545,-0.0053145,0,0,2.51E-16,,53.7,273.7,90,0
0.012546,-0.0053162,0,0,2.51E-16,,53.76,273.76,90,0
0.012547,-0.0053179,0,0,2.51E-16,,53.82,273.82,90,0
0.012548,-0.0053196,0,0,2.51E-16,,53.88,273.88,90,0
0.012549,-0.0053213,0,0,2.51E-16,,53.94,273.94,90,0
0.012549,-0.005323,0,0,2.51E-16,,54,274,90,0
0.01255,-0.0053247,0,0,7.81E-17,,54.06,274.06,90,0
0.012551,-0.0053264,0,0,7.81E-17,,54.12,274.12,90,0
0.012552,-0.0053281,0,0,7.81E-17,,54.18,274.18,90,0
0.012553,-0.0053298,0,0,7.81E-17,,54.24,274.24,90,0
0.012554,-0.0053315,0,0,7.81E-17,,54.3,274.3,90,0
0.012555,-0.0053331,0,0,7.81E-17,,54.36,274.36,90,0
0.012556,-0.0053348,0,0,7.81E-17,,54.42,274.42,90,0
0.012557,-0.0053365,0,0,7.81E-17,,54.48,274.48,90,0
0.012558,-0.0053382,0,0,7.81E-17,,54.54,274.54,90,0
0.012559,-0.0053399,0,0,7.81E-17,,54.6,274.6,90,0
0.012559,-0.0053416,0,0,7.81E-17,,54.66,274.66,90,0
0.01256,-0.0053432,0,0,4.55E-18,,54.72,274.72,90,0
0.012561,-0.0053448,0,0,4.55E-18,,54.78,274.78,90,0
0.012562,-0.0053465,0,0,4.55E-18,,54.84,274.84,90,0
0.012563,-0.0053481,0,0,4.55E-18,,54.9,274.9,90,0
0.012564,-0.0053497,0,0,4.55E-18,,54.96,274.96,90,0
0.012565,-0.0053514,0,0,4.55E-18,,55.02,275.02,90,0
0.012566,-0.005353,0,0,4.55E-18,,55.08,275.08,90,0
0.012567,-0.0053546,0,0,4.55E-18,,55.14,275.14,90,0
0.012568,-0.0053563,0,0,4.55E-18,,55.2,275.2,90,0
0.012569,-0.0053579,0,0,4.55E-18,,55.26,275.26,90,0
0.012569,-0.0053595,0,0,4.55E-18,,55.32,275.32,90,0
0.01257,-0.0053612,0,0,4.55E-18,,55.38,275.38,90,0
0.012571,-0.0053628,0,0,4.55E-18,,55.44,275.44,90,0
0.012572,-0.0053644,0,0,4.55E-18,,55.5,275.5,90,0
0.012573,-0.0053661,0,0,4.55E-18,,55.56,275.56,90,0
0.012574,-0.0053677,0,0,4.55E-18,,55.62,275.62,90,0
0.012575,-0.0053693,0,0,4.55E-18,,55.68,275.68,90,0
0.012576,-0.005371,0,0,4.55E-18,,55.74,275.74,90,0
0.012577,-0.0053726,0,0,4.55E-18,,55.8,275.8,90,0
0.012578,-0.0053742,0,0,4.55E-18,,55.86,275.86,90,0
0.012579,-0.0053759,0,0,4.55E-18,,55.92,275.92,90,0
0.012579,-0.0053775,0,0,4.55E-18,,55.98,275.98,90,0
0.01258,-0.0053791,0,0,4.55E-18,,56.04,276.04,90,0
0.012581,-0.0053808,0,0,4.55E-18,,56.1,276.1,90,0
0.012582,-0.0053824,0,0,4.55E-18,,56.16,276.16,90,0
0.012583,-0.005384,0,0,5.08E-18,,56.22,276.22,90,0
0.012584,-0.0053856,0,0,5.08E-18,,56.28,276.28,90,0
0.012585,-0.0053873,0,0,5.08E-18,,56.34,276.34,90,0
0.012586,-0.0053889,0,0,5.08E-18,,56.4,276.4,90,0
0.012587,-0.0053905,0,0,5.08E-18,,56.46,276.46,90,0
0.012588,-0.0053921,0,0,5.08E-18,,56.52,276.52,90,0
0.012588,-0.0053938,0,0,5.08E-18,,56.58,276.58,90,0
0.012589,-0.0053954,0,0,5.08E-18,,56.64,276.64,90,0
0.01259,-0.005397,0,0,5.73E-19,,56.7,276.7,90,0
0.012591,-0.0053986,0,0,5.73E-19,,56.76,276.76,90,0
0.012592,-0.0054001,0,0,4.87E-20,,56.82,276.82,90,0
0.012593,-0.0054017,0,0,4.87E-20,,56.88,276.88,90,0
0.012594,-0.0054032,0,0,4.87E-20,,56.94,276.94,90,0
0.012595,-0.0054048,0,0,4.87E-20,,57,277,90,0
0.012596,-0.0054063,0,0,4.87E-20,,57.06,277.06,90,0
0.012597,-0.0054079,0,0,4.87E-20,,57.12,277.12,90,0
0.012597,-0.0054094,0,0,4.87E-20,,57.18,277.18,90,0
0.012598,-0.005411,0,0,4.87E-20,,57.24,277.24,90,0
0.012599,-0.0054125,0,0,4.87E-20,,57.3,277.3,90,0
0.0126,-0.0054141,0,0,4.87E-20,,57.36,277.36,90,0
0.012601,-0.0054156,0,0,4.87E-20,,57.42,277.42,90,0
0.012602,-0.0054172,0,0,4.87E-20,,57.48,277.48,90,0
0.012603,-0.0054187,0,0,4.87E-20,,57.54,277.54,90,0
0.012604,-0.0054203,0,0,4.87E-20,,57.6,277.6,90,0
0.012605,-0.0054219,0,0,4.87E-20,,57.66,277.66,90,0
0.012606,-0.0054234,0,0,4.87E-20,,57.72,277.72,90,0
0.012607,-0.005425,0,0,4.87E-20,,57.78,277.78,90,0
0.012608,-0.0054265,0,0,4.87E-20,,57.84,277.84,90,0
0.012608,-0.0054281,0,0,4.87E-20,,57.9,277.9,90,0
0.012609,-0.0054296,0,0,4.87E-20,,57.96,277.96,90,0
0.01261,-0.0054312,0,0,4.87E-20,,58.02,278.02,90,0
0.012611,-0.0054327,0,0,4.87E-20,,58.08,278.08,90,0
0.012612,-0.0054343,0,0,4.87E-20,,58.14,278.14,90,0
0.012613,-0.0054358,0,0,4.87E-20,,58.2,278.2,90,0
0.012614,-0.0054374,0,0,4.87E-20,,58.26,278.26,90,0
0.012615,-0.0054389,0,0,4.87E-20,,58.32,278.32,90,0
0.012616,-0.0054405,0,0,4.87E-20,,58.38,278.38,90,0
0.012617,-0.005442,0,0,4.87E-20,,58.44,278.44,90,0
0.012618,-0.0054436,0,0,4.87E-20,,58.5,278.5,90,0
0.012619,-0.0054451,0,0,4.87E-20,,58.56,278.56,90,0
0.012619,-0.0054467,0,0,4.87E-20,,58.62,278.62,90,0
0.01262,-0.0054482,0,0,4.87E-20,,58.68,278.68,90,0
0.012621,-0.0054498,0,0,4.87E-20,,58.74,278.74,90,0
0.012622,-0.0054513,0,0,4.87E-20,,58.8,278.8,90,0
0.012623,-0.0054529,0,0,4.87E-20,,58.86,278.86,90,0
0.012624,-0.0054544,0,0,4.87E-20,,58.92,278.92,90,0
0.012625,-0.005456,0,0,4.87E-20,,58.98,278.98,90,0
0.012626,-0.0054575,0,0,4.87E-20,,59.04,279.04,90,0
0.012627,-0.0054591,0,0,4.87E-20,,59.1,279.1,90,0
0.012628,-0.0054606,0,0,4.87E-20,,59.16,279.16,90,0
0.012629,-0.0054622,0,0,4.87E-20,,59.22,279.22,90,0
0.01263,-0.0054637,0,0,4.87E-20,,59.28,279.28,90,0
0.01263,-0.0054653,0,0,4.87E-20,,59.34,279.34,90,0
0.012631,-0.0054668,0,0,4.87E-20,,59.4,279.4,90,0
0.012632,-0.0054684,0,0,4.87E-20,,59.46,279.46,90,0
0.012633,-0.0054699,0,0,4.87E-20,,59.52,279.52,90,0
0.012634,-0.0054715,0,0,4.87E-20,,59.58,279.58,90,0
0.012635,-0.005473,0,0,4.87E-20,,59.64,279.64,90,0
0.012636,-0.0054746,0,0,4.87E-20,,59.7,279.7,90,0
0.012637,-0.0054761,0,0,4.87E-20,,59.76,279.76,90,0
0.012638,-0.0054777,0,0,4.87E-20,,59.82,279.82,90,0
0.012639,-0.0054792,0,0,4.87E-20,,59.88,279.88,90,0
0.01264,-0.0054808,0,0,4.87E-20,,59.94,279.94,90,0
0.01264,-0.0054823,0,0,4.87E-20,,60,280,90,0
