disp:0,disp:1,disp:2,cdf,damage,vtkValidPointMask,arc_length,Points:0,Points:1,Points:2,dis0,lcdf
0.0064008,-0.0062127,0,0,1.14E-05,,0,240,115,0,7.96E-05,1.00
0.0064012,-0.0062124,0,0,1.14E-05,,0.020004,240.02,115,0,7.96E-05,1.00
0.0064015,-0.006212,0,0,1.14E-05,,0.039993,240.04,115,0,7.96E-05,1.00
0.0064019,-0.0062116,0,0,1.14E-05,,0.059998,240.06,115,0,7.96E-05,1.00
0.0064023,-0.0062112,0,0,1.14E-05,,0.080002,240.08,115,0,7.96E-05,1.00
0.0064026,-0.0062108,0,0,1.14E-05,,0.10001,240.1,115,0,7.96E-05,1.00
0.006403,-0.0062105,0,0,1.14E-05,,0.12,240.12,115,0,7.96E-05,1.00
0.0064034,-0.0062101,0,0,1.14E-05,,0.14,240.14,115,0,7.96E-05,1.00
0.0064037,-0.0062097,0,0,1.14E-05,,0.16,240.16,115,0,7.96E-05,1.00
0.0064041,-0.0062093,0,0,1.14E-05,,0.17999,240.18,115,0,7.96E-05,1.00
0.0064045,-0.0062089,0,0,1.14E-05,,0.2,240.2,115,0,7.96E-05,1.00
0.0064048,-0.0062086,0,0,1.14E-05,,0.22,240.22,115,0,7.96E-05,1.00
0.0064052,-0.0062082,0,0,1.14E-05,,0.24001,240.24,115,0,7.96E-05,1.00
0.0064056,-0.0062078,0,0,1.14E-05,,0.25999,240.26,115,0,7.96E-05,1.00
0.0064059,-0.0062074,0,0,1.14E-05,,0.28,240.28,115,0,7.96E-05,1.00
0.0064063,-0.006207,0,0,1.14E-05,,0.3,240.3,115,0,7.96E-05,1.00
0.0064066,-0.0062067,0,0,1.14E-05,,0.32001,240.32,115,0,7.96E-05,1.00
0.006407,-0.0062063,0,0,1.14E-05,,0.34,240.34,115,0,7.96E-05,1.00
0.0064074,-0.0062059,0,0,1.14E-05,,0.36,240.36,115,0,7.96E-05,1.00
0.0064077,-0.0062055,0,0,1.14E-05,,0.38,240.38,115,0,7.96E-05,1.00
0.0064081,-0.0062051,0,0,1.14E-05,,0.39999,240.4,115,0,7.96E-05,1.00
0.0064085,-0.0062048,0,0,1.14E-05,,0.42,240.42,115,0,7.96E-05,1.00
0.0064088,-0.0062044,0,0,1.14E-05,,0.44,240.44,115,0,7.96E-05,1.00
0.0064092,-0.006204,0,0,1.14E-05,,0.46001,240.46,115,0,7.96E-05,1.00
0.0064096,-0.0062036,0,0,1.14E-05,,0.48,240.48,115,0,7.96E-05,1.00
0.0064099,-0.0062032,0,0,1.14E-05,,0.5,240.5,115,0,7.96E-05,1.00
0.0064103,-0.0062029,0,0,1.14E-05,,0.52,240.52,115,0,7.96E-05,1.00
0.0064107,-0.0062025,0,0,1.14E-05,,0.53999,240.54,115,0,7.96E-05,1.00
0.006411,-0.0062021,0,0,1.14E-05,,0.56,240.56,115,0,7.96E-05,1.00
0.0064114,-0.0062017,0,0,1.14E-05,,0.58,240.58,115,0,7.96E-05,1.00
0.0064118,-0.0062013,0,0,1.14E-05,,0.60001,240.6,115,0,7.96E-05,1.00
0.0064121,-0.006201,0,0,1.14E-05,,0.62,240.62,115,0,7.96E-05,1.00
0.0064125,-0.0062006,0,0,1.14E-05,,0.64,240.64,115,0,7.96E-05,1.00
0.0064129,-0.0062002,0,0,1.14E-05,,0.66,240.66,115,0,7.96E-05,1.00
0.0064132,-0.0061998,0,0,1.14E-05,,0.67999,240.68,115,0,7.96E-05,1.00
0.0064136,-0.0061995,0,0,1.14E-05,,0.7,240.7,115,0,7.96E-05,1.00
0.0064139,-0.0061991,0,0,4.65E-05,,0.72,240.72,115,0,7.96E-05,1.00
0.0064143,-0.0061986,0,0,4.65E-05,,0.74001,240.74,115,0,7.96E-05,1.00
0.0064146,-0.0061982,0,0,4.65E-05,,0.75999,240.76,115,0,7.96E-05,1.00
0.006415,-0.0061978,0,0,4.65E-05,,0.78,240.78,115,0,7.96E-05,1.00
0.0064153,-0.0061974,0,0,4.65E-05,,0.8,240.8,115,0,7.96E-05,1.00
0.0064156,-0.006197,0,0,4.65E-05,,0.82001,240.82,115,0,7.96E-05,1.00
0.006416,-0.0061966,0,0,4.65E-05,,0.84,240.84,115,0,7.96E-05,1.00
0.0064163,-0.0061962,0,0,4.65E-05,,0.86,240.86,115,0,7.96E-05,1.00
0.0064167,-0.0061958,0,0,4.65E-05,,0.88,240.88,115,0,7.96E-05,1.00
0.006417,-0.0061954,0,0,4.65E-05,,0.89999,240.9,115,0,7.96E-05,1.00
0.0064173,-0.006195,0,0,4.65E-05,,0.92,240.92,115,0,7.96E-05,1.00
0.0064177,-0.0061946,0,0,4.65E-05,,0.94,240.94,115,0,7.96E-05,1.00
0.006418,-0.0061942,0,0,4.65E-05,,0.96001,240.96,115,0,7.96E-05,1.00
0.0064183,-0.0061938,0,0,4.65E-05,,0.98,240.98,115,0,7.96E-05,1.00
0.0064187,-0.0061934,0,0,4.65E-05,,1,241,115,0,7.96E-05,1.00
0.006419,-0.0061929,0,0,4.65E-05,,1.02,241.02,115,0,7.96E-05,1.00
0.0064194,-0.0061925,0,0,4.65E-05,,1.04,241.04,115,0,7.96E-05,1.00
0.0064197,-0.0061921,0,0,4.65E-05,,1.06,241.06,115,0,7.96E-05,1.00
0.00642,-0.0061917,0,0,4.65E-05,,1.08,241.08,115,0,7.96E-05,1.00
0.0064204,-0.0061913,0,0,4.65E-05,,1.1,241.1,115,0,7.96E-05,1.00
0.0064207,-0.0061909,0,0,4.65E-05,,1.12,241.12,115,0,7.96E-05,1.00
0.0064211,-0.0061905,0,0,4.65E-05,,1.14,241.14,115,0,7.96E-05,1.00
0.0064214,-0.0061901,0,0,4.65E-05,,1.16,241.16,115,0,7.96E-05,1.00
0.0064217,-0.0061897,0,0,4.65E-05,,1.18,241.18,115,0,7.96E-05,1.00
0.0064221,-0.0061893,0,0,4.65E-05,,1.2,241.2,115,0,7.96E-05,1.00
0.0064224,-0.0061889,0,0,4.65E-05,,1.22,241.22,115,0,7.95E-05,1.00
0.0064228,-0.0061885,0,0,4.65E-05,,1.24,241.24,115,0,7.95E-05,1.00
0.0064231,-0.0061881,0,0,4.65E-05,,1.26,241.26,115,0,7.95E-05,1.00
0.0064234,-0.0061876,0,0,4.65E-05,,1.28,241.28,115,0,7.95E-05,1.00
0.0064238,-0.0061872,0,0,4.65E-05,,1.3,241.3,115,0,7.95E-05,1.00
0.0064241,-0.0061868,0,0,4.65E-05,,1.32,241.32,115,0,7.95E-05,1.00
0.0064245,-0.0061864,0,0,4.65E-05,,1.34,241.34,115,0,7.95E-05,1.00
0.0064248,-0.006186,0,0,4.65E-05,,1.36,241.36,115,0,7.95E-05,1.00
0.0064251,-0.0061856,0,0,4.65E-05,,1.38,241.38,115,0,7.95E-05,1.00
0.0064255,-0.0061852,0,0,4.65E-05,,1.4,241.4,115,0,7.95E-05,1.00
0.0064258,-0.0061848,0,0,4.65E-05,,1.42,241.42,115,0,7.95E-05,1.00
0.0064262,-0.0061844,0,0,4.65E-05,,1.44,241.44,115,0,7.95E-05,1.00
0.0064265,-0.006184,0,0,4.65E-05,,1.46,241.46,115,0,7.95E-05,1.00
0.0064268,-0.0061836,0,0,4.65E-05,,1.48,241.48,115,0,7.95E-05,1.00
0.0064272,-0.0061832,0,0,4.65E-05,,1.5,241.5,115,0,7.95E-05,1.00
0.0064275,-0.0061828,0,0,4.65E-05,,1.52,241.52,115,0,7.95E-05,1.00
0.0064279,-0.0061823,0,0,4.65E-05,,1.54,241.54,115,0,7.95E-05,1.00
0.0064282,-0.0061819,0,0,4.65E-05,,1.56,241.56,115,0,7.95E-05,1.00
0.0064285,-0.0061815,0,0,5.92E-05,,1.58,241.58,115,0,7.95E-05,1.00
0.0064288,-0.0061811,0,0,5.92E-05,,1.6,241.6,115,0,7.95E-05,1.00
0.0064291,-0.0061806,0,0,5.92E-05,,1.62,241.62,115,0,7.95E-05,1.00
0.0064294,-0.0061802,0,0,5.92E-05,,1.64,241.64,115,0,7.95E-05,1.00
0.0064297,-0.0061797,0,0,5.92E-05,,1.66,241.66,115,0,7.95E-05,1.00
0.00643,-0.0061793,0,0,5.92E-05,,1.68,241.68,115,0,7.95E-05,1.00
0.0064303,-0.0061789,0,0,5.92E-05,,1.7,241.7,115,0,7.95E-05,1.00
0.0064306,-0.0061784,0,0,5.92E-05,,1.72,241.72,115,0,7.95E-05,1.00
0.0064309,-0.006178,0,0,0.00017536,,1.74,241.74,115,0,7.95E-05,1.00
0.0064312,-0.0061775,0,0,0.00017536,,1.76,241.76,115,0,7.95E-05,1.00
0.0064314,-0.006177,0,0,0.00017536,,1.78,241.78,115,0,7.95E-05,1.00
0.0064317,-0.0061765,0,0,0.00017536,,1.8,241.8,115,0,7.95E-05,1.00
0.0064319,-0.006176,0,0,0.00017536,,1.82,241.82,115,0,7.95E-05,1.00
0.0064322,-0.0061755,0,0,0.00017536,,1.84,241.84,115,0,7.95E-05,1.00
0.0064324,-0.006175,0,0,0.00017536,,1.86,241.86,115,0,7.95E-05,1.00
0.0064327,-0.0061746,0,0,0.00017536,,1.88,241.88,115,0,7.95E-05,1.00
0.0064329,-0.0061741,0,0,0.00017536,,1.9,241.9,115,0,7.95E-05,1.00
0.0064332,-0.0061736,0,0,0.00039096,,1.92,241.92,115,0,7.95E-05,1.00
0.0064335,-0.0061731,0,0,0.00039096,,1.94,241.94,115,0,7.95E-05,1.00
0.0064338,-0.0061726,0,0,0.00039096,,1.96,241.96,115,0,7.95E-05,1.00
0.0064342,-0.0061721,0,0,0.00039096,,1.98,241.98,115,0,7.95E-05,1.00
0.0064345,-0.0061716,0,0,0.00039096,,2,242,115,0,7.95E-05,1.00
0.0064348,-0.0061712,0,0,0.00039096,,2.02,242.02,115,0,7.95E-05,1.00
0.0064351,-0.0061707,0,0,0.00039096,,2.04,242.04,115,0,7.95E-05,1.00
0.0064354,-0.0061702,0,0,0.00039096,,2.06,242.06,115,0,7.95E-05,1.00
0.0064357,-0.0061697,0,0,0.00039096,,2.08,242.08,115,0,7.95E-05,1.00
0.006436,-0.0061692,0,0,0.00039096,,2.1,242.1,115,0,7.95E-05,1.00
0.0064364,-0.0061687,0,0,0.00039096,,2.12,242.12,115,0,7.95E-05,1.00
0.0064367,-0.0061683,0,0,0.00039096,,2.14,242.14,115,0,7.95E-05,1.00
0.006437,-0.0061678,0,0,0.00039096,,2.16,242.16,115,0,7.95E-05,1.00
0.0064373,-0.0061673,0,0,0.00039096,,2.18,242.18,115,0,7.95E-05,1.00
0.0064376,-0.0061668,0,0,0.00039096,,2.2,242.2,115,0,7.95E-05,1.00
0.0064379,-0.0061663,0,0,0.00039096,,2.22,242.22,115,0,7.95E-05,1.00
0.0064382,-0.0061658,0,0,0.00039096,,2.24,242.24,115,0,7.95E-05,1.00
0.0064386,-0.0061654,0,0,0.00039096,,2.26,242.26,115,0,7.95E-05,1.00
0.0064389,-0.0061649,0,0,0.00039096,,2.28,242.28,115,0,7.95E-05,1.00
0.0064392,-0.0061644,0,0,0.00039096,,2.3,242.3,115,0,7.95E-05,1.00
0.0064395,-0.0061639,0,0,0.00039096,,2.32,242.32,115,0,7.95E-05,1.00
0.0064398,-0.0061634,0,0,0.00039096,,2.34,242.34,115,0,7.95E-05,1.00
0.0064401,-0.0061629,0,0,0.00039096,,2.36,242.36,115,0,7.95E-05,1.00
0.0064405,-0.0061625,0,0,0.00039096,,2.38,242.38,115,0,7.95E-05,1.00
0.0064408,-0.006162,0,0,0.00039096,,2.4,242.4,115,0,7.95E-05,1.00
0.0064411,-0.0061615,0,0,0.00039096,,2.42,242.42,115,0,7.95E-05,1.00
0.0064414,-0.006161,0,0,0.00039096,,2.44,242.44,115,0,7.94E-05,1.00
0.0064417,-0.0061605,0,0,0.00039096,,2.46,242.46,115,0,7.94E-05,1.00
0.006442,-0.00616,0,0,0.00039096,,2.48,242.48,115,0,7.94E-05,1.00
0.0064423,-0.0061596,0,0,0.00039096,,2.5,242.5,115,0,7.94E-05,1.00
0.0064427,-0.0061591,0,0,0.00039096,,2.52,242.52,115,0,7.94E-05,1.00
0.006443,-0.0061586,0,0,0.00039096,,2.54,242.54,115,0,7.94E-05,1.00
0.0064433,-0.0061581,0,0,0.00039096,,2.56,242.56,115,0,7.94E-05,1.00
0.0064436,-0.0061576,0,0,0.00039096,,2.58,242.58,115,0,7.94E-05,1.00
0.0064439,-0.0061571,0,0,0.00039096,,2.6,242.6,115,0,7.94E-05,1.00
0.0064442,-0.0061567,0,0,0.00039096,,2.62,242.62,115,0,7.94E-05,1.00
0.0064445,-0.0061562,0,0,0.00039096,,2.64,242.64,115,0,7.94E-05,1.00
0.0064448,-0.0061557,0,0,0.0011429,,2.66,242.66,115,0,7.94E-05,1.00
0.0064451,-0.0061551,0,0,0.0011429,,2.68,242.68,115,0,7.94E-05,1.00
0.0064453,-0.0061546,0,0,0.0011429,,2.7,242.7,115,0,7.94E-05,1.00
0.0064455,-0.0061541,0,0,0.0011429,,2.72,242.72,115,0,7.94E-05,1.00
0.0064458,-0.0061535,0,0,0.0011429,,2.74,242.74,115,0,7.94E-05,1.00
0.006446,-0.006153,0,0,0.0011429,,2.76,242.76,115,0,7.94E-05,1.00
0.0064463,-0.0061525,0,0,0.0011429,,2.78,242.78,115,0,7.94E-05,1.00
0.0064465,-0.0061519,0,0,0.0011429,,2.8,242.8,115,0,7.94E-05,1.00
0.0064467,-0.0061514,0,0,0.0011429,,2.82,242.82,115,0,7.94E-05,1.00
0.006447,-0.0061509,0,0,0.0011429,,2.84,242.84,115,0,7.94E-05,1.00
0.0064472,-0.0061503,0,0,0.0011429,,2.86,242.86,115,0,7.94E-05,1.00
0.0064475,-0.0061498,0,0,0.0011429,,2.88,242.88,115,0,7.94E-05,1.00
0.0064477,-0.0061493,0,0,0.0011429,,2.9,242.9,115,0,7.94E-05,1.00
0.0064479,-0.0061487,0,0,0.0011429,,2.92,242.92,115,0,7.94E-05,1.00
0.0064482,-0.0061482,0,0,0.0011429,,2.94,242.94,115,0,7.94E-05,1.00
0.0064484,-0.0061477,0,0,0.0011429,,2.96,242.96,115,0,7.94E-05,1.00
0.0064487,-0.0061472,0,0,0.0011429,,2.98,242.98,115,0,7.94E-05,1.00
0.0064489,-0.0061466,0,0,0.0011429,,3,243,115,0,7.94E-05,1.00
0.0064491,-0.0061461,0,0,0.0011429,,3.02,243.02,115,0,7.94E-05,1.00
0.0064494,-0.0061456,0,0,0.0011429,,3.04,243.04,115,0,7.94E-05,1.00
0.0064496,-0.006145,0,0,0.0011429,,3.06,243.06,115,0,7.94E-05,1.00
0.0064499,-0.0061445,0,0,0.0011429,,3.08,243.08,115,0,7.94E-05,1.00
0.0064501,-0.006144,0,0,0.0011429,,3.1,243.1,115,0,7.94E-05,1.00
0.0064503,-0.0061434,0,0,0.0011429,,3.12,243.12,115,0,7.93E-05,1.00
0.0064506,-0.0061429,0,0,0.0011429,,3.14,243.14,115,0,7.93E-05,1.00
0.0064508,-0.0061424,0,0,0.0011429,,3.16,243.16,115,0,7.93E-05,1.00
0.0064511,-0.0061418,0,0,0.0011429,,3.18,243.18,115,0,7.93E-05,1.00
0.0064513,-0.0061413,0,0,0.0011429,,3.2,243.2,115,0,7.93E-05,1.00
0.0064515,-0.0061408,0,0,0.0011429,,3.22,243.22,115,0,7.93E-05,1.00
0.0064518,-0.0061402,0,0,0.0011429,,3.24,243.24,115,0,7.93E-05,1.00
0.006452,-0.0061397,0,0,0.0011429,,3.26,243.26,115,0,7.93E-05,1.00
0.0064523,-0.0061392,0,0,0.0011429,,3.28,243.28,115,0,7.93E-05,1.00
0.0064525,-0.0061386,0,0,0.0011429,,3.3,243.3,115,0,7.93E-05,1.00
0.0064527,-0.0061381,0,0,0.0011429,,3.32,243.32,115,0,7.93E-05,1.00
0.006453,-0.0061376,0,0,0.0011429,,3.34,243.34,115,0,7.93E-05,1.00
0.0064532,-0.0061371,0,0,0.0011429,,3.36,243.36,115,0,7.93E-05,1.00
0.0064535,-0.0061365,0,0,0.0011429,,3.38,243.38,115,0,7.93E-05,1.00
0.0064537,-0.006136,0,0,0.001278,,3.4,243.4,115,0,7.93E-05,1.00
0.0064539,-0.0061354,0,0,0.001278,,3.42,243.42,115,0,7.93E-05,1.00
0.0064542,-0.0061348,0,0,0.001278,,3.44,243.44,115,0,7.93E-05,1.00
0.0064544,-0.0061343,0,0,0.001278,,3.46,243.46,115,0,7.93E-05,1.00
0.0064546,-0.0061337,0,0,0.001278,,3.48,243.48,115,0,7.93E-05,1.00
0.0064548,-0.0061331,0,0,0.001278,,3.5,243.5,115,0,7.93E-05,1.00
0.0064551,-0.0061325,0,0,0.001278,,3.52,243.52,115,0,7.93E-05,1.00
0.0064553,-0.006132,0,0,0.001278,,3.54,243.54,115,0,7.93E-05,1.00
0.0064555,-0.0061314,0,0,0.0035184,,3.56,243.56,115,0,7.93E-05,1.00
0.0064556,-0.0061307,0,0,0.0035184,,3.58,243.58,115,0,7.93E-05,1.00
0.0064557,-0.0061301,0,0,0.0035184,,3.6,243.6,115,0,7.93E-05,1.00
0.0064558,-0.0061294,0,0,0.0035184,,3.62,243.62,115,0,7.92E-05,1.00
0.006456,-0.0061288,0,0,0.0035184,,3.64,243.64,115,0,7.92E-05,1.00
0.0064561,-0.0061281,0,0,0.0035184,,3.66,243.66,115,0,7.92E-05,1.00
0.0064562,-0.0061275,0,0,0.0035184,,3.68,243.68,115,0,7.92E-05,1.00
0.0064563,-0.0061268,0,0,0.0035184,,3.7,243.7,115,0,7.92E-05,1.00
0.0064565,-0.0061262,0,0,0.0085634,,3.72,243.72,115,0,7.92E-05,1.00
0.0064567,-0.0061256,0,0,0.0085634,,3.74,243.74,115,0,7.92E-05,1.00
0.0064569,-0.0061249,0,0,0.0085634,,3.76,243.76,115,0,7.92E-05,1.00
0.0064571,-0.0061243,0,0,0.0085634,,3.78,243.78,115,0,7.92E-05,1.00
0.0064573,-0.0061236,0,0,0.0085634,,3.8,243.8,115,0,7.92E-05,1.00
0.0064575,-0.006123,0,0,0.0085634,,3.82,243.82,115,0,7.92E-05,1.00
0.0064578,-0.0061224,0,0,0.0085634,,3.84,243.84,115,0,7.92E-05,1.00
0.006458,-0.0061217,0,0,0.0085634,,3.86,243.86,115,0,7.92E-05,1.00
0.0064582,-0.0061211,0,0,0.0085634,,3.88,243.88,115,0,7.92E-05,1.00
0.0064584,-0.0061204,0,0,0.0085634,,3.9,243.9,115,0,7.92E-05,1.00
0.0064586,-0.0061198,0,0,0.0085634,,3.92,243.92,115,0,7.92E-05,1.00
0.0064589,-0.0061192,0,0,0.0085634,,3.94,243.94,115,0,7.92E-05,1.00
0.0064591,-0.0061185,0,0,0.0085634,,3.96,243.96,115,0,7.92E-05,1.00
0.0064593,-0.0061179,0,0,0.0085634,,3.98,243.98,115,0,7.92E-05,1.00
0.0064595,-0.0061172,0,0,0.0085634,,4,244,115,0,7.91E-05,1.00
0.0064597,-0.0061166,0,0,0.0085634,,4.02,244.02,115,0,7.91E-05,1.00
0.00646,-0.006116,0,0,0.0085634,,4.04,244.04,115,0,7.91E-05,1.00
0.0064602,-0.0061153,0,0,0.0085634,,4.06,244.06,115,0,7.91E-05,1.00
0.0064604,-0.0061147,0,0,0.0085634,,4.08,244.08,115,0,7.91E-05,1.00
0.0064606,-0.006114,0,0,0.0085634,,4.1,244.1,115,0,7.91E-05,1.00
0.0064608,-0.0061134,0,0,0.0085634,,4.12,244.12,115,0,7.91E-05,1.00
0.006461,-0.0061128,0,0,0.0085634,,4.14,244.14,115,0,7.91E-05,1.00
0.0064613,-0.0061121,0,0,0.0085634,,4.16,244.16,115,0,7.91E-05,1.00
0.0064615,-0.0061115,0,0,0.0085634,,4.18,244.18,115,0,7.91E-05,1.00
0.0064617,-0.0061108,0,0,0.0085634,,4.2,244.2,115,0,7.91E-05,1.00
0.0064619,-0.0061102,0,0,0.0085634,,4.22,244.22,115,0,7.91E-05,1.00
0.0064621,-0.0061096,0,0,0.0085634,,4.24,244.24,115,0,7.91E-05,1.00
0.0064624,-0.0061089,0,0,0.0085634,,4.26,244.26,115,0,7.91E-05,1.00
0.0064626,-0.0061083,0,0,0.0085634,,4.28,244.28,115,0,7.91E-05,1.00
0.0064628,-0.0061076,0,0,0.0085634,,4.3,244.3,115,0,7.91E-05,1.00
0.006463,-0.006107,0,0,0.0085634,,4.32,244.32,115,0,7.91E-05,1.00
0.0064632,-0.0061064,0,0,0.0085634,,4.34,244.34,115,0,7.91E-05,1.00
0.0064634,-0.0061057,0,0,0.0085634,,4.36,244.36,115,0,7.91E-05,1.00
0.0064637,-0.0061051,0,0,0.0085634,,4.38,244.38,115,0,7.91E-05,1.00
0.0064639,-0.0061044,0,0,0.0085634,,4.4,244.4,115,0,7.90E-05,1.00
0.0064641,-0.0061038,0,0,0.0085634,,4.42,244.42,115,0,7.90E-05,1.00
0.0064643,-0.0061032,0,0,0.0085634,,4.44,244.44,115,0,7.90E-05,1.00
0.0064645,-0.0061025,0,0,0.0085634,,4.46,244.46,115,0,7.90E-05,1.00
0.0064646,-0.0061018,0,0,0.023915,,4.48,244.48,115,0,7.90E-05,1.00
0.0064647,-0.0061011,0,0,0.023915,,4.5,244.5,115,0,7.90E-05,1.00
0.0064648,-0.0061003,0,0,0.023915,,4.52,244.52,115,0,7.90E-05,1.00
0.0064648,-0.0060996,0,0,0.023915,,4.54,244.54,115,0,7.90E-05,1.00
0.0064649,-0.0060989,0,0,0.023915,,4.56,244.56,115,0,7.90E-05,1.00
0.006465,-0.0060981,0,0,0.023915,,4.58,244.58,115,0,7.90E-05,1.00
0.0064651,-0.0060974,0,0,0.023915,,4.6,244.6,115,0,7.90E-05,1.00
0.0064651,-0.0060967,0,0,0.023915,,4.62,244.62,115,0,7.90E-05,1.00
0.0064652,-0.0060959,0,0,0.023915,,4.64,244.64,115,0,7.90E-05,1.00
0.0064653,-0.0060952,0,0,0.023915,,4.66,244.66,115,0,7.90E-05,1.00
0.0064653,-0.0060945,0,0,0.023915,,4.68,244.68,115,0,7.89E-05,1.00
0.0064654,-0.0060937,0,0,0.023915,,4.7,244.7,115,0,7.89E-05,1.00
0.0064655,-0.006093,0,0,0.023915,,4.72,244.72,115,0,7.89E-05,1.00
0.0064655,-0.0060922,0,0,0.023915,,4.74,244.74,115,0,7.89E-05,1.00
0.0064656,-0.0060915,0,0,0.023915,,4.76,244.76,115,0,7.89E-05,1.00
0.0064657,-0.0060908,0,0,0.023915,,4.78,244.78,115,0,7.89E-05,1.00
0.0064657,-0.00609,0,0,0.023915,,4.8,244.8,115,0,7.89E-05,1.00
0.0064658,-0.0060893,0,0,0.023915,,4.82,244.82,115,0,7.89E-05,1.00
0.0064659,-0.0060886,0,0,0.023915,,4.84,244.84,115,0,7.89E-05,1.00
0.0064659,-0.0060878,0,0,0.023915,,4.86,244.86,115,0,7.89E-05,1.00
0.006466,-0.0060871,0,0,0.023915,,4.88,244.88,115,0,7.89E-05,1.00
0.0064661,-0.0060864,0,0,0.023915,,4.9,244.9,115,0,7.89E-05,1.00
0.0064661,-0.0060856,0,0,0.023915,,4.92,244.92,115,0,7.88E-05,1.00
0.0064662,-0.0060849,0,0,0.023915,,4.94,244.94,115,0,7.88E-05,1.00
0.0064663,-0.0060841,0,0,0.023915,,4.96,244.96,115,0,7.88E-05,1.00
0.0064663,-0.0060834,0,0,0.023915,,4.98,244.98,115,0,7.88E-05,1.00
0.0064664,-0.0060827,0,0,0.023915,,5,245,115,0,7.88E-05,1.00
0.0064665,-0.0060819,0,0,0.023915,,5.02,245.02,115,0,7.88E-05,1.00
0.0064665,-0.0060812,0,0,0.023915,,5.04,245.04,115,0,7.88E-05,1.00
0.0064666,-0.0060805,0,0,0.023915,,5.06,245.06,115,0,7.88E-05,1.00
0.0064667,-0.0060797,0,0,0.023915,,5.08,245.08,115,0,7.88E-05,1.00
0.0064668,-0.006079,0,0,0.023915,,5.1,245.1,115,0,7.88E-05,1.00
0.0064668,-0.0060783,0,0,0.023915,,5.12,245.12,115,0,7.88E-05,1.00
0.0064669,-0.0060775,0,0,0.023915,,5.14,245.14,115,0,7.88E-05,1.00
0.006467,-0.0060768,0,0,0.023915,,5.16,245.16,115,0,7.87E-05,1.00
0.006467,-0.006076,0,0,0.023915,,5.18,245.18,115,0,7.87E-05,1.00
0.0064671,-0.0060753,0,0,0.023915,,5.2,245.2,115,0,7.87E-05,1.00
0.0064672,-0.0060746,0,0,0.023915,,5.22,245.22,115,0,7.87E-05,1.00
0.0064672,-0.0060738,0,0,0.023988,,5.24,245.24,115,0,7.87E-05,1.00
0.0064674,-0.0060731,0,0,0.023988,,5.26,245.26,115,0,7.87E-05,1.00
0.0064675,-0.0060724,0,0,0.023988,,5.28,245.28,115,0,7.87E-05,1.00
0.0064676,-0.0060716,0,0,0.023988,,5.3,245.3,115,0,7.87E-05,1.00
0.0064678,-0.0060709,0,0,0.023988,,5.32,245.32,115,0,7.87E-05,1.00
0.0064679,-0.0060701,0,0,0.023988,,5.34,245.34,115,0,7.87E-05,1.00
0.006468,-0.0060694,0,0,0.057897,,5.36,245.36,115,0,7.87E-05,1.00
0.006468,-0.0060685,0,0,0.057897,,5.38,245.38,115,0,7.87E-05,1.00
0.0064681,-0.0060677,0,0,0.057897,,5.4,245.4,115,0,7.87E-05,1.00
0.0064681,-0.0060669,0,0,0.057897,,5.42,245.42,115,0,7.86E-05,1.00
0.0064681,-0.0060661,0,0,0.057897,,5.44,245.44,115,0,7.86E-05,1.00
0.0064681,-0.0060653,0,0,0.057897,,5.46,245.46,115,0,7.86E-05,1.00
0.0064682,-0.0060644,0,0,0.094951,,5.48,245.48,115,0,7.86E-05,1.00
0.0064684,-0.0060635,0,0,0.094951,,5.5,245.5,115,0,7.86E-05,1.00
0.0064685,-0.0060627,0,0,0.094951,,5.52,245.52,115,0,7.86E-05,1.00
0.0064687,-0.0060618,0,0,0.094951,,5.54,245.54,115,0,7.86E-05,1.00
0.0064688,-0.0060609,0,0,0.094951,,5.56,245.56,115,0,7.86E-05,1.00
0.006469,-0.0060601,0,0,0.094951,,5.58,245.58,115,0,7.86E-05,1.00
0.0064691,-0.0060592,0,0,0.094951,,5.6,245.6,115,0,7.86E-05,1.00
0.0064693,-0.0060583,0,0,0.094951,,5.62,245.62,115,0,7.86E-05,1.00
0.0064694,-0.0060575,0,0,0.094951,,5.64,245.64,115,0,7.85E-05,1.00
0.0064695,-0.0060566,0,0,0.094951,,5.66,245.66,115,0,7.85E-05,1.00
0.0064697,-0.0060557,0,0,0.094951,,5.68,245.68,115,0,7.85E-05,1.00
0.0064698,-0.0060549,0,0,0.094951,,5.7,245.7,115,0,7.85E-05,1.00
0.00647,-0.006054,0,0,0.094951,,5.72,245.72,115,0,7.85E-05,1.00
0.0064701,-0.0060531,0,0,0.094951,,5.74,245.74,115,0,7.85E-05,1.00
0.0064703,-0.0060523,0,0,0.094951,,5.76,245.76,115,0,7.85E-05,1.00
0.0064704,-0.0060514,0,0,0.094951,,5.78,245.78,115,0,7.85E-05,1.00
0.0064706,-0.0060505,0,0,0.094951,,5.8,245.8,115,0,7.85E-05,1.00
0.0064707,-0.0060497,0,0,0.094951,,5.82,245.82,115,0,7.85E-05,1.00
0.0064708,-0.0060488,0,0,0.094951,,5.84,245.84,115,0,7.85E-05,1.00
0.006471,-0.0060479,0,0,0.094951,,5.86,245.86,115,0,7.85E-05,1.00
0.0064711,-0.0060471,0,0,0.094951,,5.88,245.88,115,0,7.84E-05,1.00
0.0064713,-0.0060462,0,0,0.094951,,5.9,245.9,115,0,7.84E-05,1.00
0.0064714,-0.0060453,0,0,0.094951,,5.92,245.92,115,0,7.84E-05,1.00
0.0064716,-0.0060445,0,0,0.094951,,5.94,245.94,115,0,7.84E-05,1.00
0.0064717,-0.0060436,0,0,0.094951,,5.96,245.96,115,0,7.84E-05,1.00
0.0064718,-0.0060427,0,0,0.094951,,5.98,245.98,115,0,7.84E-05,1.00
0.006472,-0.0060419,0,0,0.14402,,6,246,115,0,7.84E-05,1.00
0.006472,-0.006041,0,0,0.14402,,6.02,246.02,115,0,7.84E-05,1.00
0.006472,-0.0060402,0,0,0.14402,,6.04,246.04,115,0,7.84E-05,1.00
0.006472,-0.0060393,0,0,0.14402,,6.06,246.06,115,0,7.84E-05,1.00
0.006472,-0.0060385,0,0,0.14402,,6.08,246.08,115,0,7.84E-05,1.00
0.0064721,-0.0060376,0,0,0.14402,,6.1,246.1,115,0,7.83E-05,1.00
0.0064721,-0.0060368,0,0,0.14402,,6.12,246.12,115,0,7.83E-05,1.00
0.0064721,-0.0060359,0,0,0.14402,,6.14,246.14,115,0,7.83E-05,1.00
0.0064721,-0.006035,0,0,0.14402,,6.16,246.16,115,0,7.83E-05,1.00
0.0064721,-0.0060342,0,0,0.14402,,6.18,246.18,115,0,7.83E-05,1.00
0.0064721,-0.0060333,0,0,0.14402,,6.2,246.2,115,0,7.83E-05,1.00
0.0064722,-0.0060325,0,0,0.14402,,6.22,246.22,115,0,7.83E-05,1.00
0.0064722,-0.0060316,0,0,0.14402,,6.24,246.24,115,0,7.83E-05,1.00
0.0064722,-0.0060308,0,0,0.14402,,6.26,246.26,115,0,7.83E-05,1.00
0.0064722,-0.0060299,0,0,0.16196,,6.28,246.28,115,0,7.82E-05,1.00
0.0064722,-0.0060291,0,0,0.16196,,6.3,246.3,115,0,7.82E-05,1.00
0.0064722,-0.0060283,0,0,0.20525,,6.32,246.32,115,0,7.82E-05,1.00
0.0064722,-0.0060275,0,0,0.20525,,6.34,246.34,115,0,7.82E-05,1.00
0.0064722,-0.0060267,0,0,0.20525,,6.36,246.36,115,0,7.82E-05,1.00
0.0064723,-0.0060258,0,0,0.24904,,6.38,246.38,115,0,7.82E-05,1.00
0.0064723,-0.0060249,0,0,0.24904,,6.4,246.4,115,0,7.82E-05,1.00
0.0064724,-0.0060241,0,0,0.24904,,6.42,246.42,115,0,7.82E-05,1.00
0.0064724,-0.0060232,0,0,0.24904,,6.44,246.44,115,0,7.82E-05,1.00
0.0064725,-0.0060224,0,0,0.24904,,6.46,246.46,115,0,7.82E-05,1.00
0.0064725,-0.0060215,0,0,0.24904,,6.48,246.48,115,0,7.82E-05,1.00
0.0064725,-0.0060207,0,0,0.31059,,6.5,246.5,115,0,7.81E-05,1.00
0.0064726,-0.00602,0,0,0.31059,,6.52,246.52,115,0,7.81E-05,1.00
0.0064726,-0.0060192,0,0,0.31059,,6.54,246.54,115,0,7.81E-05,1.00
0.0064726,-0.0060185,0,0,0.31059,,6.56,246.56,115,0,7.81E-05,1.00
0.0064726,-0.0060177,0,0,0.31059,,6.58,246.58,115,0,7.81E-05,1.00
0.0064726,-0.006017,0,0,0.31059,,6.6,246.6,115,0,7.81E-05,1.00
0.0064726,-0.0060162,0,0,0.31059,,6.62,246.62,115,0,7.81E-05,1.00
0.0064727,-0.0060155,0,0,0.29912,,6.64,246.64,115,0,7.81E-05,1.00
0.0064727,-0.0060147,0,0,0.29912,,6.66,246.66,115,0,7.81E-05,1.00
0.0064727,-0.006014,0,0,0.29912,,6.68,246.68,115,0,7.81E-05,1.00
0.0064728,-0.0060132,0,0,0.29912,,6.7,246.7,115,0,7.81E-05,1.00
0.0064728,-0.0060126,0,0,0.36618,,6.72,246.72,115,0,7.80E-05,1.00
0.0064728,-0.006012,0,0,0.36618,,6.74,246.74,115,0,7.80E-05,1.00
0.0064728,-0.0060114,0,0,0.36618,,6.76,246.76,115,0,7.80E-05,1.00
0.0064728,-0.0060108,0,0,0.47959,,6.78,246.78,115,0,7.80E-05,1.00
0.0064729,-0.0060101,0,0,0.47959,,6.8,246.8,115,0,7.80E-05,1.00
0.0064729,-0.0060095,0,0,0.47959,,6.82,246.82,115,0,7.80E-05,1.00
0.006473,-0.0060089,0,0,0.47959,,6.84,246.84,115,0,7.80E-05,1.00
0.0064731,-0.0060082,0,0,0.47959,,6.86,246.86,115,0,7.80E-05,1.00
0.0064731,-0.0060076,0,0,0.47959,,6.88,246.88,115,0,7.80E-05,1.00
0.0064732,-0.006007,0,0,0.47959,,6.9,246.9,115,0,7.80E-05,1.00
0.0064732,-0.0060063,0,0,0.58056,,6.92,246.92,115,0,7.80E-05,1.00
0.0064732,-0.0060059,0,0,0.58056,,6.94,246.94,115,0,7.80E-05,1.00
0.0064732,-0.0060054,0,0,0.58056,,6.96,246.96,115,0,7.80E-05,1.00
0.0064732,-0.006005,0,0,0.58056,,6.98,246.98,115,0,7.80E-05,1.00
0.0064732,-0.0060045,0,0,0.58056,,7,247,115,0,7.80E-05,1.00
0.0064731,-0.0060041,0,0,0.58056,,7.02,247.02,115,0,7.80E-05,1.00
0.0064731,-0.0060036,0,0,0.58056,,7.04,247.04,115,0,7.79E-05,1.00
0.0064731,-0.0060032,0,0,0.58056,,7.06,247.06,115,0,7.79E-05,1.00
0.0064731,-0.0060027,0,0,0.58056,,7.08,247.08,115,0,7.79E-05,1.00
0.0064731,-0.0060022,0,0,0.58056,,7.1,247.1,115,0,7.79E-05,1.00
0.0064731,-0.0060018,0,0,0.53937,,7.12,247.12,115,0,7.79E-05,1.00
0.0064731,-0.0060013,0,0,0.64231,,7.14,247.14,115,0,7.79E-05,1.00
0.006473,-0.0060009,0,0,0.64231,,7.16,247.16,115,0,7.79E-05,1.00
0.006473,-0.0060006,0,0,0.78674,,7.18,247.18,115,0,7.79E-05,1.00
0.006473,-0.0060003,0,0,0.78674,,7.2,247.2,115,0,7.79E-05,1.00
0.006473,-0.0060001,0,0,0.78674,,7.22,247.22,115,0,7.79E-05,1.00
0.006473,-0.0059998,0,0,0.78674,,7.24,247.24,115,0,7.79E-05,1.00
0.006473,-0.0059995,0,0,0.78674,,7.26,247.26,115,0,7.79E-05,1.00
0.006473,-0.0059993,0,0,0.78674,,7.28,247.28,115,0,7.79E-05,1.00
0.006473,-0.005999,0,0,0.78674,,7.3,247.3,115,0,7.79E-05,1.00
0.006473,-0.0059987,0,0,0.78674,,7.32,247.32,115,0,7.79E-05,1.00
0.006473,-0.0059984,0,0,0.78674,,7.34,247.34,115,0,7.79E-05,1.00
0.006473,-0.0059983,0,22.349,0.88436,,7.36,247.36,115,0,7.79E-05,3.11
0.0064728,-0.0059982,0,22.349,0.88436,,7.38,247.38,115,0,7.79E-05,3.11
0.0064727,-0.0059982,0,22.349,0.88436,,7.4,247.4,115,0,7.79E-05,3.11
0.0064725,-0.0059982,0,22.349,0.88436,,7.42,247.42,115,0,7.79E-05,3.11
0.0064724,-0.0059982,0,22.349,0.88436,,7.44,247.44,115,0,7.79E-05,3.11
0.0064723,-0.0059981,0,22.349,0.88436,,7.46,247.46,115,0,7.79E-05,3.11
0.0064721,-0.0059981,0,22.349,0.88436,,7.48,247.48,115,0,7.79E-05,3.11
0.006472,-0.0059981,0,22.349,0.88436,,7.5,247.5,115,0,7.79E-05,3.11
0.0064718,-0.0059981,0,22.349,0.88436,,7.52,247.52,115,0,7.79E-05,3.11
0.0064717,-0.005998,0,22.349,0.88436,,7.54,247.54,115,0,7.79E-05,3.11
0.0064716,-0.0059983,0,115.11,0.96771,,7.56,247.56,115,0,7.79E-05,4.75
0.0064717,-0.0059998,0,311.27,0.98723,,7.58,247.58,115,0,7.79E-05,5.74
0.0064717,-0.0060011,0,311.27,0.98723,,7.6,247.6,115,0,7.79E-05,5.74
0.0064718,-0.0060023,0,311.27,0.98723,,7.62,247.62,115,0,7.79E-05,5.74
0.0064718,-0.0060036,0,311.27,0.98723,,7.64,247.64,115,0,7.79E-05,5.74
0.0064719,-0.0060048,0,311.27,0.98723,,7.66,247.66,115,0,7.79E-05,5.74
0.006472,-0.0060061,0,311.27,0.98723,,7.68,247.68,115,0,7.80E-05,5.74
0.006472,-0.0060073,0,311.27,0.98723,,7.7,247.7,115,0,7.80E-05,5.74
0.0064721,-0.0060086,0,311.27,0.98723,,7.72,247.72,115,0,7.80E-05,5.74
0.0064722,-0.0060098,0,311.27,0.98723,,7.74,247.74,115,0,7.80E-05,5.74
0.0064722,-0.0060111,0,311.27,0.98723,,7.76,247.76,115,0,7.80E-05,5.74
0.0064723,-0.0060123,0,279.69,0.99522,,7.78,247.78,115,0,7.80E-05,5.63
0.0064722,-0.0060133,0,279.69,0.99522,,7.8,247.8,115,0,7.80E-05,5.63
0.0064721,-0.0060143,0,279.69,0.99522,,7.82,247.82,115,0,7.81E-05,5.63
0.006472,-0.0060153,0,279.69,0.99522,,7.84,247.84,115,0,7.81E-05,5.63
0.0064719,-0.0060163,0,279.69,0.99522,,7.86,247.86,115,0,7.81E-05,5.63
0.0064718,-0.0060173,0,279.69,0.99522,,7.88,247.88,115,0,7.81E-05,5.63
0.0064717,-0.0060182,0,279.69,0.99522,,7.9,247.9,115,0,7.81E-05,5.63
0.0064716,-0.0060192,0,279.69,0.99522,,7.92,247.92,115,0,7.81E-05,5.63
0.0064715,-0.0060202,0,279.69,0.99522,,7.94,247.94,115,0,7.81E-05,5.63
0.0064717,-0.0060235,0,2810.5,0.99979,,7.96,247.96,115,0,7.82E-05,7.94
0.006472,-0.0060274,0,2810.5,0.99979,,7.98,247.98,115,0,7.82E-05,7.94
0.0064724,-0.0060314,0,2877.9,0.99979,,8,248,115,0,7.83E-05,7.96
0.0064728,-0.0060357,0,2877.9,0.99979,,8.02,248.02,115,0,7.83E-05,7.96
0.0064732,-0.0060397,0,4178.2,0.99992,,8.04,248.04,115,0,7.84E-05,8.34
0.0064734,-0.0060428,0,4178.2,0.99992,,8.06,248.06,115,0,7.84E-05,8.34
0.0064737,-0.0060459,0,4178.2,0.99992,,8.08,248.08,115,0,7.85E-05,8.34
0.0064739,-0.006049,0,4178.2,0.99992,,8.1,248.1,115,0,7.85E-05,8.34
0.0064741,-0.0060521,0,4178.2,0.99992,,8.12,248.12,115,0,7.85E-05,8.34
0.0064743,-0.0060553,0,4178.2,0.99992,,8.14,248.14,115,0,7.86E-05,8.34
0.0064746,-0.0060584,0,4178.2,0.99992,,8.16,248.16,115,0,7.86E-05,8.34
0.0064748,-0.0060615,0,4178.2,0.99992,,8.18,248.18,115,0,7.87E-05,8.34
0.0064744,-0.0060612,0,3833.2,0.99992,,8.2,248.2,115,0,7.87E-05,8.25
0.0064739,-0.0060606,0,3833.2,0.99992,,8.22,248.22,115,0,7.86E-05,8.25
0.0064734,-0.0060599,0,3833.2,0.99992,,8.24,248.24,115,0,7.86E-05,8.25
0.0064729,-0.0060593,0,3833.2,0.99992,,8.26,248.26,115,0,7.86E-05,8.25
0.0064724,-0.0060586,0,3833.2,0.99992,,8.28,248.28,115,0,7.86E-05,8.25
0.0064719,-0.006058,0,3833.2,0.99992,,8.3,248.3,115,0,7.86E-05,8.25
0.0064714,-0.0060574,0,3833.2,0.99992,,8.32,248.32,115,0,7.86E-05,8.25
0.0064709,-0.0060567,0,3833.2,0.99992,,8.34,248.34,115,0,7.86E-05,8.25
0.0064705,-0.0060598,0,16421,0.9999,,8.36,248.36,115,0,7.86E-05,9.71
0.0064697,-0.0060673,0,15032,0.99996,,8.38,248.38,115,0,7.87E-05,9.62
0.0064687,-0.0060769,0,26602,0.99998,,8.4,248.4,115,0,7.88E-05,10.19
0.0064677,-0.0060841,0,26602,0.99998,,8.42,248.42,115,0,7.88E-05,10.19
0.0064667,-0.0060913,0,26602,0.99998,,8.44,248.44,115,0,7.89E-05,10.19
0.0064658,-0.0060985,0,26602,0.99998,,8.46,248.46,115,0,7.90E-05,10.19
0.0064648,-0.0061057,0,26602,0.99998,,8.48,248.48,115,0,7.91E-05,10.19
0.0064638,-0.0061129,0,26602,0.99998,,8.5,248.5,115,0,7.91E-05,10.19
0.0064629,-0.0061201,0,26602,0.99998,,8.52,248.52,115,0,7.92E-05,10.19
0.0064619,-0.0061273,0,26602,0.99998,,8.54,248.54,115,0,7.93E-05,10.19
0.0064609,-0.0061345,0,26602,0.99998,,8.56,248.56,115,0,7.94E-05,10.19
0.0064542,-0.006133,0,18147,0.99998,,8.58,248.58,115,0,7.93E-05,9.81
0.0064473,-0.0061312,0,18147,0.99998,,8.6,248.6,115,0,7.92E-05,9.81
0.0064404,-0.0061294,0,18147,0.99998,,8.62,248.62,115,0,7.90E-05,9.81
0.0064334,-0.0061276,0,18147,0.99998,,8.64,248.64,115,0,7.89E-05,9.81
0.0064265,-0.0061259,0,18147,0.99998,,8.66,248.66,115,0,7.88E-05,9.81
0.0064196,-0.0061241,0,18147,0.99998,,8.68,248.68,115,0,7.87E-05,9.81
0.0064127,-0.0061223,0,18147,0.99998,,8.7,248.7,115,0,7.86E-05,9.81
0.0064057,-0.0061205,0,18147,0.99998,,8.72,248.72,115,0,7.85E-05,9.81
0.0063988,-0.0061187,0,18147,0.99998,,8.74,248.74,115,0,7.84E-05,9.81
0.0064107,-0.0061795,0,2.16E+05,0.99999,,8.76,248.76,115,0,7.93E-05,12.29
0.0064413,-0.0063028,0,2.16E+05,0.99999,,8.78,248.78,115,0,8.12E-05,12.29
0.006472,-0.0064261,0,2.16E+05,0.99999,,8.8,248.8,115,0,8.32E-05,12.29
0.0065026,-0.0065494,0,2.16E+05,0.99999,,8.82,248.82,115,0,8.52E-05,12.29
0.0065333,-0.0066726,0,2.16E+05,0.99999,,8.84,248.84,115,0,8.72E-05,12.29
0.0065639,-0.0067959,0,2.16E+05,0.99999,,8.86,248.86,115,0,8.93E-05,12.29
0.0065946,-0.0069192,0,2.16E+05,0.99999,,8.88,248.88,115,0,9.14E-05,12.29
0.0066252,-0.0070424,0,2.16E+05,0.99999,,8.9,248.9,115,0,9.35E-05,12.29
0.0066558,-0.0071657,0,2.16E+05,0.99999,,8.92,248.92,115,0,9.56E-05,12.29
0.0066865,-0.007289,0,2.16E+05,0.99999,,8.94,248.94,115,0,9.78E-05,12.29
0.0067159,-0.0074053,0,7751.5,0.99985,,8.96,248.96,115,0,9.99E-05,8.96
0.0067323,-0.007444,0,7751.5,0.99985,,8.98,248.98,115,0,0.000100737,8.96
0.0067487,-0.0074828,0,7751.5,0.99985,,9,249,115,0,0.000101537,8.96
0.0067651,-0.0075216,0,7751.5,0.99985,,9.02,249.02,115,0,0.000102341,8.96
0.0067815,-0.0075603,0,7751.5,0.99985,,9.04,249.04,115,0,0.000103147,8.96
0.0067978,-0.0075991,0,7751.5,0.99985,,9.06,249.06,115,0,0.000103956,8.96
0.0068142,-0.0076379,0,7751.5,0.99985,,9.08,249.08,115,0,0.000104771,8.96
0.0068306,-0.0076767,0,7751.5,0.99985,,9.1,249.1,115,0,0.000105589,8.96
0.006847,-0.0077154,0,7751.5,0.99985,,9.12,249.12,115,0,0.000106409,8.96
0.0068634,-0.0077542,0,7751.5,0.99985,,9.14,249.14,115,0,0.000107234,8.96
0.0068797,-0.007793,0,7751.5,0.99985,,9.16,249.16,115,0,0.000108061,8.96
0.0068902,-0.0078186,0,310.25,0.99895,,9.18,249.18,115,0,0.000108605,5.74
0.0068977,-0.0078376,0,310.25,0.99895,,9.2,249.2,115,0,0.000109006,5.74
0.0069052,-0.0078566,0,310.25,0.99895,,9.22,249.22,115,0,0.000109408,5.74
0.0069127,-0.0078757,0,310.25,0.99895,,9.24,249.24,115,0,0.000109812,5.74
0.0069202,-0.0078947,0,310.25,0.99895,,9.26,249.26,115,0,0.000110215,5.74
0.0069278,-0.0079137,0,310.25,0.99895,,9.28,249.28,115,0,0.000110621,5.74
0.0069353,-0.0079328,0,310.25,0.99895,,9.3,249.3,115,0,0.000111028,5.74
0.0069428,-0.0079518,0,310.25,0.99895,,9.32,249.32,115,0,0.000111434,5.74
0.0069503,-0.0079708,0,310.25,0.99895,,9.34,249.34,115,0,0.00011184,5.74
0.0069578,-0.0079899,0,310.25,0.99895,,9.36,249.36,115,0,0.000112249,5.74
0.0069645,-0.0080068,0,91.738,0.99621,,9.38,249.38,115,0,0.000112613,4.52
0.0069686,-0.0080177,0,91.738,0.99621,,9.4,249.4,115,0,0.000112845,4.52
0.0069727,-0.0080286,0,91.738,0.99621,,9.42,249.42,115,0,0.000113077,4.52
0.0069768,-0.0080395,0,91.738,0.99621,,9.44,249.44,115,0,0.000113309,4.52
0.0069809,-0.0080504,0,91.738,0.99621,,9.46,249.46,115,0,0.000113542,4.52
0.006985,-0.0080613,0,91.738,0.99621,,9.48,249.48,115,0,0.000113775,4.52
0.0069891,-0.0080722,0,91.738,0.99621,,9.5,249.5,115,0,0.000114008,4.52
0.0069932,-0.008083,0,91.738,0.99621,,9.52,249.52,115,0,0.00011424,4.52
0.0069973,-0.0080939,0,91.738,0.99621,,9.54,249.54,115,0,0.000114473,4.52
0.0070014,-0.0081048,0,91.738,0.99621,,9.56,249.56,115,0,0.000114707,4.52
0.0070055,-0.0081157,0,91.738,0.99621,,9.58,249.58,115,0,0.000114942,4.52
0.0070087,-0.0081219,0,80.932,0.99256,,9.6,249.6,115,0,0.000115087,4.39
0.0070117,-0.0081272,0,80.932,0.99256,,9.62,249.62,115,0,0.000115215,4.39
0.0070147,-0.0081325,0,80.932,0.99256,,9.64,249.64,115,0,0.000115344,4.39
0.0070177,-0.0081378,0,80.932,0.99256,,9.66,249.66,115,0,0.000115472,4.39
0.0070208,-0.0081431,0,80.932,0.99256,,9.68,249.68,115,0,0.000115602,4.39
0.0070238,-0.0081484,0,80.932,0.99256,,9.7,249.7,115,0,0.00011573,4.39
0.0070268,-0.0081537,0,80.932,0.99256,,9.72,249.72,115,0,0.000115859,4.39
0.0070298,-0.0081591,0,80.932,0.99256,,9.74,249.74,115,0,0.000115989,4.39
0.0070328,-0.0081644,0,80.932,0.99256,,9.76,249.76,115,0,0.000116118,4.39
0.0070359,-0.0081697,0,80.932,0.99256,,9.78,249.78,115,0,0.000116248,4.39
0.0070387,-0.0081734,0,76.835,0.98989,,9.8,249.8,115,0,0.000116348,4.34
0.0070411,-0.0081751,0,76.835,0.98989,,9.82,249.82,115,0,0.000116409,4.34
0.0070436,-0.0081767,0,76.835,0.98989,,9.84,249.84,115,0,0.000116471,4.34
0.0070461,-0.0081783,0,76.835,0.98989,,9.86,249.86,115,0,0.000116532,4.34
0.0070486,-0.0081799,0,76.835,0.98989,,9.88,249.88,115,0,0.000116594,4.34
0.0070511,-0.0081816,0,76.835,0.98989,,9.9,249.9,115,0,0.000116657,4.34
0.0070536,-0.0081832,0,76.835,0.98989,,9.92,249.92,115,0,0.000116718,4.34
0.0070561,-0.0081848,0,76.835,0.98989,,9.94,249.94,115,0,0.000116779,4.34
0.0070585,-0.0081865,0,76.835,0.98989,,9.96,249.96,115,0,0.000116841,4.34
0.007061,-0.0081881,0,76.835,0.98989,,9.98,249.98,115,0,0.000116903,4.34
0.0070635,-0.0081897,0,119.96,0.98956,,10,250,115,0,0.000116964,4.79
0.007066,-0.0081879,0,76.912,0.98957,,10.02,250.02,115,0,0.00011697,4.34
0.0070684,-0.0081861,0,76.912,0.98957,,10.04,250.04,115,0,0.000116975,4.34
0.0070709,-0.0081843,0,76.912,0.98957,,10.06,250.06,115,0,0.00011698,4.34
0.0070733,-0.0081825,0,76.912,0.98957,,10.08,250.08,115,0,0.000116985,4.34
0.0070758,-0.0081807,0,76.912,0.98957,,10.1,250.1,115,0,0.000116991,4.34
0.0070782,-0.0081789,0,76.912,0.98957,,10.12,250.12,115,0,0.000116995,4.34
0.0070807,-0.0081771,0,76.912,0.98957,,10.14,250.14,115,0,0.000117001,4.34
0.0070832,-0.0081753,0,76.912,0.98957,,10.16,250.16,115,0,0.000117007,4.34
0.0070856,-0.0081735,0,76.912,0.98957,,10.18,250.18,115,0,0.000117012,4.34
0.0070881,-0.0081717,0,76.912,0.98957,,10.2,250.2,115,0,0.000117018,4.34
0.0070908,-0.0081677,0,81.227,0.99155,,10.22,250.22,115,0,0.000116991,4.40
0.0070936,-0.0081623,0,81.227,0.99155,,10.24,250.24,115,0,0.000116942,4.40
0.0070965,-0.0081568,0,81.227,0.99155,,10.26,250.26,115,0,0.000116894,4.40
0.0070994,-0.0081514,0,81.227,0.99155,,10.28,250.28,115,0,0.000116847,4.40
0.0071023,-0.0081459,0,81.227,0.99155,,10.3,250.3,115,0,0.000116798,4.40
0.0071051,-0.0081405,0,81.227,0.99155,,10.32,250.32,115,0,0.00011675,4.40
0.007108,-0.008135,0,81.227,0.99155,,10.34,250.34,115,0,0.000116702,4.40
0.0071109,-0.0081296,0,81.227,0.99155,,10.36,250.36,115,0,0.000116655,4.40
0.0071138,-0.0081241,0,81.227,0.99155,,10.38,250.38,115,0,0.000116607,4.40
0.0071166,-0.0081187,0,81.227,0.99155,,10.4,250.4,115,0,0.000116559,4.40
0.0071197,-0.0081123,0,91.647,0.99516,,10.42,250.42,115,0,0.0001165,4.52
0.0071238,-0.0081015,0,91.647,0.99516,,10.44,250.44,115,0,0.000116383,4.52
0.0071279,-0.0080907,0,91.647,0.99516,,10.46,250.46,115,0,0.000116266,4.52
0.007132,-0.0080799,0,91.647,0.99516,,10.48,250.48,115,0,0.00011615,4.52
0.0071361,-0.0080691,0,91.647,0.99516,,10.5,250.5,115,0,0.000116034,4.52
0.0071401,-0.0080583,0,91.647,0.99516,,10.52,250.52,115,0,0.000115917,4.52
0.0071442,-0.0080475,0,91.647,0.99516,,10.54,250.54,115,0,0.000115802,4.52
0.0071483,-0.0080367,0,91.647,0.99516,,10.56,250.56,115,0,0.000115687,4.52
0.0071524,-0.0080259,0,91.647,0.99516,,10.58,250.58,115,0,0.000115572,4.52
0.0071565,-0.0080151,0,91.647,0.99516,,10.6,250.6,115,0,0.000115457,4.52
0.0071606,-0.0080043,0,91.647,0.99516,,10.62,250.62,115,0,0.000115343,4.52
0.0071668,-0.0079876,0,229.29,0.99848,,10.64,250.64,115,0,0.000115165,5.43
0.0071738,-0.0079689,0,229.29,0.99848,,10.66,250.66,115,0,0.000114967,5.43
0.0071808,-0.0079502,0,229.29,0.99848,,10.68,250.68,115,0,0.00011477,5.43
0.0071878,-0.0079315,0,229.29,0.99848,,10.7,250.7,115,0,0.000114573,5.43
0.0071948,-0.0079128,0,229.29,0.99848,,10.72,250.72,115,0,0.000114378,5.43
0.0072018,-0.0078941,0,229.29,0.99848,,10.74,250.74,115,0,0.000114183,5.43
0.0072088,-0.0078754,0,229.29,0.99848,,10.76,250.76,115,0,0.000113989,5.43
0.0072158,-0.0078567,0,229.29,0.99848,,10.78,250.78,115,0,0.000113796,5.43
0.0072228,-0.007838,0,229.29,0.99848,,10.8,250.8,115,0,0.000113603,5.43
0.0072298,-0.0078193,0,229.29,0.99848,,10.82,250.82,115,0,0.000113411,5.43
0.0072395,-0.0077941,0,5594.1,0.99979,,10.84,250.84,115,0,0.000113158,8.63
0.0072547,-0.0077562,0,5594.1,0.99979,,10.86,250.86,115,0,0.000112789,8.63
0.0072699,-0.0077182,0,5594.1,0.99979,,10.88,250.88,115,0,0.000112422,8.63
0.0072851,-0.0076802,0,5594.1,0.99979,,10.9,250.9,115,0,0.000112058,8.63
0.0073003,-0.0076422,0,5594.1,0.99979,,10.92,250.92,115,0,0.000111698,8.63
0.0073155,-0.0076042,0,5594.1,0.99979,,10.94,250.94,115,0,0.00011134,8.63
0.0073307,-0.0075662,0,5594.1,0.99979,,10.96,250.96,115,0,0.000110987,8.63
0.0073459,-0.0075283,0,5594.1,0.99979,,10.98,250.98,115,0,0.000110638,8.63
0.0073612,-0.0074903,0,5594.1,0.99979,,11,251,115,0,0.000110292,8.63
0.0073764,-0.0074523,0,5594.1,0.99979,,11.02,251.02,115,0,0.000109948,8.63
0.0073916,-0.0074143,0,5594.1,0.99979,,11.04,251.04,115,0,0.000109608,8.63
0.0074242,-0.007298,0,1.60E+05,0.99999,,11.06,251.06,115,0,0.00010838,11.99
0.0074585,-0.0071745,0,1.60E+05,0.99999,,11.08,251.08,115,0,0.000107103,11.99
0.0074927,-0.007051,0,1.60E+05,0.99999,,11.1,251.1,115,0,0.000105857,11.99
0.0075269,-0.0069277,0,1.60E+05,0.99999,,11.12,251.12,115,0,0.000104647,11.99
0.0075612,-0.0068042,0,1.60E+05,0.99999,,11.14,251.14,115,0,0.000103469,11.99
0.0075954,-0.0066807,0,1.60E+05,0.99999,,11.16,251.16,115,0,0.000102322,11.99
0.0076296,-0.0065573,0,1.60E+05,0.99999,,11.18,251.18,115,0,0.000101209,11.99
0.0076639,-0.0064338,0,1.60E+05,0.99999,,11.2,251.2,115,0,0.000100129,11.99
0.0076981,-0.0063103,0,1.60E+05,0.99999,,11.22,251.22,115,0,9.91E-05,11.99
0.0077324,-0.0061869,0,1.60E+05,0.99999,,11.24,251.24,115,0,9.81E-05,11.99
0.0077454,-0.0061252,0,26912,0.99999,,11.26,251.26,115,0,9.75E-05,10.20
0.0077374,-0.0061254,0,26912,0.99999,,11.28,251.28,115,0,9.74E-05,10.20
0.0077293,-0.0061255,0,26912,0.99999,,11.3,251.3,115,0,9.73E-05,10.20
0.0077212,-0.0061256,0,26912,0.99999,,11.32,251.32,115,0,9.71E-05,10.20
0.0077131,-0.0061257,0,26912,0.99999,,11.34,251.34,115,0,9.70E-05,10.20
0.0077051,-0.0061259,0,26912,0.99999,,11.36,251.36,115,0,9.69E-05,10.20
0.007697,-0.006126,0,26912,0.99999,,11.38,251.38,115,0,9.68E-05,10.20
0.0076889,-0.0061261,0,26912,0.99999,,11.4,251.4,115,0,9.66E-05,10.20
0.0076809,-0.0061262,0,26912,0.99999,,11.42,251.42,115,0,9.65E-05,10.20
0.0076786,-0.0061151,0,33562,0.99997,,11.44,251.44,115,0,9.64E-05,10.42
0.0076772,-0.0061022,0,33562,0.99997,,11.46,251.46,115,0,9.62E-05,10.42
0.0076758,-0.0060893,0,33562,0.99997,,11.48,251.48,115,0,9.60E-05,10.42
0.0076744,-0.0060763,0,33562,0.99997,,11.5,251.5,115,0,9.58E-05,10.42
0.0076731,-0.0060634,0,33562,0.99997,,11.52,251.52,115,0,9.56E-05,10.42
0.0076714,-0.0060649,0,4530.1,0.99947,,11.54,251.54,115,0,9.56E-05,8.42
0.0076696,-0.0060694,0,4530.1,0.99947,,11.56,251.56,115,0,9.57E-05,8.42
0.0076678,-0.006074,0,4530.1,0.99947,,11.58,251.58,115,0,9.57E-05,8.42
0.0076664,-0.0060766,0,4407.8,0.99947,,11.6,251.6,115,0,9.57E-05,8.39
0.0076665,-0.006073,0,4407.8,0.99947,,11.62,251.62,115,0,9.57E-05,8.39
0.0076666,-0.0060694,0,4407.8,0.99947,,11.64,251.64,115,0,9.56E-05,8.39
0.0076667,-0.0060658,0,4407.8,0.99947,,11.66,251.66,115,0,9.56E-05,8.39
0.0076668,-0.0060622,0,4407.8,0.99947,,11.68,251.68,115,0,9.55E-05,8.39
0.0076669,-0.0060586,0,4407.8,0.99947,,11.7,251.7,115,0,9.55E-05,8.39
0.007667,-0.0060551,0,8859.4,0.99993,,11.72,251.72,115,0,9.54E-05,9.09
0.0076669,-0.0060535,0,8859.4,0.99993,,11.74,251.74,115,0,9.54E-05,9.09
0.0076668,-0.0060518,0,8859.4,0.99993,,11.76,251.76,115,0,9.54E-05,9.09
0.0076668,-0.0060482,0,8320.2,0.99982,,11.78,251.78,115,0,9.54E-05,9.03
0.0076668,-0.0060442,0,2563.5,0.99973,,11.8,251.8,115,0,9.53E-05,7.85
0.0076664,-0.0060451,0,2563.5,0.99973,,11.82,251.82,115,0,9.53E-05,7.85
0.0076659,-0.006046,0,2563.5,0.99973,,11.84,251.84,115,0,9.53E-05,7.85
0.0076655,-0.0060468,0,2563.5,0.99973,,11.86,251.86,115,0,9.53E-05,7.85
0.0076651,-0.0060477,0,2563.5,0.99973,,11.88,251.88,115,0,9.53E-05,7.85
0.0076647,-0.0060485,0,2563.5,0.99973,,11.9,251.9,115,0,9.53E-05,7.85
0.0076643,-0.0060494,0,2563.5,0.99973,,11.92,251.92,115,0,9.53E-05,7.85
0.0076639,-0.0060503,0,2563.5,0.99973,,11.94,251.94,115,0,9.53E-05,7.85
0.0076643,-0.0060466,0,2496.6,0.99973,,11.96,251.96,115,0,9.53E-05,7.82
0.0076648,-0.0060427,0,2496.6,0.99973,,11.98,251.98,115,0,9.53E-05,7.82
0.0076652,-0.0060388,0,2496.6,0.99973,,12,252,115,0,9.52E-05,7.82
0.0076657,-0.006035,0,2496.6,0.99973,,12.02,252.02,115,0,9.52E-05,7.82
0.0076662,-0.0060311,0,2496.6,0.99973,,12.04,252.04,115,0,9.51E-05,7.82
0.0076666,-0.0060272,0,2496.6,0.99973,,12.06,252.06,115,0,9.51E-05,7.82
0.0076671,-0.0060234,0,2496.6,0.99973,,12.08,252.08,115,0,9.51E-05,7.82
0.0076669,-0.0060228,0,223.18,0.98935,,12.1,252.1,115,0,9.51E-05,5.41
0.0076665,-0.0060229,0,223.18,0.98935,,12.12,252.12,115,0,9.51E-05,5.41
0.0076661,-0.006023,0,223.18,0.98935,,12.14,252.14,115,0,9.50E-05,5.41
0.007666,-0.0060225,0,259.28,0.98429,,12.16,252.16,115,0,9.50E-05,5.56
0.0076661,-0.0060209,0,259.28,0.98429,,12.18,252.18,115,0,9.50E-05,5.56
0.0076662,-0.0060194,0,259.28,0.98429,,12.2,252.2,115,0,9.50E-05,5.56
0.0076663,-0.0060178,0,259.28,0.98429,,12.22,252.22,115,0,9.50E-05,5.56
0.0076664,-0.0060163,0,259.28,0.98429,,12.24,252.24,115,0,9.50E-05,5.56
0.0076665,-0.0060147,0,259.28,0.98429,,12.26,252.26,115,0,9.50E-05,5.56
0.0076666,-0.0060132,0,259.28,0.98429,,12.28,252.28,115,0,9.49E-05,5.56
0.0076667,-0.0060117,0,259.28,0.98429,,12.3,252.3,115,0,9.49E-05,5.56
0.0076668,-0.0060101,0,248.72,0.99464,,12.32,252.32,115,0,9.49E-05,5.52
0.0076668,-0.0060085,0,248.72,0.99464,,12.34,252.34,115,0,9.49E-05,5.52
0.0076669,-0.006007,0,248.72,0.99464,,12.36,252.36,115,0,9.49E-05,5.52
0.0076671,-0.0060051,0,261.53,0.98612,,12.38,252.38,115,0,9.48E-05,5.57
0.007667,-0.0060046,0,22.85,0.91738,,12.4,252.4,115,0,9.48E-05,3.13
0.0076669,-0.0060045,0,22.85,0.91738,,12.42,252.42,115,0,9.48E-05,3.13
0.0076667,-0.0060045,0,22.85,0.91738,,12.44,252.44,115,0,9.48E-05,3.13
0.0076666,-0.0060044,0,22.85,0.91738,,12.46,252.46,115,0,9.48E-05,3.13
0.0076664,-0.0060044,0,22.85,0.91738,,12.48,252.48,115,0,9.48E-05,3.13
0.0076663,-0.0060043,0,22.85,0.91738,,12.5,252.5,115,0,9.48E-05,3.13
0.0076661,-0.0060043,0,22.85,0.91738,,12.52,252.52,115,0,9.48E-05,3.13
0.007666,-0.0060042,0,22.85,0.91738,,12.54,252.54,115,0,9.48E-05,3.13
0.0076658,-0.0060041,0,22.85,0.91738,,12.56,252.56,115,0,9.48E-05,3.13
0.0076658,-0.0060042,0,20.603,0.84221,,12.58,252.58,115,0,9.48E-05,3.03
0.0076659,-0.0060044,0,20.603,0.84221,,12.6,252.6,115,0,9.48E-05,3.03
0.0076659,-0.0060045,0,20.603,0.84221,,12.62,252.62,115,0,9.48E-05,3.03
0.0076659,-0.0060047,0,20.603,0.84221,,12.64,252.64,115,0,9.48E-05,3.03
0.007666,-0.0060048,0,20.603,0.84221,,12.66,252.66,115,0,9.48E-05,3.03
0.007666,-0.006005,0,20.603,0.84221,,12.68,252.68,115,0,9.48E-05,3.03
0.007666,-0.0060052,0,0,0.69367,,12.7,252.7,115,0,9.48E-05,1.00
0.0076659,-0.0060056,0,0,0.69367,,12.72,252.72,115,0,9.48E-05,1.00
0.0076658,-0.006006,0,0,0.69367,,12.74,252.74,115,0,9.48E-05,1.00
0.0076658,-0.0060064,0,0,0.69367,,12.76,252.76,115,0,9.48E-05,1.00
0.0076658,-0.0060069,0,0,0.59374,,12.78,252.78,115,0,9.48E-05,1.00
0.0076658,-0.0060074,0,0,0.59374,,12.8,252.8,115,0,9.49E-05,1.00
0.0076659,-0.0060079,0,0,0.59374,,12.82,252.82,115,0,9.49E-05,1.00
0.0076659,-0.0060085,0,0,0.59374,,12.84,252.84,115,0,9.49E-05,1.00
0.007666,-0.006009,0,0,0.59374,,12.86,252.86,115,0,9.49E-05,1.00
0.007666,-0.0060095,0,0,0.59374,,12.88,252.88,115,0,9.49E-05,1.00
0.0076661,-0.00601,0,0,0.59374,,12.9,252.9,115,0,9.49E-05,1.00
0.0076661,-0.0060105,0,0,0.64821,,12.92,252.92,115,0,9.49E-05,1.00
0.0076661,-0.006011,0,0,0.64821,,12.94,252.94,115,0,9.49E-05,1.00
0.0076661,-0.0060114,0,0,0.64821,,12.96,252.96,115,0,9.49E-05,1.00
0.0076661,-0.0060119,0,0,0.64821,,12.98,252.98,115,0,9.49E-05,1.00
0.0076662,-0.0060125,0,0,0.54501,,13,253,115,0,9.49E-05,1.00
0.0076663,-0.0060131,0,0,0.54501,,13.02,253.02,115,0,9.49E-05,1.00
0.0076663,-0.0060137,0,0,0.42093,,13.04,253.04,115,0,9.49E-05,1.00
0.0076664,-0.0060144,0,0,0.42093,,13.06,253.06,115,0,9.49E-05,1.00
0.0076664,-0.006015,0,0,0.42093,,13.08,253.08,115,0,9.50E-05,1.00
0.0076664,-0.0060156,0,0,0.42093,,13.1,253.1,115,0,9.50E-05,1.00
0.0076664,-0.0060162,0,0,0.42093,,13.12,253.12,115,0,9.50E-05,1.00
0.0076664,-0.0060168,0,0,0.42093,,13.14,253.14,115,0,9.50E-05,1.00
0.0076665,-0.0060175,0,0,0.42093,,13.16,253.16,115,0,9.50E-05,1.00
0.0076665,-0.0060181,0,0,0.42093,,13.18,253.18,115,0,9.50E-05,1.00
0.0076665,-0.0060187,0,0,0.42093,,13.2,253.2,115,0,9.50E-05,1.00
0.0076666,-0.0060194,0,0,0.35295,,13.22,253.22,115,0,9.50E-05,1.00
0.0076667,-0.0060202,0,0,0.35295,,13.24,253.24,115,0,9.50E-05,1.00
0.0076668,-0.0060209,0,0,0.35295,,13.26,253.26,115,0,9.50E-05,1.00
0.0076669,-0.0060217,0,0,0.35295,,13.28,253.28,115,0,9.50E-05,1.00
0.007667,-0.0060224,0,0,0.35295,,13.3,253.3,115,0,9.51E-05,1.00
0.0076671,-0.0060232,0,0,0.35295,,13.32,253.32,115,0,9.51E-05,1.00
0.0076671,-0.0060239,0,0,0.35295,,13.34,253.34,115,0,9.51E-05,1.00
0.0076672,-0.0060247,0,0,0.35295,,13.36,253.36,115,0,9.51E-05,1.00
0.0076673,-0.0060254,0,0,0.27268,,13.38,253.38,115,0,9.51E-05,1.00
0.0076673,-0.0060261,0,0,0.27268,,13.4,253.4,115,0,9.51E-05,1.00
0.0076674,-0.0060269,0,0,0.22752,,13.42,253.42,115,0,9.51E-05,1.00
0.0076675,-0.0060277,0,0,0.22752,,13.44,253.44,115,0,9.51E-05,1.00
0.0076676,-0.0060285,0,0,0.22752,,13.46,253.46,115,0,9.51E-05,1.00
0.0076676,-0.0060293,0,0,0.22752,,13.48,253.48,115,0,9.51E-05,1.00
0.0076677,-0.0060301,0,0,0.24863,,13.5,253.5,115,0,9.52E-05,1.00
0.0076678,-0.0060309,0,0,0.24863,,13.52,253.52,115,0,9.52E-05,1.00
0.0076678,-0.0060318,0,0,0.24863,,13.54,253.54,115,0,9.52E-05,1.00
0.0076678,-0.0060326,0,0,0.24863,,13.56,253.56,115,0,9.52E-05,1.00
0.0076679,-0.0060334,0,0,0.24863,,13.58,253.58,115,0,9.52E-05,1.00
0.0076679,-0.0060342,0,0,0.24863,,13.6,253.6,115,0,9.52E-05,1.00
0.007668,-0.006035,0,0,0.24863,,13.62,253.62,115,0,9.52E-05,1.00
0.007668,-0.0060359,0,0,0.2081,,13.64,253.64,115,0,9.52E-05,1.00
0.0076681,-0.0060368,0,0,0.2081,,13.66,253.66,115,0,9.52E-05,1.00
0.0076682,-0.0060377,0,0,0.2081,,13.68,253.68,115,0,9.53E-05,1.00
0.0076682,-0.0060386,0,0,0.2081,,13.7,253.7,115,0,9.53E-05,1.00
0.0076683,-0.0060395,0,0,0.1538,,13.72,253.72,115,0,9.53E-05,1.00
0.0076683,-0.0060404,0,0,0.1538,,13.74,253.74,115,0,9.53E-05,1.00
0.0076684,-0.0060413,0,0,0.1538,,13.76,253.76,115,0,9.53E-05,1.00
0.0076685,-0.0060422,0,0,0.1538,,13.78,253.78,115,0,9.53E-05,1.00
0.0076685,-0.0060431,0,0,0.1538,,13.8,253.8,115,0,9.53E-05,1.00
0.0076686,-0.0060439,0,0,0.1538,,13.82,253.82,115,0,9.53E-05,1.00
0.0076686,-0.0060448,0,0,0.1538,,13.84,253.84,115,0,9.53E-05,1.00
0.0076687,-0.0060457,0,0,0.1538,,13.86,253.86,115,0,9.54E-05,1.00
0.0076687,-0.0060466,0,0,0.1538,,13.88,253.88,115,0,9.54E-05,1.00
0.0076688,-0.0060475,0,0,0.1538,,13.9,253.9,115,0,9.54E-05,1.00
0.0076688,-0.0060484,0,0,0.12391,,13.92,253.92,115,0,9.54E-05,1.00
0.0076689,-0.0060492,0,0,0.12391,,13.94,253.94,115,0,9.54E-05,1.00
0.0076689,-0.0060501,0,0,0.12391,,13.96,253.96,115,0,9.54E-05,1.00
0.007669,-0.006051,0,0,0.12391,,13.98,253.98,115,0,9.54E-05,1.00
0.007669,-0.0060518,0,0,0.12391,,14,254,115,0,9.54E-05,1.00
0.007669,-0.0060527,0,0,0.12391,,14.02,254.02,115,0,9.54E-05,1.00
0.0076691,-0.0060536,0,0,0.12391,,14.04,254.04,115,0,9.55E-05,1.00
0.0076691,-0.0060545,0,0,0.12391,,14.06,254.06,115,0,9.55E-05,1.00
0.0076692,-0.0060553,0,0,0.12391,,14.08,254.08,115,0,9.55E-05,1.00
0.0076692,-0.0060562,0,0,0.082006,,14.1,254.1,115,0,9.55E-05,1.00
0.0076693,-0.0060571,0,0,0.082006,,14.12,254.12,115,0,9.55E-05,1.00
0.0076693,-0.006058,0,0,0.082006,,14.14,254.14,115,0,9.55E-05,1.00
0.0076694,-0.0060589,0,0,0.082006,,14.16,254.16,115,0,9.55E-05,1.00
0.0076694,-0.0060598,0,0,0.082006,,14.18,254.18,115,0,9.55E-05,1.00
0.0076695,-0.0060607,0,0,0.082006,,14.2,254.2,115,0,9.56E-05,1.00
0.0076695,-0.0060616,0,0,0.082006,,14.22,254.22,115,0,9.56E-05,1.00
0.0076696,-0.0060625,0,0,0.082006,,14.24,254.24,115,0,9.56E-05,1.00
0.0076696,-0.0060634,0,0,0.082006,,14.26,254.26,115,0,9.56E-05,1.00
0.0076697,-0.0060643,0,0,0.082006,,14.28,254.28,115,0,9.56E-05,1.00
0.0076698,-0.0060652,0,0,0.082006,,14.3,254.3,115,0,9.56E-05,1.00
0.0076698,-0.0060661,0,0,0.082006,,14.32,254.32,115,0,9.56E-05,1.00
0.0076699,-0.006067,0,0,0.082006,,14.34,254.34,115,0,9.56E-05,1.00
0.0076699,-0.0060679,0,0,0.082006,,14.36,254.36,115,0,9.56E-05,1.00
0.00767,-0.0060688,0,0,0.082006,,14.38,254.38,115,0,9.57E-05,1.00
0.00767,-0.0060697,0,0,0.055916,,14.4,254.4,115,0,9.57E-05,1.00
0.00767,-0.0060705,0,0,0.055916,,14.42,254.42,115,0,9.57E-05,1.00
0.0076701,-0.0060714,0,0,0.055916,,14.44,254.44,115,0,9.57E-05,1.00
0.0076701,-0.0060722,0,0,0.055916,,14.46,254.46,115,0,9.57E-05,1.00
0.0076701,-0.0060731,0,0,0.055916,,14.48,254.48,115,0,9.57E-05,1.00
0.0076702,-0.0060739,0,0,0.055916,,14.5,254.5,115,0,9.57E-05,1.00
0.0076702,-0.0060748,0,0,0.055916,,14.52,254.52,115,0,9.57E-05,1.00
0.0076702,-0.0060756,0,0,0.055916,,14.54,254.54,115,0,9.57E-05,1.00
0.0076703,-0.0060765,0,0,0.033875,,14.56,254.56,115,0,9.58E-05,1.00
0.0076704,-0.0060773,0,0,0.033875,,14.58,254.58,115,0,9.58E-05,1.00
0.0076705,-0.0060781,0,0,0.033875,,14.6,254.6,115,0,9.58E-05,1.00
0.0076706,-0.0060789,0,0,0.033875,,14.62,254.62,115,0,9.58E-05,1.00
0.0076707,-0.0060797,0,0,0.033875,,14.64,254.64,115,0,9.58E-05,1.00
0.0076708,-0.0060805,0,0,0.033875,,14.66,254.66,115,0,9.58E-05,1.00
0.0076709,-0.0060813,0,0,0.033875,,14.68,254.68,115,0,9.58E-05,1.00
0.007671,-0.0060821,0,0,0.033875,,14.7,254.7,115,0,9.58E-05,1.00
0.0076711,-0.0060829,0,0,0.033875,,14.72,254.72,115,0,9.58E-05,1.00
0.0076712,-0.0060837,0,0,0.033875,,14.74,254.74,115,0,9.59E-05,1.00
0.0076713,-0.0060845,0,0,0.033875,,14.76,254.76,115,0,9.59E-05,1.00
0.0076714,-0.0060853,0,0,0.033875,,14.78,254.78,115,0,9.59E-05,1.00
0.0076715,-0.0060861,0,0,0.033875,,14.8,254.8,115,0,9.59E-05,1.00
0.0076715,-0.0060869,0,0,0.033875,,14.82,254.82,115,0,9.59E-05,1.00
0.0076716,-0.0060877,0,0,0.033875,,14.84,254.84,115,0,9.59E-05,1.00
0.0076717,-0.0060885,0,0,0.033875,,14.86,254.86,115,0,9.59E-05,1.00
0.0076718,-0.0060893,0,0,0.033875,,14.88,254.88,115,0,9.59E-05,1.00
0.0076719,-0.0060901,0,0,0.033875,,14.9,254.9,115,0,9.59E-05,1.00
0.007672,-0.0060909,0,0,0.033875,,14.92,254.92,115,0,9.60E-05,1.00
0.0076721,-0.0060917,0,0,0.033875,,14.94,254.94,115,0,9.60E-05,1.00
0.0076722,-0.0060925,0,0,0.033875,,14.96,254.96,115,0,9.60E-05,1.00
0.0076723,-0.0060933,0,0,0.033875,,14.98,254.98,115,0,9.60E-05,1.00
0.0076724,-0.0060941,0,0,0.033875,,15,255,115,0,9.60E-05,1.00
0.0076725,-0.0060949,0,0,0.033875,,15.02,255.02,115,0,9.60E-05,1.00
0.0076726,-0.0060957,0,0,0.033875,,15.04,255.04,115,0,9.60E-05,1.00
0.0076727,-0.0060965,0,0,0.033875,,15.06,255.06,115,0,9.60E-05,1.00
0.0076728,-0.0060973,0,0,0.033875,,15.08,255.08,115,0,9.60E-05,1.00
0.0076729,-0.0060981,0,0,0.033875,,15.1,255.1,115,0,9.61E-05,1.00
0.007673,-0.0060989,0,0,0.033875,,15.12,255.12,115,0,9.61E-05,1.00
0.0076731,-0.0060997,0,0,0.015741,,15.14,255.14,115,0,9.61E-05,1.00
0.0076731,-0.0061005,0,0,0.015741,,15.16,255.16,115,0,9.61E-05,1.00
0.0076732,-0.0061013,0,0,0.015741,,15.18,255.18,115,0,9.61E-05,1.00
0.0076732,-0.0061022,0,0,0.015741,,15.2,255.2,115,0,9.61E-05,1.00
0.0076733,-0.006103,0,0,0.015741,,15.22,255.22,115,0,9.61E-05,1.00
0.0076733,-0.0061038,0,0,0.015741,,15.24,255.24,115,0,9.61E-05,1.00
0.0076734,-0.0061046,0,0,0.015741,,15.26,255.26,115,0,9.61E-05,1.00
0.0076734,-0.0061054,0,0,0.015741,,15.28,255.28,115,0,9.62E-05,1.00
0.0076735,-0.0061062,0,0,0.015741,,15.3,255.3,115,0,9.62E-05,1.00
0.0076735,-0.006107,0,0,0.015741,,15.32,255.32,115,0,9.62E-05,1.00
0.0076736,-0.0061078,0,0,0.015741,,15.34,255.34,115,0,9.62E-05,1.00
0.0076737,-0.0061086,0,0,0.015741,,15.36,255.36,115,0,9.62E-05,1.00
0.0076737,-0.0061094,0,0,0.015741,,15.38,255.38,115,0,9.62E-05,1.00
0.0076738,-0.0061102,0,0,0.015741,,15.4,255.4,115,0,9.62E-05,1.00
0.0076738,-0.006111,0,0,0.015741,,15.42,255.42,115,0,9.62E-05,1.00
0.0076739,-0.0061118,0,0,0.015741,,15.44,255.44,115,0,9.62E-05,1.00
0.0076739,-0.0061126,0,0,0.015741,,15.46,255.46,115,0,9.63E-05,1.00
0.007674,-0.0061134,0,0,0.015741,,15.48,255.48,115,0,9.63E-05,1.00
0.0076741,-0.0061142,0,0,0.0059515,,15.5,255.5,115,0,9.63E-05,1.00
0.0076743,-0.0061149,0,0,0.0059515,,15.52,255.52,115,0,9.63E-05,1.00
0.0076745,-0.0061155,0,0,0.0059515,,15.54,255.54,115,0,9.63E-05,1.00
0.0076747,-0.0061162,0,0,0.0059515,,15.56,255.56,115,0,9.63E-05,1.00
0.0076749,-0.0061169,0,0,0.0059515,,15.58,255.58,115,0,9.63E-05,1.00
0.0076751,-0.0061176,0,0,0.0059515,,15.6,255.6,115,0,9.63E-05,1.00
0.0076753,-0.0061182,0,0,0.0059515,,15.62,255.62,115,0,9.63E-05,1.00
0.0076755,-0.0061189,0,0,0.0059515,,15.64,255.64,115,0,9.64E-05,1.00
0.0076757,-0.0061196,0,0,0.0059515,,15.66,255.66,115,0,9.64E-05,1.00
0.007676,-0.0061203,0,0,0.0059515,,15.68,255.68,115,0,9.64E-05,1.00
0.0076762,-0.006121,0,0,0.0059515,,15.7,255.7,115,0,9.64E-05,1.00
0.0076764,-0.0061216,0,0,0.0059515,,15.72,255.72,115,0,9.64E-05,1.00
0.0076766,-0.0061223,0,0,0.0059515,,15.74,255.74,115,0,9.64E-05,1.00
0.0076768,-0.006123,0,0,0.0059515,,15.76,255.76,115,0,9.64E-05,1.00
0.007677,-0.0061237,0,0,0.0059515,,15.78,255.78,115,0,9.64E-05,1.00
0.0076772,-0.0061243,0,0,0.0059515,,15.8,255.8,115,0,9.64E-05,1.00
0.0076774,-0.006125,0,0,0.0059515,,15.82,255.82,115,0,9.65E-05,1.00
0.0076776,-0.0061257,0,0,0.0059515,,15.84,255.84,115,0,9.65E-05,1.00
0.0076778,-0.0061264,0,0,0.0059515,,15.86,255.86,115,0,9.65E-05,1.00
0.007678,-0.006127,0,0,0.0059515,,15.88,255.88,115,0,9.65E-05,1.00
0.0076782,-0.0061277,0,0,0.0059515,,15.9,255.9,115,0,9.65E-05,1.00
0.0076785,-0.0061284,0,0,0.0059515,,15.92,255.92,115,0,9.65E-05,1.00
0.0076787,-0.0061291,0,0,0.0059515,,15.94,255.94,115,0,9.65E-05,1.00
0.0076789,-0.0061298,0,0,0.0059515,,15.96,255.96,115,0,9.65E-05,1.00
0.0076791,-0.0061304,0,0,0.0059515,,15.98,255.98,115,0,9.66E-05,1.00
0.0076793,-0.0061311,0,0,0.0056699,,16,256,115,0,9.66E-05,1.00
0.0076795,-0.0061317,0,0,0.0056699,,16.02,256.02,115,0,9.66E-05,1.00
0.0076797,-0.0061324,0,0,0.0056699,,16.04,256.04,115,0,9.66E-05,1.00
0.0076799,-0.006133,0,0,0.0056699,,16.06,256.06,115,0,9.66E-05,1.00
0.00768,-0.0061336,0,0,0.0056699,,16.08,256.08,115,0,9.66E-05,1.00
0.0076802,-0.0061343,0,0,0.0056699,,16.1,256.1,115,0,9.66E-05,1.00
0.0076804,-0.0061349,0,0,0.0056699,,16.12,256.12,115,0,9.66E-05,1.00
0.0076806,-0.0061355,0,0,0.0056699,,16.14,256.14,115,0,9.66E-05,1.00
0.0076808,-0.0061362,0,0,0.0056699,,16.16,256.16,115,0,9.66E-05,1.00
0.007681,-0.0061368,0,0,0.0056699,,16.18,256.18,115,0,9.67E-05,1.00
0.0076812,-0.0061374,0,0,0.0056699,,16.2,256.2,115,0,9.67E-05,1.00
0.0076814,-0.0061381,0,0,0.0056699,,16.22,256.22,115,0,9.67E-05,1.00
0.0076816,-0.0061387,0,0,0.0056699,,16.24,256.24,115,0,9.67E-05,1.00
0.0076817,-0.0061393,0,0,0.0056699,,16.26,256.26,115,0,9.67E-05,1.00
0.0076819,-0.00614,0,0,0.0056699,,16.28,256.28,115,0,9.67E-05,1.00
0.0076821,-0.0061406,0,0,0.0056699,,16.3,256.3,115,0,9.67E-05,1.00
0.0076823,-0.0061412,0,0,0.0056699,,16.32,256.32,115,0,9.67E-05,1.00
0.0076825,-0.0061419,0,0,0.0056699,,16.34,256.34,115,0,9.67E-05,1.00
0.0076827,-0.0061425,0,0,0.0056699,,16.36,256.36,115,0,9.68E-05,1.00
0.0076829,-0.0061431,0,0,0.0056699,,16.38,256.38,115,0,9.68E-05,1.00
0.0076831,-0.0061438,0,0,0.0056699,,16.4,256.4,115,0,9.68E-05,1.00
0.0076833,-0.0061444,0,0,0.0056699,,16.42,256.42,115,0,9.68E-05,1.00
0.0076834,-0.006145,0,0,0.0056699,,16.44,256.44,115,0,9.68E-05,1.00
0.0076836,-0.0061457,0,0,0.0056699,,16.46,256.46,115,0,9.68E-05,1.00
0.0076838,-0.0061463,0,0,0.0056699,,16.48,256.48,115,0,9.68E-05,1.00
0.007684,-0.006147,0,0,0.0056699,,16.5,256.5,115,0,9.68E-05,1.00
0.0076843,-0.0061475,0,0,0.0017995,,16.52,256.52,115,0,9.68E-05,1.00
0.0076846,-0.0061481,0,0,0.0017995,,16.54,256.54,115,0,9.69E-05,1.00
0.0076849,-0.0061487,0,0,0.0017995,,16.56,256.56,115,0,9.69E-05,1.00
0.0076852,-0.0061493,0,0,0.0017995,,16.58,256.58,115,0,9.69E-05,1.00
0.0076855,-0.0061499,0,0,0.0017995,,16.6,256.6,115,0,9.69E-05,1.00
0.0076858,-0.0061505,0,0,0.0017995,,16.62,256.62,115,0,9.69E-05,1.00
0.0076862,-0.0061511,0,0,0.0017995,,16.64,256.64,115,0,9.69E-05,1.00
0.0076865,-0.0061516,0,0,0.0017995,,16.66,256.66,115,0,9.69E-05,1.00
0.0076868,-0.0061522,0,0,0.0017995,,16.68,256.68,115,0,9.69E-05,1.00
0.0076871,-0.0061528,0,0,0.0017995,,16.7,256.7,115,0,9.69E-05,1.00
0.0076874,-0.0061534,0,0,0.0017995,,16.72,256.72,115,0,9.70E-05,1.00
0.0076877,-0.006154,0,0,0.0017995,,16.74,256.74,115,0,9.70E-05,1.00
0.007688,-0.0061546,0,0,0.0017995,,16.76,256.76,115,0,9.70E-05,1.00
0.0076883,-0.0061552,0,0,0.0017995,,16.78,256.78,115,0,9.70E-05,1.00
0.0076886,-0.0061557,0,0,0.0017995,,16.8,256.8,115,0,9.70E-05,1.00
0.0076889,-0.0061563,0,0,0.0017995,,16.82,256.82,115,0,9.70E-05,1.00
0.0076892,-0.0061569,0,0,0.00066498,,16.84,256.84,115,0,9.70E-05,1.00
0.0076894,-0.0061575,0,0,0.00066498,,16.86,256.86,115,0,9.70E-05,1.00
0.0076896,-0.0061581,0,0,0.00066498,,16.88,256.88,115,0,9.71E-05,1.00
0.0076898,-0.0061587,0,0,0.00066498,,16.9,256.9,115,0,9.71E-05,1.00
0.00769,-0.0061592,0,0,0.00066498,,16.92,256.92,115,0,9.71E-05,1.00
0.0076902,-0.0061598,0,0,0.00066498,,16.94,256.94,115,0,9.71E-05,1.00
0.0076904,-0.0061604,0,0,0.00066498,,16.96,256.96,115,0,9.71E-05,1.00
0.0076907,-0.006161,0,0,0.00066498,,16.98,256.98,115,0,9.71E-05,1.00
0.0076909,-0.0061616,0,0,0.00066498,,17,257,115,0,9.71E-05,1.00
0.0076911,-0.0061622,0,0,0.00066498,,17.02,257.02,115,0,9.71E-05,1.00
0.0076913,-0.0061628,0,0,0.00066498,,17.04,257.04,115,0,9.71E-05,1.00
0.0076915,-0.0061633,0,0,0.00066498,,17.06,257.06,115,0,9.71E-05,1.00
0.0076917,-0.0061639,0,0,0.00066498,,17.08,257.08,115,0,9.72E-05,1.00
0.0076919,-0.0061645,0,0,0.00066498,,17.1,257.1,115,0,9.72E-05,1.00
0.0076921,-0.0061651,0,0,0.00066498,,17.12,257.12,115,0,9.72E-05,1.00
0.0076923,-0.0061657,0,0,0.00066498,,17.14,257.14,115,0,9.72E-05,1.00
0.0076926,-0.0061663,0,0,0.00066498,,17.16,257.16,115,0,9.72E-05,1.00
0.0076928,-0.0061669,0,0,0.00066498,,17.18,257.18,115,0,9.72E-05,1.00
0.007693,-0.0061674,0,0,0.00066498,,17.2,257.2,115,0,9.72E-05,1.00
0.0076932,-0.006168,0,0,0.00066498,,17.22,257.22,115,0,9.72E-05,1.00
0.0076934,-0.0061686,0,0,0.00066498,,17.24,257.24,115,0,9.72E-05,1.00
0.0076936,-0.0061692,0,0,0.00066498,,17.26,257.26,115,0,9.73E-05,1.00
0.0076938,-0.0061698,0,0,0.00066498,,17.28,257.28,115,0,9.73E-05,1.00
0.007694,-0.0061704,0,0,0.00066498,,17.3,257.3,115,0,9.73E-05,1.00
0.0076942,-0.006171,0,0,0.00066498,,17.32,257.32,115,0,9.73E-05,1.00
0.0076945,-0.0061715,0,0,0.00066498,,17.34,257.34,115,0,9.73E-05,1.00
0.0076947,-0.0061721,0,0,0.00066498,,17.36,257.36,115,0,9.73E-05,1.00
0.0076949,-0.0061727,0,0,0.00066498,,17.38,257.38,115,0,9.73E-05,1.00
0.0076951,-0.0061733,0,0,0.00066498,,17.4,257.4,115,0,9.73E-05,1.00
0.0076953,-0.0061739,0,0,0.00066498,,17.42,257.42,115,0,9.73E-05,1.00
0.0076955,-0.0061745,0,0,0.00066498,,17.44,257.44,115,0,9.73E-05,1.00
0.0076957,-0.006175,0,0,0.00066498,,17.46,257.46,115,0,9.74E-05,1.00
0.0076959,-0.0061756,0,0,0.00066498,,17.48,257.48,115,0,9.74E-05,1.00
0.0076961,-0.0061762,0,0,0.00066498,,17.5,257.5,115,0,9.74E-05,1.00
0.0076964,-0.0061768,0,0,0.00025963,,17.52,257.52,115,0,9.74E-05,1.00
0.0076968,-0.0061773,0,0,0.00025963,,17.54,257.54,115,0,9.74E-05,1.00
0.0076971,-0.0061778,0,0,0.00025963,,17.56,257.56,115,0,9.74E-05,1.00
0.0076975,-0.0061783,0,0,0.00025963,,17.58,257.58,115,0,9.74E-05,1.00
0.0076978,-0.0061788,0,0,0.00025963,,17.6,257.6,115,0,9.74E-05,1.00
0.0076982,-0.0061793,0,0,0.00025963,,17.62,257.62,115,0,9.74E-05,1.00
0.0076985,-0.0061798,0,0,0.00025963,,17.64,257.64,115,0,9.75E-05,1.00
0.0076989,-0.0061803,0,0,0.00025963,,17.66,257.66,115,0,9.75E-05,1.00
0.0076992,-0.0061808,0,0,0.00025963,,17.68,257.68,115,0,9.75E-05,1.00
0.0076996,-0.0061813,0,0,0.00025963,,17.7,257.7,115,0,9.75E-05,1.00
0.0077,-0.0061818,0,0,0.00025963,,17.72,257.72,115,0,9.75E-05,1.00
0.0077003,-0.0061823,0,0,0.00025963,,17.74,257.74,115,0,9.75E-05,1.00
0.0077007,-0.0061828,0,0,0.00025963,,17.76,257.76,115,0,9.75E-05,1.00
0.007701,-0.0061833,0,0,0.00025963,,17.78,257.78,115,0,9.75E-05,1.00
0.0077014,-0.0061838,0,0,0.00025963,,17.8,257.8,115,0,9.76E-05,1.00
0.0077017,-0.0061843,0,0,0.00025963,,17.82,257.82,115,0,9.76E-05,1.00
0.0077021,-0.0061848,0,0,0.00025963,,17.84,257.84,115,0,9.76E-05,1.00
0.0077024,-0.0061852,0,0,0.00025963,,17.86,257.86,115,0,9.76E-05,1.00
0.0077028,-0.0061857,0,0,0.00025963,,17.88,257.88,115,0,9.76E-05,1.00
0.0077031,-0.0061862,0,0,0.00025963,,17.9,257.9,115,0,9.76E-05,1.00
0.0077035,-0.0061867,0,0,0.00025963,,17.92,257.92,115,0,9.76E-05,1.00
0.0077039,-0.0061872,0,0,0.00025963,,17.94,257.94,115,0,9.76E-05,1.00
0.0077042,-0.0061877,0,0,0.00025963,,17.96,257.96,115,0,9.76E-05,1.00
0.0077046,-0.0061882,0,0,0.00025963,,17.98,257.98,115,0,9.77E-05,1.00
0.0077049,-0.0061887,0,0,0.00025963,,18,258,115,0,9.77E-05,1.00
0.0077053,-0.0061892,0,0,0.00025963,,18.02,258.02,115,0,9.77E-05,1.00
0.0077055,-0.0061897,0,0,8.41E-05,,18.04,258.04,115,0,9.77E-05,1.00
0.0077058,-0.0061902,0,0,8.41E-05,,18.06,258.06,115,0,9.77E-05,1.00
0.0077061,-0.0061908,0,0,8.41E-05,,18.08,258.08,115,0,9.77E-05,1.00
0.0077063,-0.0061913,0,0,8.41E-05,,18.1,258.1,115,0,9.77E-05,1.00
0.0077066,-0.0061918,0,0,8.41E-05,,18.12,258.12,115,0,9.77E-05,1.00
0.0077068,-0.0061923,0,0,8.41E-05,,18.14,258.14,115,0,9.77E-05,1.00
0.0077071,-0.0061928,0,0,8.41E-05,,18.16,258.16,115,0,9.78E-05,1.00
0.0077074,-0.0061933,0,0,8.41E-05,,18.18,258.18,115,0,9.78E-05,1.00
0.0077076,-0.0061938,0,0,8.41E-05,,18.2,258.2,115,0,9.78E-05,1.00
0.0077079,-0.0061943,0,0,8.41E-05,,18.22,258.22,115,0,9.78E-05,1.00
0.0077081,-0.0061948,0,0,8.41E-05,,18.24,258.24,115,0,9.78E-05,1.00
0.0077084,-0.0061953,0,0,8.41E-05,,18.26,258.26,115,0,9.78E-05,1.00
0.0077087,-0.0061958,0,0,8.41E-05,,18.28,258.28,115,0,9.78E-05,1.00
0.0077089,-0.0061963,0,0,8.41E-05,,18.3,258.3,115,0,9.78E-05,1.00
0.0077092,-0.0061968,0,0,8.41E-05,,18.32,258.32,115,0,9.78E-05,1.00
0.0077094,-0.0061973,0,0,8.41E-05,,18.34,258.34,115,0,9.78E-05,1.00
0.0077097,-0.0061978,0,0,8.41E-05,,18.36,258.36,115,0,9.79E-05,1.00
0.00771,-0.0061983,0,0,8.41E-05,,18.38,258.38,115,0,9.79E-05,1.00
0.0077102,-0.0061988,0,0,8.41E-05,,18.4,258.4,115,0,9.79E-05,1.00
0.0077105,-0.0061993,0,0,8.41E-05,,18.42,258.42,115,0,9.79E-05,1.00
0.0077107,-0.0061999,0,0,8.41E-05,,18.44,258.44,115,0,9.79E-05,1.00
0.007711,-0.0062004,0,0,8.41E-05,,18.46,258.46,115,0,9.79E-05,1.00
0.0077113,-0.0062009,0,0,8.41E-05,,18.48,258.48,115,0,9.79E-05,1.00
0.0077116,-0.0062014,0,0,3.60E-05,,18.5,258.5,115,0,9.79E-05,1.00
0.0077119,-0.0062018,0,0,3.60E-05,,18.52,258.52,115,0,9.79E-05,1.00
0.0077123,-0.0062022,0,0,3.60E-05,,18.54,258.54,115,0,9.79E-05,1.00
0.0077127,-0.0062027,0,0,3.60E-05,,18.56,258.56,115,0,9.80E-05,1.00
0.007713,-0.0062031,0,0,3.60E-05,,18.58,258.58,115,0,9.80E-05,1.00
0.0077134,-0.0062036,0,0,3.60E-05,,18.6,258.6,115,0,9.80E-05,1.00
0.0077138,-0.006204,0,0,3.60E-05,,18.62,258.62,115,0,9.80E-05,1.00
0.0077141,-0.0062045,0,0,3.60E-05,,18.64,258.64,115,0,9.80E-05,1.00
0.0077145,-0.0062049,0,0,3.60E-05,,18.66,258.66,115,0,9.80E-05,1.00
0.0077149,-0.0062054,0,0,3.60E-05,,18.68,258.68,115,0,9.80E-05,1.00
0.0077152,-0.0062058,0,0,3.60E-05,,18.7,258.7,115,0,9.80E-05,1.00
0.0077156,-0.0062063,0,0,3.60E-05,,18.72,258.72,115,0,9.80E-05,1.00
0.007716,-0.0062067,0,0,3.60E-05,,18.74,258.74,115,0,9.81E-05,1.00
0.0077163,-0.0062072,0,0,3.60E-05,,18.76,258.76,115,0,9.81E-05,1.00
0.0077167,-0.0062076,0,0,3.60E-05,,18.78,258.78,115,0,9.81E-05,1.00
0.0077171,-0.0062081,0,0,3.60E-05,,18.8,258.8,115,0,9.81E-05,1.00
0.0077174,-0.0062085,0,0,3.60E-05,,18.82,258.82,115,0,9.81E-05,1.00
0.0077178,-0.006209,0,0,3.60E-05,,18.84,258.84,115,0,9.81E-05,1.00
0.0077182,-0.0062094,0,0,3.60E-05,,18.86,258.86,115,0,9.81E-05,1.00
0.0077185,-0.0062099,0,0,3.60E-05,,18.88,258.88,115,0,9.81E-05,1.00
0.0077189,-0.0062103,0,0,3.60E-05,,18.9,258.9,115,0,9.81E-05,1.00
0.0077193,-0.0062107,0,0,3.60E-05,,18.92,258.92,115,0,9.82E-05,1.00
0.0077196,-0.0062112,0,0,3.60E-05,,18.94,258.94,115,0,9.82E-05,1.00
0.00772,-0.0062116,0,0,3.60E-05,,18.96,258.96,115,0,9.82E-05,1.00
0.0077204,-0.0062121,0,0,3.60E-05,,18.98,258.98,115,0,9.82E-05,1.00
0.0077207,-0.0062125,0,0,3.60E-05,,19,259,115,0,9.82E-05,1.00
0.0077211,-0.006213,0,0,3.60E-05,,19.02,259.02,115,0,9.82E-05,1.00
0.0077215,-0.0062134,0,0,3.60E-05,,19.04,259.04,115,0,9.82E-05,1.00
0.0077218,-0.0062139,0,0,3.60E-05,,19.06,259.06,115,0,9.82E-05,1.00
0.0077222,-0.0062143,0,0,3.60E-05,,19.08,259.08,115,0,9.82E-05,1.00
0.0077226,-0.0062148,0,0,3.60E-05,,19.1,259.1,115,0,9.83E-05,1.00
0.0077229,-0.0062152,0,0,3.60E-05,,19.12,259.12,115,0,9.83E-05,1.00
0.0077233,-0.0062157,0,0,3.60E-05,,19.14,259.14,115,0,9.83E-05,1.00
0.0077237,-0.0062161,0,0,3.60E-05,,19.16,259.16,115,0,9.83E-05,1.00
0.007724,-0.0062166,0,0,3.60E-05,,19.18,259.18,115,0,9.83E-05,1.00
0.0077244,-0.006217,0,0,3.60E-05,,19.2,259.2,115,0,9.83E-05,1.00
0.0077248,-0.0062175,0,0,3.60E-05,,19.22,259.22,115,0,9.83E-05,1.00
0.0077251,-0.0062179,0,0,3.60E-05,,19.24,259.24,115,0,9.83E-05,1.00
0.0077255,-0.0062184,0,0,3.60E-05,,19.26,259.26,115,0,9.84E-05,1.00
0.0077259,-0.0062188,0,0,3.60E-05,,19.28,259.28,115,0,9.84E-05,1.00
0.0077262,-0.0062193,0,0,3.60E-05,,19.3,259.3,115,0,9.84E-05,1.00
0.0077266,-0.0062197,0,0,3.60E-05,,19.32,259.32,115,0,9.84E-05,1.00
0.007727,-0.0062201,0,0,3.60E-05,,19.34,259.34,115,0,9.84E-05,1.00
0.0077273,-0.0062206,0,0,3.60E-05,,19.36,259.36,115,0,9.84E-05,1.00
0.0077277,-0.006221,0,0,3.60E-05,,19.38,259.38,115,0,9.84E-05,1.00
0.0077281,-0.0062215,0,0,3.60E-05,,19.4,259.4,115,0,9.84E-05,1.00
0.0077284,-0.0062219,0,0,3.60E-05,,19.42,259.42,115,0,9.84E-05,1.00
0.0077288,-0.0062224,0,0,3.60E-05,,19.44,259.44,115,0,9.85E-05,1.00
0.0077292,-0.0062228,0,0,3.60E-05,,19.46,259.46,115,0,9.85E-05,1.00
0.0077295,-0.0062233,0,0,3.60E-05,,19.48,259.48,115,0,9.85E-05,1.00
0.0077299,-0.0062237,0,0,9.87E-06,,19.5,259.5,115,0,9.85E-05,1.00
0.0077301,-0.0062242,0,0,9.87E-06,,19.52,259.52,115,0,9.85E-05,1.00
0.0077304,-0.0062246,0,0,9.87E-06,,19.54,259.54,115,0,9.85E-05,1.00
0.0077307,-0.0062251,0,0,9.87E-06,,19.56,259.56,115,0,9.85E-05,1.00
0.007731,-0.0062255,0,0,9.87E-06,,19.58,259.58,115,0,9.85E-05,1.00
0.0077313,-0.0062259,0,0,3.26E-06,,19.6,259.6,115,0,9.85E-05,1.00
0.0077316,-0.0062263,0,0,3.26E-06,,19.62,259.62,115,0,9.85E-05,1.00
0.0077319,-0.0062268,0,0,3.26E-06,,19.64,259.64,115,0,9.86E-05,1.00
0.0077323,-0.0062272,0,0,3.26E-06,,19.66,259.66,115,0,9.86E-05,1.00
0.0077326,-0.0062276,0,0,3.26E-06,,19.68,259.68,115,0,9.86E-05,1.00
0.007733,-0.006228,0,0,3.26E-06,,19.7,259.7,115,0,9.86E-05,1.00
0.0077333,-0.0062284,0,0,3.26E-06,,19.72,259.72,115,0,9.86E-05,1.00
0.0077336,-0.0062288,0,0,2.77E-06,,19.74,259.74,115,0,9.86E-05,1.00
0.007734,-0.0062292,0,0,2.77E-06,,19.76,259.76,115,0,9.86E-05,1.00
0.0077344,-0.0062296,0,0,2.77E-06,,19.78,259.78,115,0,9.86E-05,1.00
0.0077348,-0.00623,0,0,2.77E-06,,19.8,259.8,115,0,9.86E-05,1.00
0.0077352,-0.0062304,0,0,2.77E-06,,19.82,259.82,115,0,9.87E-05,1.00
0.0077355,-0.0062307,0,0,2.77E-06,,19.84,259.84,115,0,9.87E-05,1.00
0.0077359,-0.0062311,0,0,2.77E-06,,19.86,259.86,115,0,9.87E-05,1.00
0.0077363,-0.0062315,0,0,2.77E-06,,19.88,259.88,115,0,9.87E-05,1.00
0.0077367,-0.0062319,0,0,2.77E-06,,19.9,259.9,115,0,9.87E-05,1.00
0.0077371,-0.0062322,0,0,2.77E-06,,19.92,259.92,115,0,9.87E-05,1.00
0.0077374,-0.0062326,0,0,2.77E-06,,19.94,259.94,115,0,9.87E-05,1.00
0.0077378,-0.006233,0,0,2.77E-06,,19.96,259.96,115,0,9.87E-05,1.00
0.0077382,-0.0062334,0,0,2.77E-06,,19.98,259.98,115,0,9.87E-05,1.00
0.0077386,-0.0062338,0,0,2.77E-06,,20,260,115,0,9.87E-05,1.00
