disp:0,disp:1,disp:2,cdf1,damage1,vtkValidPointMask,arc_length,Points:01,Points:1,Points:2
0.0047036,-0.0052573,0,0,1.31E-06,,0,240,114,0
0.0047037,-0.0052567,0,0,1.31E-06,,0.020004,240.02,114,0
0.0047038,-0.005256,0,0,1.31E-06,,0.039993,240.04,114,0
0.004704,-0.0052554,0,0,1.31E-06,,0.059998,240.06,114,0
0.0047041,-0.0052548,0,0,1.31E-06,,0.080002,240.08,114,0
0.0047042,-0.0052541,0,0,1.31E-06,,0.10001,240.1,114,0
0.0047043,-0.0052535,0,0,1.31E-06,,0.12,240.12,114,0
0.0047044,-0.0052528,0,0,2.87E-06,,0.14,240.14,114,0
0.0047045,-0.0052522,0,0,2.87E-06,,0.16,240.16,114,0
0.0047046,-0.0052515,0,0,2.87E-06,,0.17999,240.18,114,0
0.0047047,-0.0052509,0,0,2.87E-06,,0.2,240.2,114,0
0.0047048,-0.0052502,0,0,2.87E-06,,0.22,240.22,114,0
0.004705,-0.0052496,0,0,2.87E-06,,0.24001,240.24,114,0
0.0047051,-0.005249,0,0,2.87E-06,,0.25999,240.26,114,0
0.0047052,-0.0052483,0,0,2.87E-06,,0.28,240.28,114,0
0.0047053,-0.0052477,0,0,2.87E-06,,0.3,240.3,114,0
0.0047054,-0.005247,0,0,2.87E-06,,0.32001,240.32,114,0
0.0047055,-0.0052464,0,0,2.87E-06,,0.34,240.34,114,0
0.0047056,-0.0052457,0,0,2.87E-06,,0.36,240.36,114,0
0.0047058,-0.0052451,0,0,2.87E-06,,0.38,240.38,114,0
0.0047059,-0.0052444,0,0,2.87E-06,,0.39999,240.4,114,0
0.004706,-0.0052438,0,0,2.87E-06,,0.42,240.42,114,0
0.0047061,-0.0052431,0,0,2.87E-06,,0.44,240.44,114,0
0.0047062,-0.0052425,0,0,2.87E-06,,0.46001,240.46,114,0
0.0047063,-0.0052418,0,0,2.87E-06,,0.48,240.48,114,0
0.0047064,-0.0052412,0,0,2.87E-06,,0.5,240.5,114,0
0.0047066,-0.0052406,0,0,2.87E-06,,0.52,240.52,114,0
0.0047067,-0.0052399,0,0,2.87E-06,,0.53999,240.54,114,0
0.0047068,-0.0052393,0,0,2.87E-06,,0.56,240.56,114,0
0.0047069,-0.0052386,0,0,2.87E-06,,0.58,240.58,114,0
0.004707,-0.005238,0,0,2.87E-06,,0.60001,240.6,114,0
0.0047071,-0.0052373,0,0,2.87E-06,,0.62,240.62,114,0
0.0047072,-0.0052367,0,0,2.87E-06,,0.64,240.64,114,0
0.0047073,-0.005236,0,0,2.87E-06,,0.66,240.66,114,0
0.0047075,-0.0052354,0,0,2.87E-06,,0.67999,240.68,114,0
0.0047076,-0.0052347,0,0,2.87E-06,,0.7,240.7,114,0
0.0047077,-0.0052341,0,0,2.87E-06,,0.72,240.72,114,0
0.0047078,-0.0052335,0,0,1.06E-05,,0.74001,240.74,114,0
0.0047079,-0.0052328,0,0,1.06E-05,,0.75999,240.76,114,0
0.004708,-0.0052322,0,0,1.06E-05,,0.78,240.78,114,0
0.0047081,-0.0052315,0,0,1.06E-05,,0.8,240.8,114,0
0.0047082,-0.0052309,0,0,1.06E-05,,0.82001,240.82,114,0
0.0047083,-0.0052302,0,0,1.06E-05,,0.84,240.84,114,0
0.0047085,-0.0052296,0,0,1.06E-05,,0.86,240.86,114,0
0.0047086,-0.0052289,0,0,1.06E-05,,0.88,240.88,114,0
0.0047087,-0.0052283,0,0,1.06E-05,,0.89999,240.9,114,0
0.0047088,-0.0052277,0,0,1.06E-05,,0.92,240.92,114,0
0.0047089,-0.005227,0,0,1.06E-05,,0.94,240.94,114,0
0.004709,-0.0052264,0,0,1.06E-05,,0.96001,240.96,114,0
0.0047091,-0.0052257,0,0,1.06E-05,,0.98,240.98,114,0
0.0047092,-0.0052251,0,0,1.06E-05,,1,241,114,0
0.0047093,-0.0052244,0,0,1.06E-05,,1.02,241.02,114,0
0.0047094,-0.0052238,0,0,1.06E-05,,1.04,241.04,114,0
0.0047095,-0.0052232,0,0,1.06E-05,,1.06,241.06,114,0
0.0047097,-0.0052225,0,0,1.06E-05,,1.08,241.08,114,0
0.0047098,-0.0052219,0,0,1.06E-05,,1.1,241.1,114,0
0.0047099,-0.0052212,0,0,1.06E-05,,1.12,241.12,114,0
0.00471,-0.0052206,0,0,1.06E-05,,1.14,241.14,114,0
0.0047101,-0.0052199,0,0,1.06E-05,,1.16,241.16,114,0
0.0047102,-0.0052193,0,0,1.06E-05,,1.18,241.18,114,0
0.0047103,-0.0052187,0,0,1.06E-05,,1.2,241.2,114,0
0.0047104,-0.005218,0,0,1.06E-05,,1.22,241.22,114,0
0.0047105,-0.0052174,0,0,1.06E-05,,1.24,241.24,114,0
0.0047106,-0.0052167,0,0,1.06E-05,,1.26,241.26,114,0
0.0047107,-0.0052161,0,0,1.06E-05,,1.28,241.28,114,0
0.0047108,-0.0052154,0,0,1.06E-05,,1.3,241.3,114,0
0.004711,-0.0052148,0,0,1.06E-05,,1.32,241.32,114,0
0.0047111,-0.0052142,0,0,1.06E-05,,1.34,241.34,114,0
0.0047112,-0.0052135,0,0,1.06E-05,,1.36,241.36,114,0
0.0047113,-0.0052129,0,0,1.06E-05,,1.38,241.38,114,0
0.0047114,-0.0052122,0,0,1.06E-05,,1.4,241.4,114,0
0.0047115,-0.0052116,0,0,1.06E-05,,1.42,241.42,114,0
0.0047116,-0.0052109,0,0,1.49E-05,,1.44,241.44,114,0
0.0047117,-0.0052103,0,0,1.49E-05,,1.46,241.46,114,0
0.0047118,-0.0052097,0,0,1.49E-05,,1.48,241.48,114,0
0.0047119,-0.005209,0,0,1.49E-05,,1.5,241.5,114,0
0.004712,-0.0052084,0,0,1.49E-05,,1.52,241.52,114,0
0.0047121,-0.0052077,0,0,1.49E-05,,1.54,241.54,114,0
0.0047123,-0.0052071,0,0,1.49E-05,,1.56,241.56,114,0
0.0047124,-0.0052064,0,0,1.49E-05,,1.58,241.58,114,0
0.0047125,-0.0052058,0,0,1.49E-05,,1.6,241.6,114,0
0.0047126,-0.0052051,0,0,1.49E-05,,1.62,241.62,114,0
0.0047127,-0.0052045,0,0,1.49E-05,,1.64,241.64,114,0
0.0047128,-0.0052038,0,0,1.49E-05,,1.66,241.66,114,0
0.0047129,-0.0052032,0,0,1.49E-05,,1.68,241.68,114,0
0.004713,-0.0052025,0,0,1.49E-05,,1.7,241.7,114,0
0.0047131,-0.0052019,0,0,1.49E-05,,1.72,241.72,114,0
0.0047132,-0.0052012,0,0,5.11E-05,,1.74,241.74,114,0
0.0047133,-0.0052006,0,0,5.11E-05,,1.76,241.76,114,0
0.0047134,-0.0051999,0,0,5.11E-05,,1.78,241.78,114,0
0.0047135,-0.0051993,0,0,5.11E-05,,1.8,241.8,114,0
0.0047136,-0.0051987,0,0,5.11E-05,,1.82,241.82,114,0
0.0047137,-0.005198,0,0,5.11E-05,,1.84,241.84,114,0
0.0047138,-0.0051974,0,0,5.11E-05,,1.86,241.86,114,0
0.0047139,-0.0051967,0,0,5.11E-05,,1.88,241.88,114,0
0.004714,-0.0051961,0,0,5.11E-05,,1.9,241.9,114,0
0.0047141,-0.0051954,0,0,5.11E-05,,1.92,241.92,114,0
0.0047142,-0.0051948,0,0,5.11E-05,,1.94,241.94,114,0
0.0047144,-0.0051942,0,0,5.11E-05,,1.96,241.96,114,0
0.0047145,-0.0051935,0,0,5.11E-05,,1.98,241.98,114,0
0.0047146,-0.0051929,0,0,9.73E-05,,2,242,114,0
0.0047147,-0.0051922,0,0,9.73E-05,,2.02,242.02,114,0
0.0047148,-0.0051916,0,0,9.73E-05,,2.04,242.04,114,0
0.0047149,-0.0051909,0,0,9.73E-05,,2.06,242.06,114,0
0.004715,-0.0051903,0,0,9.73E-05,,2.08,242.08,114,0
0.0047151,-0.0051896,0,0,9.73E-05,,2.1,242.1,114,0
0.0047152,-0.005189,0,0,9.73E-05,,2.12,242.12,114,0
0.0047153,-0.0051883,0,0,9.73E-05,,2.14,242.14,114,0
0.0047154,-0.0051877,0,0,9.73E-05,,2.16,242.16,114,0
0.0047156,-0.005187,0,0,9.73E-05,,2.18,242.18,114,0
0.0047157,-0.0051864,0,0,9.73E-05,,2.2,242.2,114,0
0.0047158,-0.0051857,0,0,9.73E-05,,2.22,242.22,114,0
0.0047159,-0.0051851,0,0,9.73E-05,,2.24,242.24,114,0
0.004716,-0.0051844,0,0,9.73E-05,,2.26,242.26,114,0
0.0047161,-0.0051838,0,0,9.73E-05,,2.28,242.28,114,0
0.0047162,-0.0051831,0,0,9.73E-05,,2.3,242.3,114,0
0.0047163,-0.0051825,0,0,9.73E-05,,2.32,242.32,114,0
0.0047164,-0.0051818,0,0,9.73E-05,,2.34,242.34,114,0
0.0047166,-0.0051812,0,0,9.73E-05,,2.36,242.36,114,0
0.0047167,-0.0051805,0,0,9.73E-05,,2.38,242.38,114,0
0.0047168,-0.0051799,0,0,9.73E-05,,2.4,242.4,114,0
0.0047169,-0.0051792,0,0,9.73E-05,,2.42,242.42,114,0
0.004717,-0.0051786,0,0,9.73E-05,,2.44,242.44,114,0
0.0047171,-0.005178,0,0,9.73E-05,,2.46,242.46,114,0
0.0047172,-0.0051773,0,0,9.73E-05,,2.48,242.48,114,0
0.0047173,-0.0051767,0,0,9.73E-05,,2.5,242.5,114,0
0.0047174,-0.005176,0,0,9.73E-05,,2.52,242.52,114,0
0.0047175,-0.0051754,0,0,9.73E-05,,2.54,242.54,114,0
0.0047177,-0.0051747,0,0,9.73E-05,,2.56,242.56,114,0
0.0047178,-0.0051741,0,0,9.73E-05,,2.58,242.58,114,0
0.0047179,-0.0051734,0,0,9.73E-05,,2.6,242.6,114,0
0.004718,-0.0051728,0,0,9.73E-05,,2.62,242.62,114,0
0.0047181,-0.0051721,0,0,9.73E-05,,2.64,242.64,114,0
0.0047182,-0.0051715,0,0,9.73E-05,,2.66,242.66,114,0
0.0047183,-0.0051708,0,0,0.00033291,,2.68,242.68,114,0
0.0047184,-0.0051702,0,0,0.00033291,,2.7,242.7,114,0
0.0047185,-0.0051695,0,0,0.00033291,,2.72,242.72,114,0
0.0047186,-0.0051689,0,0,0.00033291,,2.74,242.74,114,0
0.0047187,-0.0051683,0,0,0.00033291,,2.76,242.76,114,0
0.0047188,-0.0051676,0,0,0.00033291,,2.78,242.78,114,0
0.0047189,-0.005167,0,0,0.00033291,,2.8,242.8,114,0
0.0047191,-0.0051663,0,0,0.00033291,,2.82,242.82,114,0
0.0047192,-0.0051657,0,0,0.00033291,,2.84,242.84,114,0
0.0047193,-0.005165,0,0,0.00033291,,2.86,242.86,114,0
0.0047194,-0.0051644,0,0,0.00033291,,2.88,242.88,114,0
0.0047195,-0.0051638,0,0,0.00033291,,2.9,242.9,114,0
0.0047196,-0.0051631,0,0,0.00033291,,2.92,242.92,114,0
0.0047197,-0.0051625,0,0,0.00033291,,2.94,242.94,114,0
0.0047198,-0.0051618,0,0,0.00033291,,2.96,242.96,114,0
0.0047199,-0.0051612,0,0,0.00033291,,2.98,242.98,114,0
0.00472,-0.0051606,0,0,0.00033291,,3,243,114,0
0.0047201,-0.0051599,0,0,0.00033291,,3.02,243.02,114,0
0.0047202,-0.0051593,0,0,0.00033291,,3.04,243.04,114,0
0.0047203,-0.0051586,0,0,0.00033291,,3.06,243.06,114,0
0.0047204,-0.005158,0,0,0.00033291,,3.08,243.08,114,0
0.0047205,-0.0051574,0,0,0.00033291,,3.1,243.1,114,0
0.0047206,-0.0051567,0,0,0.00033291,,3.12,243.12,114,0
0.0047207,-0.0051561,0,0,0.00033291,,3.14,243.14,114,0
0.0047208,-0.0051554,0,0,0.00033291,,3.16,243.16,114,0
0.0047209,-0.0051548,0,0,0.00033291,,3.18,243.18,114,0
0.004721,-0.0051541,0,0,0.00033291,,3.2,243.2,114,0
0.0047212,-0.0051535,0,0,0.00033291,,3.22,243.22,114,0
0.0047213,-0.0051529,0,0,0.00033291,,3.24,243.24,114,0
0.0047214,-0.0051522,0,0,0.00033291,,3.26,243.26,114,0
0.0047215,-0.0051516,0,0,0.00033291,,3.28,243.28,114,0
0.0047216,-0.0051509,0,0,0.00033291,,3.3,243.3,114,0
0.0047217,-0.0051503,0,0,0.00033291,,3.32,243.32,114,0
0.0047218,-0.0051497,0,0,0.00033291,,3.34,243.34,114,0
0.0047219,-0.005149,0,0,0.00033291,,3.36,243.36,114,0
0.004722,-0.0051484,0,0,0.00033291,,3.38,243.38,114,0
0.0047221,-0.0051477,0,0,0.00043743,,3.4,243.4,114,0
0.0047222,-0.0051471,0,0,0.00043743,,3.42,243.42,114,0
0.0047223,-0.0051464,0,0,0.00043743,,3.44,243.44,114,0
0.0047224,-0.0051458,0,0,0.00043743,,3.46,243.46,114,0
0.0047225,-0.0051451,0,0,0.00043743,,3.48,243.48,114,0
0.0047226,-0.0051445,0,0,0.00043743,,3.5,243.5,114,0
0.0047227,-0.0051439,0,0,0.00043743,,3.52,243.52,114,0
0.0047228,-0.0051432,0,0,0.00043743,,3.54,243.54,114,0
0.0047229,-0.0051426,0,0,0.00043743,,3.56,243.56,114,0
0.004723,-0.0051419,0,0,0.00043743,,3.58,243.58,114,0
0.0047231,-0.0051413,0,0,0.0014715,,3.6,243.6,114,0
0.0047232,-0.0051406,0,0,0.0014715,,3.62,243.62,114,0
0.0047233,-0.00514,0,0,0.0014715,,3.64,243.64,114,0
0.0047234,-0.0051394,0,0,0.0014715,,3.66,243.66,114,0
0.0047235,-0.0051387,0,0,0.0014715,,3.68,243.68,114,0
0.0047236,-0.0051381,0,0,0.0014715,,3.7,243.7,114,0
0.0047237,-0.0051375,0,0,0.0014715,,3.72,243.72,114,0
0.0047238,-0.0051368,0,0,0.0014715,,3.74,243.74,114,0
0.0047239,-0.0051362,0,0,0.0014715,,3.76,243.76,114,0
0.004724,-0.0051356,0,0,0.0014715,,3.78,243.78,114,0
0.0047241,-0.0051349,0,0,0.0030209,,3.8,243.8,114,0
0.0047242,-0.0051343,0,0,0.0030209,,3.82,243.82,114,0
0.0047243,-0.0051336,0,0,0.0030209,,3.84,243.84,114,0
0.0047245,-0.005133,0,0,0.0030209,,3.86,243.86,114,0
0.0047246,-0.0051323,0,0,0.0030209,,3.88,243.88,114,0
0.0047247,-0.0051317,0,0,0.0030209,,3.9,243.9,114,0
0.0047248,-0.0051311,0,0,0.0030209,,3.92,243.92,114,0
0.0047249,-0.0051304,0,0,0.0030209,,3.94,243.94,114,0
0.004725,-0.0051298,0,0,0.0030209,,3.96,243.96,114,0
0.0047251,-0.0051291,0,0,0.0030209,,3.98,243.98,114,0
0.0047252,-0.0051285,0,0,0.0030209,,4,244,114,0
0.0047253,-0.0051278,0,0,0.0030209,,4.02,244.02,114,0
0.0047254,-0.0051272,0,0,0.0030209,,4.04,244.04,114,0
0.0047255,-0.0051265,0,0,0.0030209,,4.06,244.06,114,0
0.0047256,-0.0051259,0,0,0.0030209,,4.08,244.08,114,0
0.0047258,-0.0051253,0,0,0.0030209,,4.1,244.1,114,0
0.0047259,-0.0051246,0,0,0.0030209,,4.12,244.12,114,0
0.004726,-0.005124,0,0,0.0030209,,4.14,244.14,114,0
0.0047261,-0.0051233,0,0,0.0030209,,4.16,244.16,114,0
0.0047262,-0.0051227,0,0,0.0030209,,4.18,244.18,114,0
0.0047263,-0.005122,0,0,0.0030209,,4.2,244.2,114,0
0.0047264,-0.0051214,0,0,0.0030209,,4.22,244.22,114,0
0.0047265,-0.0051208,0,0,0.0030209,,4.24,244.24,114,0
0.0047266,-0.0051201,0,0,0.0030209,,4.26,244.26,114,0
0.0047267,-0.0051195,0,0,0.0030209,,4.28,244.28,114,0
0.0047268,-0.0051188,0,0,0.0030209,,4.3,244.3,114,0
0.0047269,-0.0051182,0,0,0.0030209,,4.32,244.32,114,0
0.0047271,-0.0051175,0,0,0.0030209,,4.34,244.34,114,0
0.0047272,-0.0051169,0,0,0.0030209,,4.36,244.36,114,0
0.0047273,-0.0051163,0,0,0.0030209,,4.38,244.38,114,0
0.0047274,-0.0051156,0,0,0.0030209,,4.4,244.4,114,0
0.0047275,-0.005115,0,0,0.0030209,,4.42,244.42,114,0
0.0047276,-0.0051143,0,0,0.0030209,,4.44,244.44,114,0
0.0047277,-0.0051137,0,0,0.0030209,,4.46,244.46,114,0
0.0047278,-0.005113,0,0,0.0030209,,4.48,244.48,114,0
0.0047279,-0.0051124,0,0,0.0030209,,4.5,244.5,114,0
0.004728,-0.0051118,0,0,0.0030209,,4.52,244.52,114,0
0.0047281,-0.0051111,0,0,0.010897,,4.54,244.54,114,0
0.0047282,-0.0051105,0,0,0.010897,,4.56,244.56,114,0
0.0047283,-0.0051099,0,0,0.010897,,4.58,244.58,114,0
0.0047284,-0.0051092,0,0,0.010897,,4.6,244.6,114,0
0.0047285,-0.0051086,0,0,0.010897,,4.62,244.62,114,0
0.0047286,-0.005108,0,0,0.010897,,4.64,244.64,114,0
0.0047287,-0.0051074,0,0,0.010897,,4.66,244.66,114,0
0.0047288,-0.0051067,0,0,0.010897,,4.68,244.68,114,0
0.0047289,-0.0051061,0,0,0.010897,,4.7,244.7,114,0
0.004729,-0.0051055,0,0,0.010897,,4.72,244.72,114,0
0.0047291,-0.0051048,0,0,0.010897,,4.74,244.74,114,0
0.0047292,-0.0051042,0,0,0.010897,,4.76,244.76,114,0
0.0047293,-0.0051036,0,0,0.010897,,4.78,244.78,114,0
0.0047294,-0.005103,0,0,0.010897,,4.8,244.8,114,0
0.0047295,-0.0051023,0,0,0.010897,,4.82,244.82,114,0
0.0047296,-0.0051017,0,0,0.010897,,4.84,244.84,114,0
0.0047297,-0.0051011,0,0,0.010897,,4.86,244.86,114,0
0.0047298,-0.0051004,0,0,0.010897,,4.88,244.88,114,0
0.0047299,-0.0050998,0,0,0.010897,,4.9,244.9,114,0
0.00473,-0.0050992,0,0,0.010897,,4.92,244.92,114,0
0.0047301,-0.0050986,0,0,0.010897,,4.94,244.94,114,0
0.0047302,-0.0050979,0,0,0.010897,,4.96,244.96,114,0
0.0047303,-0.0050973,0,0,0.010897,,4.98,244.98,114,0
0.0047304,-0.0050967,0,0,0.010897,,5,245,114,0
0.0047305,-0.005096,0,0,0.010897,,5.02,245.02,114,0
0.0047306,-0.0050954,0,0,0.010897,,5.04,245.04,114,0
0.0047307,-0.0050948,0,0,0.010897,,5.06,245.06,114,0
0.0047308,-0.0050942,0,0,0.010897,,5.08,245.08,114,0
0.0047309,-0.0050935,0,0,0.010897,,5.1,245.1,114,0
0.004731,-0.0050929,0,0,0.010897,,5.12,245.12,114,0
0.0047311,-0.0050923,0,0,0.010897,,5.14,245.14,114,0
0.0047312,-0.0050916,0,0,0.010897,,5.16,245.16,114,0
0.0047314,-0.005091,0,0,0.010897,,5.18,245.18,114,0
0.0047315,-0.0050904,0,0,0.010897,,5.2,245.2,114,0
0.0047316,-0.0050897,0,0,0.010897,,5.22,245.22,114,0
0.0047317,-0.0050891,0,0,0.010897,,5.24,245.24,114,0
0.0047318,-0.0050885,0,0,0.012906,,5.26,245.26,114,0
0.0047319,-0.0050879,0,0,0.012906,,5.28,245.28,114,0
0.004732,-0.0050872,0,0,0.012906,,5.3,245.3,114,0
0.0047321,-0.0050866,0,0,0.012906,,5.32,245.32,114,0
0.0047322,-0.005086,0,0,0.012906,,5.34,245.34,114,0
0.0047323,-0.0050853,0,0,0.012906,,5.36,245.36,114,0
0.0047324,-0.0050847,0,0,0.012906,,5.38,245.38,114,0
0.0047325,-0.0050841,0,0,0.012906,,5.4,245.4,114,0
0.0047326,-0.0050834,0,0,0.012906,,5.42,245.42,114,0
0.0047327,-0.0050828,0,0,0.03928,,5.44,245.44,114,0
0.0047328,-0.0050822,0,0,0.03928,,5.46,245.46,114,0
0.0047329,-0.0050816,0,0,0.03928,,5.48,245.48,114,0
0.004733,-0.005081,0,0,0.03928,,5.5,245.5,114,0
0.004733,-0.0050804,0,0,0.03928,,5.52,245.52,114,0
0.0047331,-0.0050798,0,0,0.03928,,5.54,245.54,114,0
0.0047332,-0.0050792,0,0,0.03928,,5.56,245.56,114,0
0.0047333,-0.0050786,0,0,0.03928,,5.58,245.58,114,0
0.0047334,-0.005078,0,0,0.03928,,5.6,245.6,114,0
0.0047335,-0.0050773,0,0,0.057176,,5.62,245.62,114,0
0.0047336,-0.0050767,0,0,0.057176,,5.64,245.64,114,0
0.0047337,-0.0050761,0,0,0.057176,,5.66,245.66,114,0
0.0047338,-0.0050755,0,0,0.057176,,5.68,245.68,114,0
0.004734,-0.0050749,0,0,0.057176,,5.7,245.7,114,0
0.0047341,-0.0050742,0,0,0.057176,,5.72,245.72,114,0
0.0047342,-0.0050736,0,0,0.057176,,5.74,245.74,114,0
0.0047343,-0.005073,0,0,0.057176,,5.76,245.76,114,0
0.0047344,-0.0050724,0,0,0.057176,,5.78,245.78,114,0
0.0047345,-0.0050718,0,0,0.057176,,5.8,245.8,114,0
0.0047346,-0.0050711,0,0,0.057176,,5.82,245.82,114,0
0.0047348,-0.0050705,0,0,0.057176,,5.84,245.84,114,0
0.0047349,-0.0050699,0,0,0.057176,,5.86,245.86,114,0
0.004735,-0.0050693,0,0,0.057176,,5.88,245.88,114,0
0.0047351,-0.0050687,0,0,0.057176,,5.9,245.9,114,0
0.0047352,-0.005068,0,0,0.057176,,5.92,245.92,114,0
0.0047353,-0.0050674,0,0,0.057176,,5.94,245.94,114,0
0.0047354,-0.0050668,0,0,0.057176,,5.96,245.96,114,0
0.0047355,-0.0050662,0,0,0.057176,,5.98,245.98,114,0
0.0047357,-0.0050655,0,0,0.057176,,6,246,114,0
0.0047358,-0.0050649,0,0,0.057176,,6.02,246.02,114,0
0.0047359,-0.0050643,0,0,0.057176,,6.04,246.04,114,0
0.004736,-0.0050637,0,0,0.057176,,6.06,246.06,114,0
0.0047361,-0.0050631,0,0,0.057176,,6.08,246.08,114,0
0.0047362,-0.0050624,0,0,0.057176,,6.1,246.1,114,0
0.0047363,-0.0050618,0,0,0.088872,,6.12,246.12,114,0
0.0047364,-0.0050612,0,0,0.088872,,6.14,246.14,114,0
0.0047365,-0.0050606,0,0,0.088872,,6.16,246.16,114,0
0.0047367,-0.00506,0,0,0.088872,,6.18,246.18,114,0
0.0047368,-0.0050593,0,0,0.088872,,6.2,246.2,114,0
0.0047369,-0.0050587,0,0,0.088872,,6.22,246.22,114,0
0.004737,-0.0050581,0,0,0.088872,,6.24,246.24,114,0
0.0047371,-0.0050575,0,0,0.088872,,6.26,246.26,114,0
0.0047372,-0.0050569,0,0,0.088872,,6.28,246.28,114,0
0.0047373,-0.0050563,0,0,0.088872,,6.3,246.3,114,0
0.0047374,-0.0050556,0,0,0.088872,,6.32,246.32,114,0
0.0047375,-0.005055,0,0,0.088872,,6.34,246.34,114,0
0.0047376,-0.0050544,0,0,0.088872,,6.36,246.36,114,0
0.0047377,-0.0050538,0,0,0.088872,,6.38,246.38,114,0
0.0047378,-0.0050532,0,0,0.1378,,6.4,246.4,114,0
0.0047379,-0.0050526,0,0,0.1378,,6.42,246.42,114,0
0.004738,-0.005052,0,0,0.1378,,6.44,246.44,114,0
0.0047381,-0.0050514,0,0,0.1378,,6.46,246.46,114,0
0.0047382,-0.0050508,0,0,0.17254,,6.48,246.48,114,0
0.0047384,-0.0050502,0,0,0.17254,,6.5,246.5,114,0
0.0047385,-0.0050496,0,0,0.17254,,6.52,246.52,114,0
0.0047386,-0.005049,0,0,0.17254,,6.54,246.54,114,0
0.0047387,-0.0050484,0,0,0.17254,,6.56,246.56,114,0
0.0047388,-0.0050478,0,0,0.17254,,6.58,246.58,114,0
0.004739,-0.0050472,0,0,0.17254,,6.6,246.6,114,0
0.0047391,-0.0050466,0,0,0.17254,,6.62,246.62,114,0
0.0047392,-0.005046,0,0,0.17254,,6.64,246.64,114,0
0.0047393,-0.0050454,0,0,0.17254,,6.66,246.66,114,0
0.0047394,-0.0050448,0,0,0.17254,,6.68,246.68,114,0
0.0047396,-0.0050442,0,0,0.17254,,6.7,246.7,114,0
0.0047397,-0.0050435,0,0,0.21613,,6.72,246.72,114,0
0.0047398,-0.0050429,0,0,0.21613,,6.74,246.74,114,0
0.0047399,-0.0050423,0,0,0.21613,,6.76,246.76,114,0
0.00474,-0.0050417,0,0,0.21613,,6.78,246.78,114,0
0.0047402,-0.0050411,0,0,0.21613,,6.8,246.8,114,0
0.0047403,-0.0050405,0,0,0.21613,,6.82,246.82,114,0
0.0047404,-0.0050399,0,0,0.26616,,6.84,246.84,114,0
0.0047405,-0.0050393,0,0,0.26616,,6.86,246.86,114,0
0.0047407,-0.0050387,0,0,0.30004,,6.88,246.88,114,0
0.0047408,-0.0050381,0,0,0.30004,,6.9,246.9,114,0
0.0047409,-0.0050375,0,0,0.30004,,6.92,246.92,114,0
0.0047411,-0.0050369,0,0,0.30004,,6.94,246.94,114,0
0.0047412,-0.0050363,0,0,0.30004,,6.96,246.96,114,0
0.0047413,-0.0050357,0,0,0.30004,,6.98,246.98,114,0
0.0047415,-0.0050351,0,0,0.34643,,7,247,114,0
0.0047416,-0.0050345,0,0,0.34643,,7.02,247.02,114,0
0.0047418,-0.0050339,0,0,0.34643,,7.04,247.04,114,0
0.0047419,-0.0050333,0,0,0.38361,,7.06,247.06,114,0
0.0047421,-0.0050327,0,0,0.38361,,7.08,247.08,114,0
0.0047422,-0.0050321,0,0,0.38361,,7.1,247.1,114,0
0.0047424,-0.0050316,0,0,0.38361,,7.12,247.12,114,0
0.0047425,-0.005031,0,0,0.4237,,7.14,247.14,114,0
0.0047427,-0.0050303,0,0,0.4237,,7.16,247.16,114,0
0.0047428,-0.0050298,0,0,0.47244,,7.18,247.18,114,0
0.004743,-0.0050292,0,0,0.47244,,7.2,247.2,114,0
0.0047432,-0.0050286,0,0,0.47244,,7.22,247.22,114,0
0.0047433,-0.005028,0,0,0.47244,,7.24,247.24,114,0
0.0047435,-0.0050275,0,0,0.49624,,7.26,247.26,114,0
0.0047437,-0.0050269,0,0,0.59834,,7.28,247.28,114,0
0.0047439,-0.0050263,0,0,0.59834,,7.3,247.3,114,0
0.0047441,-0.0050258,0,0,0.64169,,7.32,247.32,114,0
0.0047443,-0.0050253,0,0,0.64169,,7.34,247.34,114,0
0.0047445,-0.0050248,0,0,0.64169,,7.36,247.36,114,0
0.0047446,-0.0050243,0,0,0.64169,,7.38,247.38,114,0
0.0047448,-0.0050237,0,0,0.64169,,7.4,247.4,114,0
0.004745,-0.0050232,0,0,0.74257,,7.42,247.42,114,0
0.0047453,-0.0050227,0,0,0.74257,,7.44,247.44,114,0
0.0047455,-0.0050221,0,0,0.74257,,7.46,247.46,114,0
0.0047457,-0.0050216,0,0,0.74257,,7.48,247.48,114,0
0.0047459,-0.0050211,0,0,0.74257,,7.5,247.5,114,0
0.0047462,-0.0050206,0,0,0.85031,,7.52,247.52,114,0
0.0047465,-0.0050202,0,0,0.85031,,7.54,247.54,114,0
0.0047468,-0.0050198,0,0,0.85031,,7.56,247.56,114,0
0.0047471,-0.0050194,0,0,0.85031,,7.58,247.58,114,0
0.0047474,-0.005019,0,0,0.85031,,7.6,247.6,114,0
0.0047477,-0.0050186,0,0,0.85031,,7.62,247.62,114,0
0.0047482,-0.0050182,0,37.531,0.94481,,7.64,247.64,114,0
0.0047488,-0.0050179,0,37.531,0.94481,,7.66,247.66,114,0
0.0047494,-0.0050176,0,37.531,0.94481,,7.68,247.68,114,0
0.004753,-0.0050174,0,5425.1,0.99873,,7.7,247.7,114,0
0.004763,-0.0050176,0,5425.1,0.99873,,7.72,247.72,114,0
0.0047756,-0.0050184,0,11784,0.99969,,7.74,247.74,114,0
0.0047908,-0.0050199,0,11784,0.99969,,7.76,247.76,114,0
0.0048059,-0.0050214,0,11784,0.99969,,7.78,247.78,114,0
0.0048211,-0.0050229,0,11784,0.99969,,7.8,247.8,114,0
0.0048363,-0.0050244,0,11784,0.99969,,7.82,247.82,114,0
0.0048514,-0.0050258,0,11784,0.99969,,7.84,247.84,114,0
0.0048666,-0.0050273,0,11784,0.99969,,7.86,247.86,114,0
0.0048813,-0.0050287,0,9056.4,0.99969,,7.88,247.88,114,0
0.0048924,-0.0050296,0,9056.4,0.99969,,7.9,247.9,114,0
0.0049035,-0.0050304,0,9056.4,0.99969,,7.92,247.92,114,0
0.0049146,-0.0050313,0,9056.4,0.99969,,7.94,247.94,114,0
0.0049292,-0.0050329,0,48632,0.99998,,7.96,247.96,114,0
0.0049589,-0.0050378,0,48632,0.99998,,7.98,247.98,114,0
0.0049886,-0.0050427,0,48632,0.99998,,8,248,114,0
0.0050191,-0.005048,0,56499,0.99998,,8.02,248.02,114,0
0.0050501,-0.0050536,0,56499,0.99998,,8.04,248.04,114,0
0.0050812,-0.0050592,0,56499,0.99998,,8.06,248.06,114,0
0.0051123,-0.0050648,0,56499,0.99998,,8.08,248.08,114,0
0.0051433,-0.0050705,0,56499,0.99998,,8.1,248.1,114,0
0.0051744,-0.0050761,0,56499,0.99998,,8.12,248.12,114,0
0.0052054,-0.0050817,0,56499,0.99998,,8.14,248.14,114,0
0.0052365,-0.0050873,0,56499,0.99998,,8.16,248.16,114,0
0.0052675,-0.0050929,0,56499,0.99998,,8.18,248.18,114,0
0.0052992,-0.0050998,0,57747,0.99998,,8.2,248.2,114,0
0.0053309,-0.0051069,0,57747,0.99998,,8.22,248.22,114,0
0.0053626,-0.005114,0,57747,0.99998,,8.24,248.24,114,0
0.0053942,-0.0051211,0,57747,0.99998,,8.26,248.26,114,0
0.0054259,-0.0051282,0,57747,0.99998,,8.28,248.28,114,0
0.0054576,-0.0051353,0,57747,0.99998,,8.3,248.3,114,0
0.0054893,-0.0051424,0,57747,0.99998,,8.32,248.32,114,0
0.005521,-0.0051494,0,57747,0.99998,,8.34,248.34,114,0
0.0055524,-0.0051568,0,57499,0.99998,,8.36,248.36,114,0
0.0055834,-0.0051645,0,57499,0.99998,,8.38,248.38,114,0
0.0056144,-0.0051723,0,61728,0.99998,,8.4,248.4,114,0
0.005647,-0.0051822,0,61728,0.99998,,8.42,248.42,114,0
0.0056796,-0.0051922,0,61728,0.99998,,8.44,248.44,114,0
0.0057123,-0.0052022,0,61728,0.99998,,8.46,248.46,114,0
0.0057448,-0.0052121,0,61728,0.99998,,8.48,248.48,114,0
0.0057775,-0.0052221,0,61728,0.99998,,8.5,248.5,114,0
0.0058094,-0.0052319,0,61182,0.99998,,8.52,248.52,114,0
0.0058413,-0.0052417,0,61182,0.99998,,8.54,248.54,114,0
0.0058733,-0.0052515,0,61182,0.99998,,8.56,248.56,114,0
0.0059052,-0.0052613,0,61182,0.99998,,8.58,248.58,114,0
0.0059372,-0.0052711,0,61182,0.99998,,8.6,248.6,114,0
0.0059695,-0.0052816,0,66364,0.99998,,8.62,248.62,114,0
0.0060035,-0.0052953,0,66364,0.99998,,8.64,248.64,114,0
0.0060376,-0.005309,0,66364,0.99998,,8.66,248.66,114,0
0.0060716,-0.0053222,0,62425,0.99998,,8.68,248.68,114,0
0.0061057,-0.0053349,0,62425,0.99998,,8.7,248.7,114,0
0.0061398,-0.0053475,0,62425,0.99998,,8.72,248.72,114,0
0.0061739,-0.0053601,0,62425,0.99998,,8.74,248.74,114,0
0.006208,-0.0053727,0,62425,0.99998,,8.76,248.76,114,0
0.0062421,-0.0053854,0,62425,0.99998,,8.78,248.78,114,0
0.0062762,-0.005398,0,62425,0.99998,,8.8,248.8,114,0
0.0063103,-0.0054106,0,62425,0.99998,,8.82,248.82,114,0
0.0063443,-0.0054233,0,62425,0.99998,,8.84,248.84,114,0
0.0063805,-0.005439,0,69603,0.99999,,8.86,248.86,114,0
0.0064178,-0.0054563,0,69603,0.99999,,8.88,248.88,114,0
0.0064551,-0.0054736,0,69603,0.99999,,8.9,248.9,114,0
0.0064923,-0.0054909,0,69603,0.99999,,8.92,248.92,114,0
0.0065296,-0.0055082,0,69603,0.99999,,8.94,248.94,114,0
0.0065669,-0.0055255,0,69603,0.99999,,8.96,248.96,114,0
0.0066041,-0.0055428,0,69603,0.99999,,8.98,248.98,114,0
0.0066416,-0.0055581,0,61439,0.99998,,9,249,114,0
0.0066792,-0.0055728,0,61439,0.99998,,9.02,249.02,114,0
0.0067167,-0.0055875,0,61439,0.99998,,9.04,249.04,114,0
0.0067543,-0.0056022,0,61439,0.99998,,9.06,249.06,114,0
0.0067918,-0.0056169,0,61439,0.99998,,9.08,249.08,114,0
0.0068339,-0.0056361,0,74464,0.99999,,9.1,249.1,114,0
0.0068761,-0.0056556,0,74464,0.99999,,9.12,249.12,114,0
0.0069184,-0.005675,0,74464,0.99999,,9.14,249.14,114,0
0.0069607,-0.0056945,0,74464,0.99999,,9.16,249.16,114,0
0.007003,-0.0057139,0,74464,0.99999,,9.18,249.18,114,0
0.0070453,-0.0057334,0,74464,0.99999,,9.2,249.2,114,0
0.0070875,-0.0057528,0,74464,0.99999,,9.22,249.22,114,0
0.0071298,-0.0057723,0,74464,0.99999,,9.24,249.24,114,0
0.0071719,-0.0057899,0,60875,0.99999,,9.26,249.26,114,0
0.0072137,-0.0058046,0,60875,0.99999,,9.28,249.28,114,0
0.0072556,-0.0058194,0,60875,0.99999,,9.3,249.3,114,0
0.0072999,-0.0058351,0,75416,0.99999,,9.32,249.32,114,0
0.0073461,-0.0058515,0,75416,0.99999,,9.34,249.34,114,0
0.0073923,-0.0058679,0,75416,0.99999,,9.36,249.36,114,0
0.0074386,-0.0058843,0,75416,0.99999,,9.38,249.38,114,0
0.0074848,-0.0059006,0,75416,0.99999,,9.4,249.4,114,0
0.007531,-0.005917,0,75416,0.99999,,9.42,249.42,114,0
0.0075773,-0.0059335,0,75416,0.99999,,9.44,249.44,114,0
0.0076235,-0.0059499,0,75416,0.99999,,9.46,249.46,114,0
0.0076697,-0.0059662,0,75416,0.99999,,9.48,249.48,114,0
0.0077159,-0.0059824,0,60489,0.99999,,9.5,249.5,114,0
0.0077609,-0.0059944,0,60489,0.99999,,9.52,249.52,114,0
0.0078065,-0.0060062,0,74425,0.99999,,9.54,249.54,114,0
0.0078551,-0.0060172,0,74425,0.99999,,9.56,249.56,114,0
0.0079038,-0.0060282,0,74425,0.99999,,9.58,249.58,114,0
0.0079525,-0.0060392,0,74425,0.99999,,9.6,249.6,114,0
0.0080011,-0.0060502,0,74425,0.99999,,9.62,249.62,114,0
0.0080498,-0.0060612,0,74425,0.99999,,9.64,249.64,114,0
0.0080984,-0.0060722,0,74425,0.99999,,9.66,249.66,114,0
0.0081471,-0.0060832,0,74425,0.99999,,9.68,249.68,114,0
0.0081957,-0.0060942,0,74425,0.99999,,9.7,249.7,114,0
0.0082444,-0.0061052,0,74425,0.99999,,9.72,249.72,114,0
0.0082931,-0.0061162,0,74425,0.99999,,9.74,249.74,114,0
0.0083406,-0.0061243,0,60414,0.99999,,9.76,249.76,114,0
0.0083896,-0.0061296,0,73715,0.99999,,9.78,249.78,114,0
0.0084395,-0.006134,0,73715,0.99999,,9.8,249.8,114,0
0.0084895,-0.0061384,0,73715,0.99999,,9.82,249.82,114,0
0.0085394,-0.0061427,0,73715,0.99999,,9.84,249.84,114,0
0.0085893,-0.0061471,0,73715,0.99999,,9.86,249.86,114,0
0.0086392,-0.0061515,0,73715,0.99999,,9.88,249.88,114,0
0.0086891,-0.0061559,0,73715,0.99999,,9.9,249.9,114,0
0.0087391,-0.0061603,0,73715,0.99999,,9.92,249.92,114,0
0.008789,-0.0061646,0,73715,0.99999,,9.94,249.94,114,0
0.0088389,-0.006169,0,73715,0.99999,,9.96,249.96,114,0
0.0088888,-0.0061734,0,73715,0.99999,,9.98,249.98,114,0
0.0089388,-0.0061778,0,73715,0.99999,,10,250,114,0
0.0089879,-0.006181,0,60623,0.99998,,10.02,250.02,114,0
0.0090377,-0.0061788,0,72951,0.99999,,10.04,250.04,114,0
0.0090877,-0.0061764,0,72951,0.99999,,10.06,250.06,114,0
0.0091377,-0.0061739,0,72951,0.99999,,10.08,250.08,114,0
0.0091876,-0.0061715,0,72951,0.99999,,10.1,250.1,114,0
0.0092376,-0.0061691,0,72951,0.99999,,10.12,250.12,114,0
0.0092875,-0.0061666,0,72951,0.99999,,10.14,250.14,114,0
0.0093375,-0.0061642,0,72951,0.99999,,10.16,250.16,114,0
0.0093875,-0.0061618,0,72951,0.99999,,10.18,250.18,114,0
0.0094374,-0.0061593,0,72951,0.99999,,10.2,250.2,114,0
0.0094874,-0.0061569,0,72951,0.99999,,10.22,250.22,114,0
0.0095374,-0.0061545,0,72951,0.99999,,10.24,250.24,114,0
0.0095857,-0.00615,0,72671,0.99999,,10.26,250.26,114,0
0.0096346,-0.0061412,0,72671,0.99999,,10.28,250.28,114,0
0.0096835,-0.0061325,0,72671,0.99999,,10.3,250.3,114,0
0.0097324,-0.0061237,0,72671,0.99999,,10.32,250.32,114,0
0.0097812,-0.006115,0,72671,0.99999,,10.34,250.34,114,0
0.0098301,-0.0061062,0,72671,0.99999,,10.36,250.36,114,0
0.009879,-0.0060975,0,72671,0.99999,,10.38,250.38,114,0
0.0099279,-0.0060887,0,72671,0.99999,,10.4,250.4,114,0
0.0099768,-0.00608,0,72671,0.99999,,10.42,250.42,114,0
0.010026,-0.0060712,0,72671,0.99999,,10.44,250.44,114,0
0.010075,-0.0060625,0,72671,0.99999,,10.46,250.46,114,0
0.010123,-0.0060537,0,61457,0.99998,,10.48,250.48,114,0
0.010169,-0.0060429,0,71655,0.99998,,10.5,250.5,114,0
0.010215,-0.0060289,0,71655,0.99998,,10.52,250.52,114,0
0.010262,-0.0060149,0,71655,0.99998,,10.54,250.54,114,0
0.010308,-0.0060009,0,71655,0.99998,,10.56,250.56,114,0
0.010355,-0.0059869,0,71655,0.99998,,10.58,250.58,114,0
0.010401,-0.0059729,0,71655,0.99998,,10.6,250.6,114,0
0.010447,-0.0059589,0,71655,0.99998,,10.62,250.62,114,0
0.010494,-0.005945,0,71655,0.99998,,10.64,250.64,114,0
0.01054,-0.005931,0,71655,0.99998,,10.66,250.66,114,0
0.010587,-0.005917,0,71655,0.99998,,10.68,250.68,114,0
0.010633,-0.005903,0,71655,0.99998,,10.7,250.7,114,0
0.010678,-0.00589,0,61448,0.99998,,10.72,250.72,114,0
0.01072,-0.0058757,0,68973,0.99998,,10.74,250.74,114,0
0.010762,-0.0058592,0,68973,0.99998,,10.76,250.76,114,0
0.010804,-0.0058427,0,68973,0.99998,,10.78,250.78,114,0
0.010846,-0.0058262,0,68973,0.99998,,10.8,250.8,114,0
0.010888,-0.0058097,0,68973,0.99998,,10.82,250.82,114,0
0.01093,-0.0057932,0,68973,0.99998,,10.84,250.84,114,0
0.010972,-0.0057767,0,68973,0.99998,,10.86,250.86,114,0
0.011014,-0.0057602,0,68973,0.99998,,10.88,250.88,114,0
0.011057,-0.0057437,0,68973,0.99998,,10.9,250.9,114,0
0.011099,-0.0057272,0,68973,0.99998,,10.92,250.92,114,0
0.011141,-0.0057107,0,68973,0.99998,,10.94,250.94,114,0
0.011183,-0.0056941,0,68973,0.99998,,10.96,250.96,114,0
0.011223,-0.0056796,0,62597,0.99998,,10.98,250.98,114,0
0.011261,-0.0056667,0,62597,0.99998,,11,251,114,0
0.011299,-0.0056513,0,65888,0.99998,,11.02,251.02,114,0
0.011337,-0.0056351,0,65888,0.99998,,11.04,251.04,114,0
0.011374,-0.0056189,0,65888,0.99998,,11.06,251.06,114,0
0.011412,-0.0056027,0,65888,0.99998,,11.08,251.08,114,0
0.011449,-0.0055865,0,65888,0.99998,,11.1,251.1,114,0
0.011487,-0.0055704,0,65888,0.99998,,11.12,251.12,114,0
0.011525,-0.0055542,0,65888,0.99998,,11.14,251.14,114,0
0.011562,-0.005538,0,65888,0.99998,,11.16,251.16,114,0
0.0116,-0.0055218,0,65888,0.99998,,11.18,251.18,114,0
0.011636,-0.0055069,0,61247,0.99998,,11.2,251.2,114,0
0.011671,-0.0054948,0,61247,0.99998,,11.22,251.22,114,0
0.011706,-0.0054827,0,61247,0.99998,,11.24,251.24,114,0
0.011741,-0.0054706,0,61247,0.99998,,11.26,251.26,114,0
0.011776,-0.0054575,0,62482,0.99998,,11.28,251.28,114,0
0.01181,-0.0054436,0,62482,0.99998,,11.3,251.3,114,0
0.011844,-0.0054297,0,62482,0.99998,,11.32,251.32,114,0
0.011878,-0.0054158,0,62482,0.99998,,11.34,251.34,114,0
0.011912,-0.0054019,0,62482,0.99998,,11.36,251.36,114,0
0.011946,-0.005388,0,62482,0.99998,,11.38,251.38,114,0
0.011981,-0.0053741,0,62482,0.99998,,11.4,251.4,114,0
0.012014,-0.0053615,0,60510,0.99998,,11.42,251.42,114,0
0.012046,-0.0053514,0,60510,0.99998,,11.44,251.44,114,0
0.012079,-0.0053414,0,60510,0.99998,,11.46,251.46,114,0
0.012111,-0.0053314,0,60510,0.99998,,11.48,251.48,114,0
0.012143,-0.0053214,0,60510,0.99998,,11.5,251.5,114,0
0.012176,-0.0053113,0,60510,0.99998,,11.52,251.52,114,0
0.012208,-0.0053013,0,59171,0.99998,,11.54,251.54,114,0
0.01224,-0.0052911,0,59171,0.99998,,11.56,251.56,114,0
0.012272,-0.0052809,0,59171,0.99998,,11.58,251.58,114,0
0.012303,-0.0052707,0,59171,0.99998,,11.6,251.6,114,0
0.012335,-0.0052606,0,59171,0.99998,,11.62,251.62,114,0
0.012367,-0.0052513,0,57788,0.99998,,11.64,251.64,114,0
0.012397,-0.0052438,0,57788,0.99998,,11.66,251.66,114,0
0.012428,-0.0052364,0,57788,0.99998,,11.68,251.68,114,0
0.012458,-0.0052289,0,57788,0.99998,,11.7,251.7,114,0
0.012489,-0.0052214,0,57788,0.99998,,11.72,251.72,114,0
0.012519,-0.0052139,0,57788,0.99998,,11.74,251.74,114,0
0.01255,-0.0052064,0,57788,0.99998,,11.76,251.76,114,0
0.01258,-0.0051989,0,57788,0.99998,,11.78,251.78,114,0
0.012611,-0.0051914,0,57788,0.99998,,11.8,251.8,114,0
0.012641,-0.0051845,0,55782,0.99999,,11.82,251.82,114,0
0.012672,-0.0051778,0,55782,0.99999,,11.84,251.84,114,0
0.012702,-0.0051711,0,55782,0.99999,,11.86,251.86,114,0
0.012731,-0.0051655,0,49016,0.99999,,11.88,251.88,114,0
0.012759,-0.00516,0,49016,0.99999,,11.9,251.9,114,0
0.012787,-0.0051545,0,49016,0.99999,,11.92,251.92,114,0
0.012815,-0.005149,0,49016,0.99999,,11.94,251.94,114,0
0.012843,-0.0051435,0,49016,0.99999,,11.96,251.96,114,0
0.012871,-0.005138,0,49016,0.99999,,11.98,251.98,114,0
0.012899,-0.0051325,0,49016,0.99999,,12,252,114,0
0.012927,-0.005127,0,49016,0.99999,,12.02,252.02,114,0
0.012955,-0.0051215,0,49016,0.99999,,12.04,252.04,114,0
0.012983,-0.005116,0,49016,0.99999,,12.06,252.06,114,0
0.013011,-0.0051105,0,49016,0.99999,,12.08,252.08,114,0
0.01303,-0.0051081,0,12126,0.99974,,12.1,252.1,114,0
0.013048,-0.0051069,0,15751,0.9998,,12.12,252.12,114,0
0.013066,-0.0051056,0,15751,0.9998,,12.14,252.14,114,0
0.013083,-0.0051043,0,15751,0.9998,,12.16,252.16,114,0
0.013101,-0.005103,0,15751,0.9998,,12.18,252.18,114,0
0.013119,-0.0051017,0,15751,0.9998,,12.2,252.2,114,0
0.013136,-0.0051004,0,15751,0.9998,,12.22,252.22,114,0
0.013154,-0.0050991,0,15751,0.9998,,12.24,252.24,114,0
0.013172,-0.0050978,0,15751,0.9998,,12.26,252.26,114,0
0.01319,-0.0050965,0,15751,0.9998,,12.28,252.28,114,0
0.013203,-0.0050955,0,1252.8,0.99565,,12.3,252.3,114,0
0.013208,-0.0050955,0,1252.8,0.99565,,12.32,252.32,114,0
0.013213,-0.0050954,0,1252.8,0.99565,,12.34,252.34,114,0
0.013218,-0.0050954,0,1252.8,0.99565,,12.36,252.36,114,0
0.013221,-0.0050955,0,0,0.95287,,12.38,252.38,114,0
0.013221,-0.0050958,0,0,0.95287,,12.4,252.4,114,0
0.013222,-0.0050962,0,0,0.95287,,12.42,252.42,114,0
0.013222,-0.0050965,0,0,0.95287,,12.44,252.44,114,0
0.013223,-0.0050968,0,0,0.95287,,12.46,252.46,114,0
0.013223,-0.0050971,0,0,0.95287,,12.48,252.48,114,0
0.013223,-0.0050975,0,35.645,0.83784,,12.5,252.5,114,0
0.013224,-0.005098,0,35.645,0.83784,,12.52,252.52,114,0
0.013224,-0.0050985,0,35.645,0.83784,,12.54,252.54,114,0
0.013224,-0.005099,0,0,0.74569,,12.56,252.56,114,0
0.013224,-0.0050995,0,0,0.74569,,12.58,252.58,114,0
0.013225,-0.0051,0,0,0.74569,,12.6,252.6,114,0
0.013225,-0.0051005,0,0,0.74569,,12.62,252.62,114,0
0.013225,-0.005101,0,0,0.74569,,12.64,252.64,114,0
0.013225,-0.0051015,0,0,0.74569,,12.66,252.66,114,0
0.013225,-0.005102,0,0,0.64239,,12.68,252.68,114,0
0.013226,-0.0051025,0,0,0.64239,,12.7,252.7,114,0
0.013226,-0.005103,0,0,0.64239,,12.72,252.72,114,0
0.013226,-0.0051036,0,0,0.57694,,12.74,252.74,114,0
0.013226,-0.0051042,0,0,0.57694,,12.76,252.76,114,0
0.013226,-0.0051047,0,0,0.57694,,12.78,252.78,114,0
0.013227,-0.0051053,0,0,0.57694,,12.8,252.8,114,0
0.013227,-0.0051059,0,0,0.49287,,12.82,252.82,114,0
0.013227,-0.0051065,0,0,0.49287,,12.84,252.84,114,0
0.013227,-0.005107,0,0,0.49287,,12.86,252.86,114,0
0.013227,-0.0051076,0,0,0.49287,,12.88,252.88,114,0
0.013228,-0.0051081,0,0,0.49287,,12.9,252.9,114,0
0.013228,-0.0051087,0,0,0.45634,,12.92,252.92,114,0
0.013228,-0.0051093,0,0,0.45634,,12.94,252.94,114,0
0.013228,-0.0051098,0,0,0.40582,,12.96,252.96,114,0
0.013228,-0.0051104,0,0,0.35094,,12.98,252.98,114,0
0.013228,-0.005111,0,0,0.31459,,13,253,114,0
0.013229,-0.0051116,0,0,0.31459,,13.02,253.02,114,0
0.013229,-0.0051122,0,0,0.31459,,13.04,253.04,114,0
0.013229,-0.0051128,0,0,0.31459,,13.06,253.06,114,0
0.013229,-0.0051134,0,0,0.31459,,13.08,253.08,114,0
0.013229,-0.005114,0,0,0.31459,,13.1,253.1,114,0
0.013229,-0.0051146,0,0,0.31459,,13.12,253.12,114,0
0.013229,-0.0051152,0,0,0.31459,,13.14,253.14,114,0
0.01323,-0.0051158,0,0,0.31459,,13.16,253.16,114,0
0.01323,-0.0051164,0,0,0.2478,,13.18,253.18,114,0
0.01323,-0.005117,0,0,0.2478,,13.2,253.2,114,0
0.01323,-0.0051177,0,0,0.2478,,13.22,253.22,114,0
0.01323,-0.0051183,0,0,0.2478,,13.24,253.24,114,0
0.01323,-0.0051189,0,0,0.2478,,13.26,253.26,114,0
0.01323,-0.0051195,0,0,0.20653,,13.28,253.28,114,0
0.013231,-0.0051202,0,0,0.20653,,13.3,253.3,114,0
0.013231,-0.0051208,0,0,0.20653,,13.32,253.32,114,0
0.013231,-0.0051214,0,0,0.20653,,13.34,253.34,114,0
0.013231,-0.005122,0,0,0.20653,,13.36,253.36,114,0
0.013231,-0.0051226,0,0,0.20653,,13.38,253.38,114,0
0.013231,-0.0051232,0,0,0.14796,,13.4,253.4,114,0
0.013231,-0.0051238,0,0,0.14796,,13.42,253.42,114,0
0.013231,-0.0051244,0,0,0.14796,,13.44,253.44,114,0
0.013231,-0.0051251,0,0,0.14796,,13.46,253.46,114,0
0.013232,-0.0051257,0,0,0.14796,,13.48,253.48,114,0
0.013232,-0.0051264,0,0,0.14796,,13.5,253.5,114,0
0.013232,-0.005127,0,0,0.14796,,13.52,253.52,114,0
0.013232,-0.0051276,0,0,0.14796,,13.54,253.54,114,0
0.013232,-0.0051283,0,0,0.14796,,13.56,253.56,114,0
0.013232,-0.0051289,0,0,0.14796,,13.58,253.58,114,0
0.013232,-0.0051296,0,0,0.14796,,13.6,253.6,114,0
0.013232,-0.0051302,0,0,0.14796,,13.62,253.62,114,0
0.013233,-0.0051308,0,0,0.14796,,13.64,253.64,114,0
0.013233,-0.0051315,0,0,0.14796,,13.66,253.66,114,0
0.013233,-0.0051321,0,0,0.14796,,13.68,253.68,114,0
0.013233,-0.0051328,0,0,0.14796,,13.7,253.7,114,0
0.013233,-0.0051334,0,0,0.14796,,13.72,253.72,114,0
0.013233,-0.005134,0,0,0.14796,,13.74,253.74,114,0
0.013233,-0.0051347,0,0,0.1273,,13.76,253.76,114,0
0.013233,-0.0051353,0,0,0.1273,,13.78,253.78,114,0
0.013233,-0.005136,0,0,0.1273,,13.8,253.8,114,0
0.013234,-0.0051366,0,0,0.1273,,13.82,253.82,114,0
0.013234,-0.0051372,0,0,0.1273,,13.84,253.84,114,0
0.013234,-0.0051379,0,0,0.1273,,13.86,253.86,114,0
0.013234,-0.0051385,0,0,0.1273,,13.88,253.88,114,0
0.013234,-0.0051392,0,0,0.075676,,13.9,253.9,114,0
0.013234,-0.0051398,0,0,0.075676,,13.92,253.92,114,0
0.013234,-0.0051405,0,0,0.075676,,13.94,253.94,114,0
0.013234,-0.0051411,0,0,0.049893,,13.96,253.96,114,0
0.013234,-0.0051418,0,0,0.049893,,13.98,253.98,114,0
0.013235,-0.0051424,0,0,0.049893,,14,254,114,0
0.013235,-0.005143,0,0,0.049893,,14.02,254.02,114,0
0.013235,-0.0051436,0,0,0.049893,,14.04,254.04,114,0
0.013235,-0.0051443,0,0,0.049893,,14.06,254.06,114,0
0.013235,-0.0051449,0,0,0.049893,,14.08,254.08,114,0
0.013235,-0.0051455,0,0,0.049893,,14.1,254.1,114,0
0.013235,-0.0051462,0,0,0.049893,,14.12,254.12,114,0
0.013235,-0.0051468,0,0,0.049893,,14.14,254.14,114,0
0.013235,-0.0051474,0,0,0.049893,,14.16,254.16,114,0
0.013236,-0.0051481,0,0,0.049893,,14.18,254.18,114,0
0.013236,-0.0051487,0,0,0.049893,,14.2,254.2,114,0
0.013236,-0.0051493,0,0,0.049893,,14.22,254.22,114,0
0.013236,-0.0051499,0,0,0.049893,,14.24,254.24,114,0
0.013236,-0.0051506,0,0,0.049893,,14.26,254.26,114,0
0.013236,-0.0051512,0,0,0.049893,,14.28,254.28,114,0
0.013236,-0.0051518,0,0,0.049893,,14.3,254.3,114,0
0.013236,-0.0051525,0,0,0.049893,,14.32,254.32,114,0
0.013236,-0.0051531,0,0,0.049893,,14.34,254.34,114,0
0.013236,-0.0051537,0,0,0.049893,,14.36,254.36,114,0
0.013237,-0.0051544,0,0,0.026476,,14.38,254.38,114,0
0.013237,-0.005155,0,0,0.026476,,14.4,254.4,114,0
0.013237,-0.0051557,0,0,0.026476,,14.42,254.42,114,0
0.013237,-0.0051564,0,0,0.026476,,14.44,254.44,114,0
0.013237,-0.005157,0,0,0.026476,,14.46,254.46,114,0
0.013237,-0.0051577,0,0,0.026476,,14.48,254.48,114,0
0.013237,-0.0051583,0,0,0.026476,,14.5,254.5,114,0
0.013237,-0.005159,0,0,0.026476,,14.52,254.52,114,0
0.013237,-0.0051597,0,0,0.026476,,14.54,254.54,114,0
0.013238,-0.0051603,0,0,0.026476,,14.56,254.56,114,0
0.013238,-0.005161,0,0,0.026476,,14.58,254.58,114,0
0.013238,-0.0051617,0,0,0.026476,,14.6,254.6,114,0
0.013238,-0.0051623,0,0,0.026476,,14.62,254.62,114,0
0.013238,-0.005163,0,0,0.026476,,14.64,254.64,114,0
0.013238,-0.0051636,0,0,0.011942,,14.66,254.66,114,0
0.013238,-0.0051643,0,0,0.011942,,14.68,254.68,114,0
0.013238,-0.0051649,0,0,0.011942,,14.7,254.7,114,0
0.013238,-0.0051656,0,0,0.011942,,14.72,254.72,114,0
0.013238,-0.0051662,0,0,0.011942,,14.74,254.74,114,0
0.013239,-0.0051669,0,0,0.011942,,14.76,254.76,114,0
0.013239,-0.0051675,0,0,0.011942,,14.78,254.78,114,0
0.013239,-0.0051682,0,0,0.011942,,14.8,254.8,114,0
0.013239,-0.0051688,0,0,0.011942,,14.82,254.82,114,0
0.013239,-0.0051695,0,0,0.011942,,14.84,254.84,114,0
0.013239,-0.0051701,0,0,0.011942,,14.86,254.86,114,0
0.013239,-0.0051708,0,0,0.011942,,14.88,254.88,114,0
0.013239,-0.0051714,0,0,0.011942,,14.9,254.9,114,0
0.013239,-0.0051721,0,0,0.011942,,14.92,254.92,114,0
0.013239,-0.0051727,0,0,0.011942,,14.94,254.94,114,0
0.013239,-0.0051734,0,0,0.011942,,14.96,254.96,114,0
0.01324,-0.005174,0,0,0.011942,,14.98,254.98,114,0
0.01324,-0.0051747,0,0,0.011942,,15,255,114,0
0.01324,-0.0051753,0,0,0.011942,,15.02,255.02,114,0
0.01324,-0.005176,0,0,0.011942,,15.04,255.04,114,0
0.01324,-0.0051766,0,0,0.011942,,15.06,255.06,114,0
0.01324,-0.0051773,0,0,0.011942,,15.08,255.08,114,0
0.01324,-0.0051779,0,0,0.011942,,15.1,255.1,114,0
0.01324,-0.0051786,0,0,0.011942,,15.12,255.12,114,0
0.01324,-0.0051792,0,0,0.011942,,15.14,255.14,114,0
0.01324,-0.0051799,0,0,0.011942,,15.16,255.16,114,0
0.013241,-0.0051805,0,0,0.011942,,15.18,255.18,114,0
0.013241,-0.0051812,0,0,0.011942,,15.2,255.2,114,0
0.013241,-0.0051818,0,0,0.011942,,15.22,255.22,114,0
0.013241,-0.0051825,0,0,0.011942,,15.24,255.24,114,0
0.013241,-0.0051831,0,0,0.011942,,15.26,255.26,114,0
0.013241,-0.0051838,0,0,0.011942,,15.28,255.28,114,0
0.013241,-0.0051844,0,0,0.011942,,15.3,255.3,114,0
0.013241,-0.0051851,0,0,0.0040122,,15.32,255.32,114,0
0.013241,-0.0051857,0,0,0.0040122,,15.34,255.34,114,0
0.013241,-0.0051864,0,0,0.0040122,,15.36,255.36,114,0
0.013242,-0.0051871,0,0,0.0040122,,15.38,255.38,114,0
0.013242,-0.0051877,0,0,0.0040122,,15.4,255.4,114,0
0.013242,-0.0051884,0,0,0.0040122,,15.42,255.42,114,0
0.013242,-0.0051891,0,0,0.0040122,,15.44,255.44,114,0
0.013242,-0.0051897,0,0,0.0040122,,15.46,255.46,114,0
0.013242,-0.0051904,0,0,0.0040122,,15.48,255.48,114,0
0.013242,-0.0051911,0,0,0.0040122,,15.5,255.5,114,0
0.013242,-0.0051917,0,0,0.0040122,,15.52,255.52,114,0
0.013242,-0.0051924,0,0,0.0040122,,15.54,255.54,114,0
0.013243,-0.0051931,0,0,0.0040122,,15.56,255.56,114,0
0.013243,-0.0051937,0,0,0.0040122,,15.58,255.58,114,0
0.013243,-0.0051944,0,0,0.0040122,,15.6,255.6,114,0
0.013243,-0.0051951,0,0,0.0040122,,15.62,255.62,114,0
0.013243,-0.0051957,0,0,0.0040122,,15.64,255.64,114,0
0.013243,-0.0051964,0,0,0.0040122,,15.66,255.66,114,0
0.013243,-0.0051971,0,0,0.0040122,,15.68,255.68,114,0
0.013243,-0.0051977,0,0,0.0040122,,15.7,255.7,114,0
0.013243,-0.0051984,0,0,0.0040122,,15.72,255.72,114,0
0.013244,-0.0051991,0,0,0.0040122,,15.74,255.74,114,0
0.013244,-0.0051997,0,0,0.0040122,,15.76,255.76,114,0
0.013244,-0.0052004,0,0,0.0040122,,15.78,255.78,114,0
0.013244,-0.0052011,0,0,0.0040122,,15.8,255.8,114,0
0.013244,-0.0052017,0,0,0.0040122,,15.82,255.82,114,0
0.013244,-0.0052024,0,0,0.0040122,,15.84,255.84,114,0
0.013244,-0.0052031,0,0,0.0040122,,15.86,255.86,114,0
0.013244,-0.0052037,0,0,0.0040122,,15.88,255.88,114,0
0.013244,-0.0052044,0,0,0.0040122,,15.9,255.9,114,0
0.013245,-0.0052051,0,0,0.0040122,,15.92,255.92,114,0
0.013245,-0.0052057,0,0,0.0040122,,15.94,255.94,114,0
0.013245,-0.0052064,0,0,0.0040122,,15.96,255.96,114,0
0.013245,-0.0052071,0,0,0.0040122,,15.98,255.98,114,0
0.013245,-0.0052078,0,0,0.0040122,,16,256,114,0
0.013245,-0.0052084,0,0,0.0040122,,16.02,256.02,114,0
0.013245,-0.0052091,0,0,0.0040122,,16.04,256.04,114,0
0.013245,-0.0052098,0,0,0.0040122,,16.06,256.06,114,0
0.013245,-0.0052104,0,0,0.0040122,,16.08,256.08,114,0
0.013246,-0.0052111,0,0,0.0040122,,16.1,256.1,114,0
0.013246,-0.0052118,0,0,0.0040122,,16.12,256.12,114,0
0.013246,-0.0052124,0,0,0.0040122,,16.14,256.14,114,0
0.013246,-0.0052131,0,0,0.0040122,,16.16,256.16,114,0
0.013246,-0.0052137,0,0,0.0014125,,16.18,256.18,114,0
0.013246,-0.0052144,0,0,0.0014125,,16.2,256.2,114,0
0.013246,-0.0052151,0,0,0.0014125,,16.22,256.22,114,0
0.013246,-0.0052157,0,0,0.0014125,,16.24,256.24,114,0
0.013246,-0.0052164,0,0,0.0014125,,16.26,256.26,114,0
0.013246,-0.005217,0,0,0.0014125,,16.28,256.28,114,0
0.013246,-0.0052177,0,0,0.0014125,,16.3,256.3,114,0
0.013247,-0.0052183,0,0,0.0014125,,16.32,256.32,114,0
0.013247,-0.005219,0,0,0.0014125,,16.34,256.34,114,0
0.013247,-0.0052196,0,0,0.0014125,,16.36,256.36,114,0
0.013247,-0.0052203,0,0,0.0014125,,16.38,256.38,114,0
0.013247,-0.0052209,0,0,0.0014125,,16.4,256.4,114,0
0.013247,-0.0052216,0,0,0.0014125,,16.42,256.42,114,0
0.013247,-0.0052222,0,0,0.00036669,,16.44,256.44,114,0
0.013247,-0.0052229,0,0,0.00036669,,16.46,256.46,114,0
0.013247,-0.0052236,0,0,0.00036669,,16.48,256.48,114,0
0.013247,-0.0052242,0,0,0.00036669,,16.5,256.5,114,0
0.013248,-0.0052249,0,0,0.00036669,,16.52,256.52,114,0
0.013248,-0.0052256,0,0,0.00036669,,16.54,256.54,114,0
0.013248,-0.0052263,0,0,0.00036669,,16.56,256.56,114,0
0.013248,-0.0052269,0,0,0.00036669,,16.58,256.58,114,0
0.013248,-0.0052276,0,0,0.00036669,,16.6,256.6,114,0
0.013248,-0.0052283,0,0,0.00036669,,16.62,256.62,114,0
0.013248,-0.0052289,0,0,0.00036669,,16.64,256.64,114,0
0.013248,-0.0052296,0,0,0.00036669,,16.66,256.66,114,0
0.013248,-0.0052303,0,0,0.00036669,,16.68,256.68,114,0
0.013248,-0.005231,0,0,0.00036669,,16.7,256.7,114,0
0.013249,-0.0052316,0,0,0.00026224,,16.72,256.72,114,0
0.013249,-0.0052323,0,0,0.00026224,,16.74,256.74,114,0
0.013249,-0.0052329,0,0,0.00026224,,16.76,256.76,114,0
0.013249,-0.0052336,0,0,0.00026224,,16.78,256.78,114,0
0.013249,-0.0052343,0,0,0.00026224,,16.8,256.8,114,0
0.013249,-0.0052349,0,0,0.00026224,,16.82,256.82,114,0
0.013249,-0.0052356,0,0,0.00026224,,16.84,256.84,114,0
0.013249,-0.0052363,0,0,0.00026224,,16.86,256.86,114,0
0.013249,-0.0052369,0,0,0.00026224,,16.88,256.88,114,0
0.013249,-0.0052376,0,0,0.00026224,,16.9,256.9,114,0
0.01325,-0.0052383,0,0,0.00026224,,16.92,256.92,114,0
0.01325,-0.0052389,0,0,0.00026224,,16.94,256.94,114,0
0.01325,-0.0052396,0,0,0.00026224,,16.96,256.96,114,0
0.01325,-0.0052402,0,0,0.00026224,,16.98,256.98,114,0
0.01325,-0.0052409,0,0,0.00026224,,17,257,114,0
0.01325,-0.0052416,0,0,0.00026224,,17.02,257.02,114,0
0.01325,-0.0052422,0,0,0.00026224,,17.04,257.04,114,0
0.01325,-0.0052429,0,0,0.00026224,,17.06,257.06,114,0
0.01325,-0.0052436,0,0,0.00026224,,17.08,257.08,114,0
0.013251,-0.0052442,0,0,0.00026224,,17.1,257.1,114,0
0.013251,-0.0052449,0,0,0.00026224,,17.12,257.12,114,0
0.013251,-0.0052455,0,0,0.00026224,,17.14,257.14,114,0
0.013251,-0.0052462,0,0,0.00026224,,17.16,257.16,114,0
0.013251,-0.0052469,0,0,0.00026224,,17.18,257.18,114,0
0.013251,-0.0052475,0,0,0.00026224,,17.2,257.2,114,0
0.013251,-0.0052482,0,0,0.00026224,,17.22,257.22,114,0
0.013251,-0.0052489,0,0,0.00026224,,17.24,257.24,114,0
0.013251,-0.0052495,0,0,0.00026224,,17.26,257.26,114,0
0.013251,-0.0052502,0,0,0.00026224,,17.28,257.28,114,0
0.013252,-0.0052509,0,0,0.00026224,,17.3,257.3,114,0
0.013252,-0.0052515,0,0,0.00026224,,17.32,257.32,114,0
0.013252,-0.0052522,0,0,0.00026224,,17.34,257.34,114,0
0.013252,-0.0052528,0,0,0.00026224,,17.36,257.36,114,0
0.013252,-0.0052535,0,0,0.00026224,,17.38,257.38,114,0
0.013252,-0.0052542,0,0,0.00026224,,17.4,257.4,114,0
0.013252,-0.0052548,0,0,0.00026224,,17.42,257.42,114,0
0.013252,-0.0052555,0,0,0.00026224,,17.44,257.44,114,0
0.013252,-0.0052562,0,0,0.00026224,,17.46,257.46,114,0
0.013253,-0.0052568,0,0,0.00026224,,17.48,257.48,114,0
0.013253,-0.0052575,0,0,0.00026224,,17.5,257.5,114,0
0.013253,-0.0052581,0,0,0.00026224,,17.52,257.52,114,0
0.013253,-0.0052588,0,0,5.93E-05,,17.54,257.54,114,0
0.013253,-0.0052595,0,0,5.93E-05,,17.56,257.56,114,0
0.013253,-0.0052601,0,0,5.93E-05,,17.58,257.58,114,0
0.013253,-0.0052608,0,0,5.93E-05,,17.6,257.6,114,0
0.013253,-0.0052615,0,0,5.93E-05,,17.62,257.62,114,0
0.013253,-0.0052621,0,0,5.93E-05,,17.64,257.64,114,0
0.013253,-0.0052628,0,0,5.93E-05,,17.66,257.66,114,0
0.013254,-0.0052635,0,0,5.93E-05,,17.68,257.68,114,0
0.013254,-0.0052641,0,0,5.93E-05,,17.7,257.7,114,0
0.013254,-0.0052648,0,0,5.93E-05,,17.72,257.72,114,0
0.013254,-0.0052655,0,0,5.93E-05,,17.74,257.74,114,0
0.013254,-0.0052661,0,0,5.93E-05,,17.76,257.76,114,0
0.013254,-0.0052668,0,0,5.93E-05,,17.78,257.78,114,0
0.013254,-0.0052675,0,0,5.93E-05,,17.8,257.8,114,0
0.013254,-0.0052681,0,0,5.93E-05,,17.82,257.82,114,0
0.013254,-0.0052688,0,0,5.93E-05,,17.84,257.84,114,0
0.013254,-0.0052695,0,0,5.93E-05,,17.86,257.86,114,0
0.013255,-0.0052701,0,0,5.93E-05,,17.88,257.88,114,0
0.013255,-0.0052708,0,0,5.93E-05,,17.9,257.9,114,0
0.013255,-0.0052715,0,0,5.93E-05,,17.92,257.92,114,0
0.013255,-0.0052721,0,0,5.93E-05,,17.94,257.94,114,0
0.013255,-0.0052728,0,0,5.93E-05,,17.96,257.96,114,0
0.013255,-0.0052735,0,0,5.93E-05,,17.98,257.98,114,0
0.013255,-0.0052741,0,0,5.93E-05,,18,258,114,0
0.013255,-0.0052748,0,0,2.40E-05,,18.02,258.02,114,0
0.013255,-0.0052755,0,0,2.40E-05,,18.04,258.04,114,0
0.013256,-0.0052761,0,0,2.40E-05,,18.06,258.06,114,0
0.013256,-0.0052768,0,0,2.40E-05,,18.08,258.08,114,0
0.013256,-0.0052775,0,0,2.40E-05,,18.1,258.1,114,0
0.013256,-0.0052781,0,0,2.40E-05,,18.12,258.12,114,0
0.013256,-0.0052788,0,0,2.40E-05,,18.14,258.14,114,0
0.013256,-0.0052795,0,0,2.40E-05,,18.16,258.16,114,0
0.013256,-0.0052801,0,0,2.40E-05,,18.18,258.18,114,0
0.013256,-0.0052808,0,0,2.40E-05,,18.2,258.2,114,0
0.013256,-0.0052815,0,0,2.40E-05,,18.22,258.22,114,0
0.013257,-0.0052821,0,0,2.40E-05,,18.24,258.24,114,0
0.013257,-0.0052828,0,0,2.40E-05,,18.26,258.26,114,0
0.013257,-0.0052835,0,0,2.40E-05,,18.28,258.28,114,0
0.013257,-0.0052841,0,0,2.40E-05,,18.3,258.3,114,0
0.013257,-0.0052848,0,0,2.40E-05,,18.32,258.32,114,0
0.013257,-0.0052855,0,0,2.40E-05,,18.34,258.34,114,0
0.013257,-0.0052861,0,0,2.40E-05,,18.36,258.36,114,0
0.013257,-0.0052868,0,0,2.40E-05,,18.38,258.38,114,0
0.013257,-0.0052875,0,0,2.40E-05,,18.4,258.4,114,0
0.013258,-0.0052881,0,0,2.40E-05,,18.42,258.42,114,0
0.013258,-0.0052888,0,0,2.40E-05,,18.44,258.44,114,0
0.013258,-0.0052895,0,0,2.40E-05,,18.46,258.46,114,0
0.013258,-0.0052901,0,0,2.40E-05,,18.48,258.48,114,0
0.013258,-0.0052908,0,0,2.40E-05,,18.5,258.5,114,0
0.013258,-0.0052915,0,0,2.40E-05,,18.52,258.52,114,0
0.013258,-0.0052921,0,0,2.40E-05,,18.54,258.54,114,0
0.013258,-0.0052928,0,0,2.40E-05,,18.56,258.56,114,0
0.013258,-0.0052935,0,0,2.40E-05,,18.58,258.58,114,0
0.013259,-0.0052942,0,0,2.40E-05,,18.6,258.6,114,0
0.013259,-0.0052948,0,0,2.40E-05,,18.62,258.62,114,0
0.013259,-0.0052955,0,0,2.40E-05,,18.64,258.64,114,0
0.013259,-0.0052962,0,0,2.40E-05,,18.66,258.66,114,0
0.013259,-0.0052968,0,0,2.40E-05,,18.68,258.68,114,0
0.013259,-0.0052975,0,0,7.40E-06,,18.7,258.7,114,0
0.013259,-0.0052982,0,0,7.40E-06,,18.72,258.72,114,0
0.013259,-0.0052988,0,0,7.40E-06,,18.74,258.74,114,0
0.013259,-0.0052995,0,0,7.40E-06,,18.76,258.76,114,0
0.013259,-0.0053001,0,0,7.40E-06,,18.78,258.78,114,0
0.01326,-0.0053008,0,0,7.40E-06,,18.8,258.8,114,0
0.01326,-0.0053015,0,0,7.40E-06,,18.82,258.82,114,0
0.01326,-0.0053021,0,0,7.40E-06,,18.84,258.84,114,0
0.01326,-0.0053028,0,0,7.40E-06,,18.86,258.86,114,0
0.01326,-0.0053034,0,0,7.40E-06,,18.88,258.88,114,0
0.01326,-0.0053041,0,0,7.40E-06,,18.9,258.9,114,0
0.01326,-0.0053048,0,0,7.40E-06,,18.92,258.92,114,0
0.01326,-0.0053054,0,0,7.40E-06,,18.94,258.94,114,0
0.01326,-0.0053061,0,0,7.40E-06,,18.96,258.96,114,0
0.01326,-0.0053068,0,0,7.40E-06,,18.98,258.98,114,0
0.013261,-0.0053074,0,0,7.40E-06,,19,259,114,0
0.013261,-0.0053081,0,0,7.40E-06,,19.02,259.02,114,0
0.013261,-0.0053087,0,0,7.40E-06,,19.04,259.04,114,0
0.013261,-0.0053094,0,0,7.40E-06,,19.06,259.06,114,0
0.013261,-0.0053101,0,0,7.40E-06,,19.08,259.08,114,0
0.013261,-0.0053107,0,0,7.40E-06,,19.1,259.1,114,0
0.013261,-0.0053114,0,0,7.40E-06,,19.12,259.12,114,0
0.013261,-0.0053121,0,0,7.40E-06,,19.14,259.14,114,0
0.013261,-0.0053127,0,0,7.40E-06,,19.16,259.16,114,0
0.013262,-0.0053134,0,0,7.40E-06,,19.18,259.18,114,0
0.013262,-0.005314,0,0,7.40E-06,,19.2,259.2,114,0
0.013262,-0.0053147,0,0,2.26E-06,,19.22,259.22,114,0
0.013262,-0.0053154,0,0,2.26E-06,,19.24,259.24,114,0
0.013262,-0.005316,0,0,2.26E-06,,19.26,259.26,114,0
0.013262,-0.0053167,0,0,2.26E-06,,19.28,259.28,114,0
0.013262,-0.0053174,0,0,2.26E-06,,19.3,259.3,114,0
0.013262,-0.005318,0,0,2.26E-06,,19.32,259.32,114,0
0.013262,-0.0053187,0,0,2.26E-06,,19.34,259.34,114,0
0.013262,-0.0053193,0,0,2.26E-06,,19.36,259.36,114,0
0.013263,-0.00532,0,0,2.26E-06,,19.38,259.38,114,0
0.013263,-0.0053207,0,0,2.26E-06,,19.4,259.4,114,0
0.013263,-0.0053213,0,0,2.26E-06,,19.42,259.42,114,0
0.013263,-0.005322,0,0,2.26E-06,,19.44,259.44,114,0
0.013263,-0.0053227,0,0,2.26E-06,,19.46,259.46,114,0
0.013263,-0.0053233,0,0,2.26E-06,,19.48,259.48,114,0
0.013263,-0.005324,0,0,2.26E-06,,19.5,259.5,114,0
0.013263,-0.0053246,0,0,2.26E-06,,19.52,259.52,114,0
0.013263,-0.0053253,0,0,2.26E-06,,19.54,259.54,114,0
0.013264,-0.005326,0,0,2.26E-06,,19.56,259.56,114,0
0.013264,-0.0053266,0,0,2.26E-06,,19.58,259.58,114,0
0.013264,-0.0053273,0,0,2.26E-06,,19.6,259.6,114,0
0.013264,-0.005328,0,0,2.26E-06,,19.62,259.62,114,0
0.013264,-0.0053286,0,0,2.26E-06,,19.64,259.64,114,0
0.013264,-0.0053293,0,0,2.26E-06,,19.66,259.66,114,0
0.013264,-0.0053299,0,0,2.26E-06,,19.68,259.68,114,0
0.013264,-0.0053306,0,0,2.26E-06,,19.7,259.7,114,0
0.013264,-0.0053313,0,0,2.26E-06,,19.72,259.72,114,0
0.013265,-0.0053319,0,0,2.26E-06,,19.74,259.74,114,0
0.013265,-0.0053326,0,0,2.26E-06,,19.76,259.76,114,0
0.013265,-0.0053333,0,0,2.26E-06,,19.78,259.78,114,0
0.013265,-0.0053339,0,0,2.26E-06,,19.8,259.8,114,0
0.013265,-0.0053346,0,0,2.26E-06,,19.82,259.82,114,0
0.013265,-0.0053353,0,0,2.26E-06,,19.84,259.84,114,0
0.013265,-0.0053359,0,0,2.26E-06,,19.86,259.86,114,0
0.013265,-0.0053366,0,0,2.26E-06,,19.88,259.88,114,0
0.013265,-0.0053372,0,0,2.26E-06,,19.9,259.9,114,0
0.013266,-0.0053379,0,0,2.26E-06,,19.92,259.92,114,0
0.013266,-0.0053386,0,0,2.26E-06,,19.94,259.94,114,0
0.013266,-0.0053392,0,0,2.26E-06,,19.96,259.96,114,0
0.013266,-0.0053399,0,0,2.26E-06,,19.98,259.98,114,0
0.013266,-0.0053406,0,0,2.26E-06,,20,260,114,0
