damageT,displacement:0,displacement:1,displacement:2,energy,vtkValidPointMask,arc_length,Points:0,Points:1,Points:2
1.07E-22,2.88E-05,-1.42E-05,0,0,,0,220,90,0
1.06E-22,2.88E-05,-1.42E-05,0,0,,0.059998,220.06,90,0
1.04E-22,2.89E-05,-1.42E-05,0,0,,0.12,220.12,90,0
1.03E-22,2.89E-05,-1.42E-05,0,0,,0.17999,220.18,90,0
1.01E-22,2.89E-05,-1.42E-05,0,0,,0.24001,220.24,90,0
9.95E-23,2.89E-05,-1.42E-05,0,0,,0.3,220.3,90,0
9.80E-23,2.89E-05,-1.42E-05,0,0,,0.36,220.36,90,0
9.58E-23,2.89E-05,-1.42E-05,0,0,,0.42,220.42,90,0
9.10E-23,2.89E-05,-1.42E-05,0,0,,0.48,220.48,90,0
8.63E-23,2.89E-05,-1.42E-05,0,0,,0.53999,220.54,90,0
8.15E-23,2.89E-05,-1.42E-05,0,0,,0.60001,220.6,90,0
7.67E-23,2.89E-05,-1.42E-05,0,0,,0.66,220.66,90,0
7.19E-23,2.89E-05,-1.43E-05,0,0,,0.72,220.72,90,0
6.72E-23,2.90E-05,-1.43E-05,0,0,,0.78,220.78,90,0
6.24E-23,2.90E-05,-1.43E-05,0,0,,0.84,220.84,90,0
5.76E-23,2.90E-05,-1.43E-05,0,0,,0.89999,220.9,90,0
5.28E-23,2.90E-05,-1.43E-05,0,0,,0.96001,220.96,90,0
4.81E-23,2.90E-05,-1.43E-05,0,0,,1.02,221.02,90,0
4.33E-23,2.90E-05,-1.43E-05,0,0,,1.08,221.08,90,0
3.85E-23,2.90E-05,-1.43E-05,0,0,,1.14,221.14,90,0
3.37E-23,2.90E-05,-1.43E-05,0,0,,1.2,221.2,90,0
2.90E-23,2.90E-05,-1.43E-05,0,0,,1.26,221.26,90,0
2.42E-23,2.90E-05,-1.43E-05,0,0,,1.32,221.32,90,0
1.94E-23,2.90E-05,-1.43E-05,0,0,,1.38,221.38,90,0
1.46E-23,2.91E-05,-1.43E-05,0,0,,1.44,221.44,90,0
9.86E-24,2.91E-05,-1.43E-05,0,0,,1.5,221.5,90,0
5.08E-24,2.91E-05,-1.43E-05,0,0,,1.56,221.56,90,0
3.05E-25,2.91E-05,-1.43E-05,0,0,,1.62,221.62,90,0
5.53E-23,2.91E-05,-1.44E-05,0,0,,1.68,221.68,90,0
1.14E-22,2.91E-05,-1.44E-05,0,0,,1.74,221.74,90,0
1.73E-22,2.91E-05,-1.44E-05,0,0,,1.8,221.8,90,0
2.33E-22,2.91E-05,-1.44E-05,0,0,,1.86,221.86,90,0
2.92E-22,2.91E-05,-1.44E-05,0,0,,1.92,221.92,90,0
3.51E-22,2.91E-05,-1.44E-05,0,0,,1.98,221.98,90,0
4.10E-22,2.91E-05,-1.44E-05,0,0,,2.04,222.04,90,0
4.69E-22,2.92E-05,-1.44E-05,0,0,,2.1,222.1,90,0
5.28E-22,2.92E-05,-1.44E-05,0,0,,2.16,222.16,90,0
5.87E-22,2.92E-05,-1.44E-05,0,0,,2.22,222.22,90,0
6.46E-22,2.92E-05,-1.44E-05,0,0,,2.28,222.28,90,0
7.05E-22,2.92E-05,-1.44E-05,0,0,,2.34,222.34,90,0
7.64E-22,2.92E-05,-1.44E-05,0,0,,2.4,222.4,90,0
8.23E-22,2.92E-05,-1.44E-05,0,0,,2.46,222.46,90,0
8.82E-22,2.92E-05,-1.44E-05,0,0,,2.52,222.52,90,0
9.41E-22,2.92E-05,-1.44E-05,0,0,,2.58,222.58,90,0
1.00E-21,2.92E-05,-1.45E-05,0,0,,2.64,222.64,90,0
1.06E-21,2.93E-05,-1.45E-05,0,0,,2.7,222.7,90,0
1.12E-21,2.93E-05,-1.45E-05,0,0,,2.76,222.76,90,0
1.18E-21,2.93E-05,-1.45E-05,0,0,,2.82,222.82,90,0
1.24E-21,2.93E-05,-1.45E-05,0,0,,2.88,222.88,90,0
1.30E-21,2.93E-05,-1.45E-05,0,0,,2.94,222.94,90,0
1.35E-21,2.93E-05,-1.45E-05,0,0,,3,223,90,0
1.41E-21,2.93E-05,-1.45E-05,0,0,,3.06,223.06,90,0
1.47E-21,2.93E-05,-1.45E-05,0,0,,3.12,223.12,90,0
1.53E-21,2.93E-05,-1.45E-05,0,0,,3.18,223.18,90,0
1.59E-21,2.93E-05,-1.45E-05,0,0,,3.24,223.24,90,0
1.65E-21,2.93E-05,-1.45E-05,0,0,,3.3,223.3,90,0
1.71E-21,2.94E-05,-1.45E-05,0,0,,3.36,223.36,90,0
1.73E-21,2.94E-05,-1.45E-05,0,0,,3.42,223.42,90,0
1.74E-21,2.94E-05,-1.45E-05,0,0,,3.48,223.48,90,0
1.74E-21,2.94E-05,-1.45E-05,0,0,,3.54,223.54,90,0
1.75E-21,2.94E-05,-1.46E-05,0,0,,3.6,223.6,90,0
1.75E-21,2.94E-05,-1.46E-05,0,0,,3.66,223.66,90,0
1.76E-21,2.94E-05,-1.46E-05,0,0,,3.72,223.72,90,0
1.76E-21,2.94E-05,-1.46E-05,0,0,,3.78,223.78,90,0
1.77E-21,2.94E-05,-1.46E-05,0,0,,3.84,223.84,90,0
1.77E-21,2.94E-05,-1.46E-05,0,0,,3.9,223.9,90,0
1.78E-21,2.95E-05,-1.46E-05,0,0,,3.96,223.96,90,0
1.78E-21,2.95E-05,-1.46E-05,0,0,,4.02,224.02,90,0
1.79E-21,2.95E-05,-1.46E-05,0,0,,4.08,224.08,90,0
1.79E-21,2.95E-05,-1.46E-05,0,0,,4.14,224.14,90,0
1.80E-21,2.95E-05,-1.46E-05,0,0,,4.2,224.2,90,0
2.14E-21,2.95E-05,-1.46E-05,0,0,,4.26,224.26,90,0
2.91E-21,2.95E-05,-1.46E-05,0,0,,4.32,224.32,90,0
3.68E-21,2.95E-05,-1.46E-05,0,0,,4.38,224.38,90,0
4.45E-21,2.95E-05,-1.46E-05,0,0,,4.44,224.44,90,0
5.22E-21,2.95E-05,-1.47E-05,0,0,,4.5,224.5,90,0
5.99E-21,2.96E-05,-1.47E-05,0,0,,4.56,224.56,90,0
6.76E-21,2.96E-05,-1.47E-05,0,0,,4.62,224.62,90,0
7.52E-21,2.96E-05,-1.47E-05,0,0,,4.68,224.68,90,0
8.29E-21,2.96E-05,-1.47E-05,0,0,,4.74,224.74,90,0
9.06E-21,2.96E-05,-1.47E-05,0,0,,4.8,224.8,90,0
9.83E-21,2.96E-05,-1.47E-05,0,0,,4.86,224.86,90,0
1.06E-20,2.96E-05,-1.47E-05,0,0,,4.92,224.92,90,0
1.14E-20,2.96E-05,-1.47E-05,0,0,,4.98,224.98,90,0
1.21E-20,2.96E-05,-1.47E-05,0,0,,5.04,225.04,90,0
1.29E-20,2.96E-05,-1.47E-05,0,0,,5.1,225.1,90,0
1.37E-20,2.97E-05,-1.47E-05,0,0,,5.16,225.16,90,0
1.44E-20,2.97E-05,-1.47E-05,0,0,,5.22,225.22,90,0
1.52E-20,2.97E-05,-1.47E-05,0,0,,5.28,225.28,90,0
1.60E-20,2.97E-05,-1.47E-05,0,0,,5.34,225.34,90,0
1.67E-20,2.97E-05,-1.47E-05,0,0,,5.4,225.4,90,0
1.74E-20,2.97E-05,-1.48E-05,0,0,,5.46,225.46,90,0
1.76E-20,2.97E-05,-1.48E-05,0,0,,5.52,225.52,90,0
1.79E-20,2.97E-05,-1.48E-05,0,0,,5.58,225.58,90,0
1.81E-20,2.97E-05,-1.48E-05,0,0,,5.64,225.64,90,0
1.84E-20,2.97E-05,-1.48E-05,0,0,,5.7,225.7,90,0
1.86E-20,2.97E-05,-1.48E-05,0,0,,5.76,225.76,90,0
1.89E-20,2.98E-05,-1.48E-05,0,0,,5.82,225.82,90,0
1.91E-20,2.98E-05,-1.48E-05,0,0,,5.88,225.88,90,0
1.93E-20,2.98E-05,-1.48E-05,0,0,,5.94,225.94,90,0
1.96E-20,2.98E-05,-1.48E-05,0,0,,6,226,90,0
1.98E-20,2.98E-05,-1.48E-05,0,0,,6.06,226.06,90,0
2.01E-20,2.98E-05,-1.48E-05,0,0,,6.12,226.12,90,0
2.03E-20,2.98E-05,-1.48E-05,0,0,,6.18,226.18,90,0
3.35E-20,2.98E-05,-1.48E-05,0,0,,6.24,226.24,90,0
1.70E-19,2.98E-05,-1.48E-05,0,0,,6.3,226.3,90,0
3.07E-19,2.98E-05,-1.49E-05,0,0,,6.36,226.36,90,0
4.44E-19,2.99E-05,-1.49E-05,0,0,,6.42,226.42,90,0
5.81E-19,2.99E-05,-1.49E-05,0,0,,6.48,226.48,90,0
7.18E-19,2.99E-05,-1.49E-05,0,0,,6.54,226.54,90,0
8.55E-19,2.99E-05,-1.49E-05,0,0,,6.6,226.6,90,0
9.92E-19,2.99E-05,-1.49E-05,0,0,,6.66,226.66,90,0
1.13E-18,2.99E-05,-1.49E-05,0,0,,6.72,226.72,90,0
1.27E-18,2.99E-05,-1.49E-05,0,0,,6.78,226.78,90,0
1.40E-18,2.99E-05,-1.49E-05,0,0,,6.84,226.84,90,0
1.54E-18,2.99E-05,-1.49E-05,0,0,,6.9,226.9,90,0
1.68E-18,2.99E-05,-1.49E-05,0,0,,6.96,226.96,90,0
1.81E-18,3.00E-05,-1.49E-05,0,0,,7.02,227.02,90,0
1.95E-18,3.00E-05,-1.49E-05,0,0,,7.08,227.08,90,0
2.09E-18,3.00E-05,-1.49E-05,0,0,,7.14,227.14,90,0
2.22E-18,3.00E-05,-1.49E-05,0,0,,7.2,227.2,90,0
2.36E-18,3.00E-05,-1.50E-05,0,0,,7.26,227.26,90,0
2.50E-18,3.00E-05,-1.50E-05,0,0,,7.32,227.32,90,0
2.63E-18,3.00E-05,-1.50E-05,0,0,,7.38,227.38,90,0
2.76E-18,3.00E-05,-1.50E-05,0,0,,7.44,227.44,90,0
2.89E-18,3.00E-05,-1.50E-05,0,0,,7.5,227.5,90,0
3.01E-18,3.00E-05,-1.50E-05,0,0,,7.56,227.56,90,0
3.14E-18,3.00E-05,-1.50E-05,0,0,,7.62,227.62,90,0
3.27E-18,3.01E-05,-1.50E-05,0,0,,7.68,227.68,90,0
3.39E-18,3.01E-05,-1.50E-05,0,0,,7.74,227.74,90,0
3.53E-18,3.01E-05,-1.50E-05,0,0,,7.8,227.8,90,0
5.78E-18,3.01E-05,-1.50E-05,0,0,,7.86,227.86,90,0
8.03E-18,3.01E-05,-1.50E-05,0,0,,7.92,227.92,90,0
1.03E-17,3.01E-05,-1.50E-05,0,0,,7.98,227.98,90,0
1.26E-17,3.01E-05,-1.50E-05,0,0,,8.04,228.04,90,0
1.51E-17,3.01E-05,-1.50E-05,0,0,,8.1,228.1,90,0
1.76E-17,3.01E-05,-1.51E-05,0,0,,8.16,228.16,90,0
2.00E-17,3.01E-05,-1.51E-05,0,0,,8.22,228.22,90,0
2.25E-17,3.02E-05,-1.51E-05,0,0,,8.28,228.28,90,0
2.50E-17,3.02E-05,-1.51E-05,0,0,,8.34,228.34,90,0
2.75E-17,3.02E-05,-1.51E-05,0,0,,8.4,228.4,90,0
3.00E-17,3.02E-05,-1.51E-05,0,0,,8.46,228.46,90,0
3.25E-17,3.02E-05,-1.51E-05,0,0,,8.52,228.52,90,0
3.50E-17,3.02E-05,-1.51E-05,0,0,,8.58,228.58,90,0
3.75E-17,3.02E-05,-1.51E-05,0,0,,8.64,228.64,90,0
3.99E-17,3.02E-05,-1.51E-05,0,0,,8.7,228.7,90,0
4.24E-17,3.02E-05,-1.51E-05,0,0,,8.76,228.76,90,0
4.49E-17,3.02E-05,-1.51E-05,0,0,,8.82,228.82,90,0
4.74E-17,3.03E-05,-1.51E-05,0,0,,8.88,228.88,90,0
4.99E-17,3.03E-05,-1.51E-05,0,0,,8.94,228.94,90,0
5.24E-17,3.03E-05,-1.51E-05,0,0,,9,229,90,0
5.49E-17,3.03E-05,-1.51E-05,0,0,,9.06,229.06,90,0
6.73E-17,3.03E-05,-1.52E-05,0,0,,9.12,229.12,90,0
8.32E-17,3.03E-05,-1.52E-05,0,0,,9.18,229.18,90,0
9.91E-17,3.03E-05,-1.52E-05,0,0,,9.24,229.24,90,0
1.15E-16,3.03E-05,-1.52E-05,0,0,,9.3,229.3,90,0
1.31E-16,3.03E-05,-1.52E-05,0,0,,9.36,229.36,90,0
1.47E-16,3.03E-05,-1.52E-05,0,0,,9.42,229.42,90,0
1.63E-16,3.04E-05,-1.52E-05,0,0,,9.48,229.48,90,0
1.79E-16,3.04E-05,-1.52E-05,0,0,,9.54,229.54,90,0
1.94E-16,3.04E-05,-1.52E-05,0,0,,9.6,229.6,90,0
2.10E-16,3.04E-05,-1.52E-05,0,0,,9.66,229.66,90,0
2.26E-16,3.04E-05,-1.52E-05,0,0,,9.72,229.72,90,0
2.42E-16,3.04E-05,-1.52E-05,0,0,,9.78,229.78,90,0
2.58E-16,3.04E-05,-1.52E-05,0,0,,9.84,229.84,90,0
2.74E-16,3.04E-05,-1.52E-05,0,0,,9.9,229.9,90,0
2.90E-16,3.04E-05,-1.52E-05,0,0,,9.96,229.96,90,0
3.25E-16,3.04E-05,-1.53E-05,0,0,,10.02,230.02,90,0
4.00E-16,3.04E-05,-1.53E-05,0,0,,10.08,230.08,90,0
4.75E-16,3.05E-05,-1.53E-05,0,0,,10.14,230.14,90,0
5.51E-16,3.05E-05,-1.53E-05,0,0,,10.2,230.2,90,0
6.26E-16,3.05E-05,-1.53E-05,0,0,,10.26,230.26,90,0
7.01E-16,3.05E-05,-1.53E-05,0,0,,10.32,230.32,90,0
7.76E-16,3.05E-05,-1.53E-05,0,0,,10.38,230.38,90,0
8.51E-16,3.05E-05,-1.53E-05,0,0,,10.44,230.44,90,0
9.26E-16,3.05E-05,-1.53E-05,0,0,,10.5,230.5,90,0
1.00E-15,3.05E-05,-1.53E-05,0,0,,10.56,230.56,90,0
1.08E-15,3.05E-05,-1.53E-05,0,0,,10.62,230.62,90,0
1.15E-15,3.05E-05,-1.53E-05,0,0,,10.68,230.68,90,0
1.23E-15,3.06E-05,-1.53E-05,0,0,,10.74,230.74,90,0
1.30E-15,3.06E-05,-1.53E-05,0,0,,10.8,230.8,90,0
1.38E-15,3.06E-05,-1.53E-05,0,0,,10.86,230.86,90,0
1.71E-15,3.06E-05,-1.54E-05,0,0,,10.92,230.92,90,0
2.05E-15,3.06E-05,-1.54E-05,0,0,,10.98,230.98,90,0
2.40E-15,3.06E-05,-1.54E-05,0,0,,11.04,231.04,90,0
2.74E-15,3.06E-05,-1.54E-05,0,0,,11.1,231.1,90,0
3.08E-15,3.06E-05,-1.54E-05,0,0,,11.16,231.16,90,0
3.43E-15,3.06E-05,-1.54E-05,0,0,,11.22,231.22,90,0
3.77E-15,3.06E-05,-1.54E-05,0,0,,11.28,231.28,90,0
4.11E-15,3.07E-05,-1.54E-05,0,0,,11.34,231.34,90,0
4.46E-15,3.07E-05,-1.54E-05,0,0,,11.4,231.4,90,0
4.80E-15,3.07E-05,-1.54E-05,0,0,,11.46,231.46,90,0
5.14E-15,3.07E-05,-1.54E-05,0,0,,11.52,231.52,90,0
5.49E-15,3.07E-05,-1.54E-05,0,0,,11.58,231.58,90,0
5.83E-15,3.07E-05,-1.54E-05,0,0,,11.64,231.64,90,0
6.17E-15,3.07E-05,-1.54E-05,0,0,,11.7,231.7,90,0
7.16E-15,3.07E-05,-1.54E-05,0,0,,11.76,231.76,90,0
8.75E-15,3.07E-05,-1.55E-05,0,0,,11.82,231.82,90,0
1.03E-14,3.07E-05,-1.55E-05,0,0,,11.88,231.88,90,0
1.19E-14,3.08E-05,-1.55E-05,0,0,,11.94,231.94,90,0
1.35E-14,3.08E-05,-1.55E-05,0,0,,12,232,90,0
1.51E-14,3.08E-05,-1.55E-05,0,0,,12.06,232.06,90,0
1.67E-14,3.08E-05,-1.55E-05,0,0,,12.12,232.12,90,0
1.83E-14,3.08E-05,-1.55E-05,0,0,,12.18,232.18,90,0
1.99E-14,3.08E-05,-1.55E-05,0,0,,12.24,232.24,90,0
2.15E-14,3.08E-05,-1.55E-05,0,0,,12.3,232.3,90,0
2.31E-14,3.08E-05,-1.55E-05,0,0,,12.36,232.36,90,0
2.47E-14,3.08E-05,-1.55E-05,0,0,,12.42,232.42,90,0
2.63E-14,3.08E-05,-1.55E-05,0,0,,12.48,232.48,90,0
2.79E-14,3.08E-05,-1.55E-05,0,0,,12.54,232.54,90,0
2.95E-14,3.09E-05,-1.55E-05,0,0,,12.6,232.6,90,0
3.69E-14,3.09E-05,-1.55E-05,0,0,,12.66,232.66,90,0
4.43E-14,3.09E-05,-1.56E-05,0,0,,12.72,232.72,90,0
5.17E-14,3.09E-05,-1.56E-05,0,0,,12.78,232.78,90,0
5.91E-14,3.09E-05,-1.56E-05,0,0,,12.84,232.84,90,0
6.65E-14,3.09E-05,-1.56E-05,0,0,,12.9,232.9,90,0
7.39E-14,3.09E-05,-1.56E-05,0,0,,12.96,232.96,90,0
8.13E-14,3.09E-05,-1.56E-05,0,0,,13.02,233.02,90,0
8.87E-14,3.09E-05,-1.56E-05,0,0,,13.08,233.08,90,0
9.61E-14,3.09E-05,-1.56E-05,0,0,,13.14,233.14,90,0
1.03E-13,3.10E-05,-1.56E-05,0,0,,13.2,233.2,90,0
1.11E-13,3.10E-05,-1.56E-05,0,0,,13.26,233.26,90,0
1.18E-13,3.10E-05,-1.56E-05,0,0,,13.32,233.32,90,0
1.26E-13,3.10E-05,-1.56E-05,0,0,,13.38,233.38,90,0
1.33E-13,3.10E-05,-1.56E-05,0,0,,13.44,233.44,90,0
1.56E-13,3.10E-05,-1.56E-05,0,0,,13.5,233.5,90,0
1.90E-13,3.10E-05,-1.57E-05,0,0,,13.56,233.56,90,0
2.24E-13,3.10E-05,-1.57E-05,0,0,,13.62,233.62,90,0
2.58E-13,3.10E-05,-1.57E-05,0,0,,13.68,233.68,90,0
2.92E-13,3.10E-05,-1.57E-05,0,0,,13.74,233.74,90,0
3.26E-13,3.11E-05,-1.57E-05,0,0,,13.8,233.8,90,0
3.60E-13,3.11E-05,-1.57E-05,0,0,,13.86,233.86,90,0
3.93E-13,3.11E-05,-1.57E-05,0,0,,13.92,233.92,90,0
4.27E-13,3.11E-05,-1.57E-05,0,0,,13.98,233.98,90,0
4.61E-13,3.11E-05,-1.57E-05,0,0,,14.04,234.04,90,0
4.95E-13,3.11E-05,-1.57E-05,0,0,,14.1,234.1,90,0
5.29E-13,3.11E-05,-1.57E-05,0,0,,14.16,234.16,90,0
5.63E-13,3.11E-05,-1.57E-05,0,0,,14.22,234.22,90,0
5.97E-13,3.11E-05,-1.57E-05,0,0,,14.28,234.28,90,0
6.55E-13,3.11E-05,-1.57E-05,0,0,,14.34,234.34,90,0
8.12E-13,3.11E-05,-1.57E-05,0,0,,14.4,234.4,90,0
9.69E-13,3.12E-05,-1.58E-05,0,0,,14.46,234.46,90,0
1.13E-12,3.12E-05,-1.58E-05,0,0,,14.52,234.52,90,0
1.28E-12,3.12E-05,-1.58E-05,0,0,,14.58,234.58,90,0
1.44E-12,3.12E-05,-1.58E-05,0,0,,14.64,234.64,90,0
1.60E-12,3.12E-05,-1.58E-05,0,0,,14.7,234.7,90,0
1.75E-12,3.12E-05,-1.58E-05,0,0,,14.76,234.76,90,0
1.91E-12,3.12E-05,-1.58E-05,0,0,,14.82,234.82,90,0
2.07E-12,3.12E-05,-1.58E-05,0,0,,14.88,234.88,90,0
2.22E-12,3.12E-05,-1.58E-05,0,0,,14.94,234.94,90,0
2.38E-12,3.12E-05,-1.58E-05,0,0,,15,235,90,0
2.54E-12,3.13E-05,-1.58E-05,0,0,,15.06,235.06,90,0
2.69E-12,3.13E-05,-1.58E-05,0,0,,15.12,235.12,90,0
2.85E-12,3.13E-05,-1.58E-05,0,0,,15.18,235.18,90,0
3.43E-12,3.13E-05,-1.58E-05,0,0,,15.24,235.24,90,0
4.16E-12,3.13E-05,-1.59E-05,0,0,,15.3,235.3,90,0
4.88E-12,3.13E-05,-1.59E-05,0,0,,15.36,235.36,90,0
5.61E-12,3.13E-05,-1.59E-05,0,0,,15.42,235.42,90,0
6.34E-12,3.13E-05,-1.59E-05,0,0,,15.48,235.48,90,0
7.07E-12,3.13E-05,-1.59E-05,0,0,,15.54,235.54,90,0
7.80E-12,3.13E-05,-1.59E-05,0,0,,15.6,235.6,90,0
8.53E-12,3.13E-05,-1.59E-05,0,0,,15.66,235.66,90,0
9.25E-12,3.14E-05,-1.59E-05,0,0,,15.72,235.72,90,0
9.98E-12,3.14E-05,-1.59E-05,0,0,,15.78,235.78,90,0
1.07E-11,3.14E-05,-1.59E-05,0,0,,15.84,235.84,90,0
1.14E-11,3.14E-05,-1.59E-05,0,0,,15.9,235.9,90,0
1.22E-11,3.14E-05,-1.59E-05,0,0,,15.96,235.96,90,0
1.29E-11,3.14E-05,-1.59E-05,0,0,,16.02,236.02,90,0
1.41E-11,3.14E-05,-1.59E-05,0,0,,16.08,236.08,90,0
1.75E-11,3.14E-05,-1.60E-05,0,0,,16.14,236.14,90,0
2.08E-11,3.14E-05,-1.60E-05,0,0,,16.2,236.2,90,0
2.42E-11,3.14E-05,-1.60E-05,0,0,,16.26,236.26,90,0
2.76E-11,3.15E-05,-1.60E-05,0,0,,16.32,236.32,90,0
3.09E-11,3.15E-05,-1.60E-05,0,0,,16.38,236.38,90,0
3.43E-11,3.15E-05,-1.60E-05,0,0,,16.44,236.44,90,0
3.76E-11,3.15E-05,-1.60E-05,0,0,,16.5,236.5,90,0
4.10E-11,3.15E-05,-1.60E-05,0,0,,16.56,236.56,90,0
4.44E-11,3.15E-05,-1.60E-05,0,0,,16.62,236.62,90,0
4.77E-11,3.15E-05,-1.60E-05,0,0,,16.68,236.68,90,0
5.11E-11,3.15E-05,-1.60E-05,0,0,,16.74,236.74,90,0
5.44E-11,3.15E-05,-1.60E-05,0,0,,16.8,236.8,90,0
5.78E-11,3.15E-05,-1.60E-05,0,0,,16.86,236.86,90,0
6.12E-11,3.15E-05,-1.60E-05,0,0,,16.92,236.92,90,0
7.39E-11,3.16E-05,-1.61E-05,0,0,,16.98,236.98,90,0
8.93E-11,3.16E-05,-1.61E-05,0,0,,17.04,237.04,90,0
1.05E-10,3.16E-05,-1.61E-05,0,0,,17.1,237.1,90,0
1.20E-10,3.16E-05,-1.61E-05,0,0,,17.16,237.16,90,0
1.36E-10,3.16E-05,-1.61E-05,0,0,,17.22,237.22,90,0
1.51E-10,3.16E-05,-1.61E-05,0,0,,17.28,237.28,90,0
1.67E-10,3.16E-05,-1.61E-05,0,0,,17.34,237.34,90,0
1.82E-10,3.16E-05,-1.61E-05,0,0,,17.4,237.4,90,0
1.97E-10,3.16E-05,-1.61E-05,0,0,,17.46,237.46,90,0
2.13E-10,3.16E-05,-1.61E-05,0,0,,17.52,237.52,90,0
2.28E-10,3.17E-05,-1.61E-05,0,0,,17.58,237.58,90,0
2.44E-10,3.17E-05,-1.61E-05,0,0,,17.64,237.64,90,0
2.59E-10,3.17E-05,-1.61E-05,0,0,,17.7,237.7,90,0
2.75E-10,3.17E-05,-1.62E-05,0,0,,17.76,237.76,90,0
3.12E-10,3.17E-05,-1.62E-05,0,0,,17.82,237.82,90,0
3.82E-10,3.17E-05,-1.62E-05,0,0,,17.88,237.88,90,0
4.52E-10,3.17E-05,-1.62E-05,0,0,,17.94,237.94,90,0
5.23E-10,3.17E-05,-1.62E-05,0,0,,18,238,90,0
5.93E-10,3.17E-05,-1.62E-05,0,0,,18.06,238.06,90,0
6.64E-10,3.17E-05,-1.62E-05,0,0,,18.12,238.12,90,0
7.34E-10,3.17E-05,-1.62E-05,0,0,,18.18,238.18,90,0
8.04E-10,3.18E-05,-1.62E-05,0,0,,18.24,238.24,90,0
8.75E-10,3.18E-05,-1.62E-05,0,0,,18.3,238.3,90,0
9.45E-10,3.18E-05,-1.62E-05,0,0,,18.36,238.36,90,0
1.02E-09,3.18E-05,-1.62E-05,0,0,,18.42,238.42,90,0
1.09E-09,3.18E-05,-1.62E-05,0,0,,18.48,238.48,90,0
1.16E-09,3.18E-05,-1.63E-05,0,0,,18.54,238.54,90,0
1.23E-09,3.18E-05,-1.63E-05,0,0,,18.6,238.6,90,0
1.30E-09,3.18E-05,-1.63E-05,0,0,,18.66,238.66,90,0
1.61E-09,3.18E-05,-1.63E-05,0,0,,18.72,238.72,90,0
1.94E-09,3.18E-05,-1.63E-05,0,0,,18.78,238.78,90,0
2.26E-09,3.18E-05,-1.63E-05,0,0,,18.84,238.84,90,0
2.59E-09,3.19E-05,-1.63E-05,0,0,,18.9,238.9,90,0
2.91E-09,3.19E-05,-1.63E-05,0,0,,18.96,238.96,90,0
3.24E-09,3.19E-05,-1.63E-05,0,0,,19.02,239.02,90,0
3.56E-09,3.19E-05,-1.63E-05,0,0,,19.08,239.08,90,0
3.89E-09,3.19E-05,-1.63E-05,0,0,,19.14,239.14,90,0
4.22E-09,3.19E-05,-1.63E-05,0,0,,19.2,239.2,90,0
4.54E-09,3.19E-05,-1.63E-05,0,0,,19.26,239.26,90,0
4.87E-09,3.19E-05,-1.64E-05,0,0,,19.32,239.32,90,0
5.19E-09,3.19E-05,-1.64E-05,0,0,,19.38,239.38,90,0
5.52E-09,3.19E-05,-1.64E-05,0,0,,19.44,239.44,90,0
5.84E-09,3.20E-05,-1.64E-05,0,0,,19.5,239.5,90,0
6.79E-09,3.20E-05,-1.64E-05,0,0,,19.56,239.56,90,0
8.28E-09,3.20E-05,-1.64E-05,0,0,,19.62,239.62,90,0
9.77E-09,3.20E-05,-1.64E-05,0,0,,19.68,239.68,90,0
1.13E-08,3.20E-05,-1.64E-05,0,0,,19.74,239.74,90,0
1.27E-08,3.20E-05,-1.64E-05,0,0,,19.8,239.8,90,0
1.42E-08,3.20E-05,-1.64E-05,0,0,,19.86,239.86,90,0
1.57E-08,3.20E-05,-1.64E-05,0,0,,19.92,239.92,90,0
1.72E-08,3.20E-05,-1.64E-05,0,0,,19.98,239.98,90,0
1.87E-08,3.20E-05,-1.65E-05,0,0,,20.04,240.04,90,0
2.02E-08,3.20E-05,-1.65E-05,0,0,,20.1,240.1,90,0
2.17E-08,3.21E-05,-1.65E-05,0,0,,20.16,240.16,90,0
2.32E-08,3.21E-05,-1.65E-05,0,0,,20.22,240.22,90,0
2.47E-08,3.21E-05,-1.65E-05,0,0,,20.28,240.28,90,0
2.61E-08,3.21E-05,-1.65E-05,0,0,,20.34,240.34,90,0
2.86E-08,3.21E-05,-1.65E-05,0,0,,20.4,240.4,90,0
3.53E-08,3.21E-05,-1.65E-05,0,0,,20.46,240.46,90,0
4.21E-08,3.21E-05,-1.65E-05,0,0,,20.52,240.52,90,0
4.89E-08,3.21E-05,-1.65E-05,0,0,,20.58,240.58,90,0
5.57E-08,3.21E-05,-1.65E-05,0,0,,20.64,240.64,90,0
6.25E-08,3.21E-05,-1.65E-05,0,0,,20.7,240.7,90,0
6.93E-08,3.21E-05,-1.66E-05,0,0,,20.76,240.76,90,0
7.60E-08,3.21E-05,-1.66E-05,0,0,,20.82,240.82,90,0
8.28E-08,3.22E-05,-1.66E-05,0,0,,20.88,240.88,90,0
8.96E-08,3.22E-05,-1.66E-05,0,0,,20.94,240.94,90,0
9.64E-08,3.22E-05,-1.66E-05,0,0,,21,241,90,0
1.03E-07,3.22E-05,-1.66E-05,0,0,,21.06,241.06,90,0
1.10E-07,3.22E-05,-1.66E-05,0,0,,21.12,241.12,90,0
1.17E-07,3.22E-05,-1.66E-05,0,0,,21.18,241.18,90,0
1.24E-07,3.22E-05,-1.66E-05,0,0,,21.24,241.24,90,0
1.50E-07,3.22E-05,-1.66E-05,0,0,,21.3,241.3,90,0
1.81E-07,3.22E-05,-1.66E-05,0,0,,21.36,241.36,90,0
2.12E-07,3.22E-05,-1.67E-05,0,0,,21.42,241.42,90,0
2.43E-07,3.22E-05,-1.67E-05,0,0,,21.48,241.48,90,0
2.74E-07,3.23E-05,-1.67E-05,0,0,,21.54,241.54,90,0
3.05E-07,3.23E-05,-1.67E-05,0,0,,21.6,241.6,90,0
3.36E-07,3.23E-05,-1.67E-05,0,0,,21.66,241.66,90,0
3.67E-07,3.23E-05,-1.67E-05,0,0,,21.72,241.72,90,0
3.98E-07,3.23E-05,-1.67E-05,0,0,,21.78,241.78,90,0
4.29E-07,3.23E-05,-1.67E-05,0,0,,21.84,241.84,90,0
4.60E-07,3.23E-05,-1.67E-05,0,0,,21.9,241.9,90,0
4.90E-07,3.23E-05,-1.67E-05,0,0,,21.96,241.96,90,0
5.21E-07,3.23E-05,-1.67E-05,0,0,,22.02,242.02,90,0
5.52E-07,3.23E-05,-1.67E-05,0,0,,22.08,242.08,90,0
6.31E-07,3.23E-05,-1.68E-05,0,0,,22.14,242.14,90,0
7.73E-07,3.24E-05,-1.68E-05,0,0,,22.2,242.2,90,0
9.16E-07,3.24E-05,-1.68E-05,0,0,,22.26,242.26,90,0
1.06E-06,3.24E-05,-1.68E-05,0,0,,22.32,242.32,90,0
1.20E-06,3.24E-05,-1.68E-05,0,0,,22.38,242.38,90,0
1.34E-06,3.24E-05,-1.68E-05,0,0,,22.44,242.44,90,0
1.49E-06,3.24E-05,-1.68E-05,0,0,,22.5,242.5,90,0
1.63E-06,3.24E-05,-1.68E-05,0,0,,22.56,242.56,90,0
1.77E-06,3.24E-05,-1.68E-05,0,0,,22.62,242.62,90,0
1.91E-06,3.24E-05,-1.68E-05,0,0,,22.68,242.68,90,0
2.06E-06,3.24E-05,-1.69E-05,0,0,,22.74,242.74,90,0
2.20E-06,3.24E-05,-1.69E-05,0,0,,22.8,242.8,90,0
2.34E-06,3.24E-05,-1.69E-05,0,0,,22.86,242.86,90,0
2.48E-06,3.25E-05,-1.69E-05,0,0,,22.92,242.92,90,0
2.63E-06,3.25E-05,-1.69E-05,0,0,,22.98,242.98,90,0
3.28E-06,3.25E-05,-1.69E-05,0,0,,23.04,243.04,90,0
3.94E-06,3.25E-05,-1.69E-05,0,0,,23.1,243.1,90,0
4.59E-06,3.25E-05,-1.69E-05,0,0,,23.16,243.16,90,0
5.24E-06,3.25E-05,-1.69E-05,0,0,,23.22,243.22,90,0
5.90E-06,3.25E-05,-1.69E-05,0,0,,23.28,243.28,90,0
6.55E-06,3.25E-05,-1.69E-05,0,0,,23.34,243.34,90,0
7.21E-06,3.25E-05,-1.70E-05,0,0,,23.4,243.4,90,0
7.86E-06,3.25E-05,-1.70E-05,0,0,,23.46,243.46,90,0
8.51E-06,3.25E-05,-1.70E-05,0,0,,23.52,243.52,90,0
9.17E-06,3.26E-05,-1.70E-05,0,0,,23.58,243.58,90,0
9.82E-06,3.26E-05,-1.70E-05,0,0,,23.64,243.64,90,0
1.05E-05,3.26E-05,-1.70E-05,0,0,,23.7,243.7,90,0
1.11E-05,3.26E-05,-1.70E-05,0,0,,23.76,243.76,90,0
1.18E-05,3.26E-05,-1.70E-05,0,0,,23.82,243.82,90,0
1.39E-05,3.26E-05,-1.70E-05,0,0,,23.88,243.88,90,0
1.69E-05,3.26E-05,-1.70E-05,0,0,,23.94,243.94,90,0
1.99E-05,3.26E-05,-1.71E-05,0,0,,24,244,90,0
2.29E-05,3.26E-05,-1.71E-05,0,0,,24.06,244.06,90,0
2.59E-05,3.26E-05,-1.71E-05,0,0,,24.12,244.12,90,0
2.89E-05,3.26E-05,-1.71E-05,0,0,,24.18,244.18,90,0
3.19E-05,3.26E-05,-1.71E-05,0,0,,24.24,244.24,90,0
3.48E-05,3.27E-05,-1.71E-05,0,0,,24.3,244.3,90,0
3.78E-05,3.27E-05,-1.71E-05,0,0,,24.36,244.36,90,0
4.08E-05,3.27E-05,-1.71E-05,0,0,,24.42,244.42,90,0
4.38E-05,3.27E-05,-1.71E-05,0,0,,24.48,244.48,90,0
4.68E-05,3.27E-05,-1.72E-05,0,0,,24.54,244.54,90,0
4.98E-05,3.27E-05,-1.72E-05,0,0,,24.6,244.6,90,0
5.28E-05,3.27E-05,-1.72E-05,0,0,,24.66,244.66,90,0
5.79E-05,3.27E-05,-1.72E-05,0,0,,24.72,244.72,90,0
7.26E-05,3.27E-05,-1.72E-05,0,0,,24.78,244.78,90,0
8.73E-05,3.27E-05,-1.72E-05,0,0,,24.84,244.84,90,0
0.00010193,3.27E-05,-1.72E-05,0,0,,24.9,244.9,90,0
0.00011661,3.27E-05,-1.72E-05,0,0,,24.96,244.96,90,0
0.00013128,3.28E-05,-1.72E-05,0,0,,25.02,245.02,90,0
0.00014596,3.28E-05,-1.72E-05,0,0,,25.08,245.08,90,0
0.00016063,3.28E-05,-1.73E-05,0,0,,25.14,245.14,90,0
0.00017531,3.28E-05,-1.73E-05,0,0,,25.2,245.2,90,0
0.00018998,3.28E-05,-1.73E-05,0,0,,25.26,245.26,90,0
0.00020466,3.28E-05,-1.73E-05,0,0,,25.32,245.32,90,0
0.00021933,3.28E-05,-1.73E-05,0,0,,25.38,245.38,90,0
0.00023401,3.28E-05,-1.73E-05,0,0,,25.44,245.44,90,0
0.00024868,3.28E-05,-1.73E-05,0,0,,25.5,245.5,90,0
0.00026336,3.28E-05,-1.73E-05,0,0,,25.56,245.56,90,0
0.00028427,3.28E-05,-1.73E-05,0,0,,25.62,245.62,90,0
0.00035397,3.28E-05,-1.74E-05,0,0,,25.68,245.68,90,0
0.00042369,3.28E-05,-1.74E-05,0,0,,25.74,245.74,90,0
0.00049339,3.29E-05,-1.74E-05,0,0,,25.8,245.8,90,0
0.0005631,3.29E-05,-1.74E-05,0,0,,25.86,245.86,90,0
0.0006328,3.29E-05,-1.74E-05,0,0,,25.92,245.92,90,0
0.0007025,3.29E-05,-1.74E-05,0,0,,25.98,245.98,90,0
0.00077221,3.29E-05,-1.74E-05,0,0,,26.04,246.04,90,0
0.00084193,3.29E-05,-1.74E-05,0,0,,26.1,246.1,90,0
0.00091163,3.29E-05,-1.75E-05,0,0,,26.16,246.16,90,0
0.00098133,3.29E-05,-1.75E-05,0,0,,26.22,246.22,90,0
0.001051,3.29E-05,-1.75E-05,0,0,,26.28,246.28,90,0
0.0011207,3.29E-05,-1.75E-05,0,0,,26.34,246.34,90,0
0.0011904,3.29E-05,-1.75E-05,0,0,,26.4,246.4,90,0
0.0012602,3.29E-05,-1.75E-05,0,0,,26.46,246.46,90,0
0.0014756,3.30E-05,-1.75E-05,0,0,,26.52,246.52,90,0
0.0017879,3.30E-05,-1.75E-05,0,0,,26.58,246.58,90,0
0.0021003,3.30E-05,-1.75E-05,0,0,,26.64,246.64,90,0
0.0024126,3.30E-05,-1.76E-05,0,0,,26.7,246.7,90,0
0.002725,3.30E-05,-1.76E-05,0,0,,26.76,246.76,90,0
0.0030374,3.30E-05,-1.76E-05,0,0,,26.82,246.82,90,0
0.0033498,3.30E-05,-1.76E-05,0,0,,26.88,246.88,90,0
0.0036621,3.30E-05,-1.76E-05,0,0,,26.94,246.94,90,0
0.0039745,3.30E-05,-1.76E-05,0,0,,27,247,90,0
0.0042868,3.30E-05,-1.76E-05,0,0,,27.06,247.06,90,0
0.0045992,3.30E-05,-1.76E-05,0,0,,27.12,247.12,90,0
0.0049115,3.30E-05,-1.77E-05,0,0,,27.18,247.18,90,0
0.0052239,3.30E-05,-1.77E-05,0,0,,27.24,247.24,90,0
0.0055363,3.31E-05,-1.77E-05,0,0,,27.3,247.3,90,0
0.00589,3.31E-05,-1.77E-05,0,0,,27.36,247.36,90,0
0.0068008,3.31E-05,-1.77E-05,0,0,,27.42,247.42,90,0
0.0077178,3.31E-05,-1.77E-05,0,0,,27.48,247.48,90,0
0.0086348,3.31E-05,-1.77E-05,0,0,,27.54,247.54,90,0
0.009552,3.31E-05,-1.77E-05,0,0,,27.6,247.6,90,0
0.010469,3.31E-05,-1.78E-05,0,0,,27.66,247.66,90,0
0.011386,3.31E-05,-1.78E-05,0,0,,27.72,247.72,90,0
0.012303,3.31E-05,-1.78E-05,0,0,,27.78,247.78,90,0
0.013666,3.31E-05,-1.78E-05,0,0,,27.84,247.84,90,0
0.015183,3.31E-05,-1.78E-05,0,0,,27.9,247.9,90,0
0.016687,3.31E-05,-1.78E-05,0,0,,27.96,247.96,90,0
0.018214,3.31E-05,-1.78E-05,0,0,,28.02,248.02,90,0
0.020176,3.32E-05,-1.78E-05,0,0,,28.08,248.08,90,0
0.022137,3.32E-05,-1.79E-05,0,0,,28.14,248.14,90,0
0.024097,3.32E-05,-1.79E-05,0,0,,28.2,248.2,90,0
0.026561,3.32E-05,-1.79E-05,0,0,,28.26,248.26,90,0
0.029887,3.32E-05,-1.79E-05,0,0,,28.32,248.32,90,0
0.033264,3.32E-05,-1.79E-05,0,0,,28.38,248.38,90,0
0.036641,3.32E-05,-1.79E-05,0,0,,28.44,248.44,90,0
0.040018,3.32E-05,-1.79E-05,0,0,,28.5,248.5,90,0
0.044191,3.32E-05,-1.80E-05,0,0,,28.56,248.56,90,0
0.048764,3.32E-05,-1.80E-05,0,0,,28.62,248.62,90,0
0.053129,3.32E-05,-1.80E-05,0,0,,28.68,248.68,90,0
0.059351,3.32E-05,-1.80E-05,0,0,,28.74,248.74,90,0
0.065598,3.33E-05,-1.80E-05,0,0,,28.8,248.8,90,0
0.073072,3.33E-05,-1.80E-05,0,0,,28.86,248.86,90,0
0.081099,3.33E-05,-1.80E-05,0,0,,28.92,248.92,90,0
0.089125,3.33E-05,-1.81E-05,0,0,,28.98,248.98,90,0
0.097151,3.33E-05,-1.81E-05,0,0,,29.04,249.04,90,0
0.10516,3.33E-05,-1.81E-05,0,0,,29.1,249.1,90,0
0.11544,3.33E-05,-1.81E-05,0,0,,29.16,249.16,90,0
0.12809,3.33E-05,-1.81E-05,0,0,,29.22,249.22,90,0
0.14074,3.33E-05,-1.81E-05,0,0,,29.28,249.28,90,0
0.15339,3.33E-05,-1.81E-05,0,0,,29.34,249.34,90,0
0.16925,3.33E-05,-1.81E-05,0,0,,29.4,249.4,90,0
0.18615,3.34E-05,-1.82E-05,0,0,,29.46,249.46,90,0
0.20318,3.34E-05,-1.82E-05,0,0,,29.52,249.52,90,0
0.22109,3.34E-05,-1.82E-05,0,0,,29.58,249.58,90,0
0.25117,3.34E-05,-1.82E-05,0,0,,29.64,249.64,90,0
0.28126,3.34E-05,-1.82E-05,0,0,,29.7,249.7,90,0
0.31135,3.34E-05,-1.82E-05,0,0,,29.76,249.76,90,0
0.34144,3.34E-05,-1.82E-05,0,0,,29.82,249.82,90,0
0.37153,3.35E-05,-1.83E-05,0,0,,29.88,249.88,90,0
0.40162,3.35E-05,-1.83E-05,0,0,,29.94,249.94,90,0
0.4317,3.35E-05,-1.83E-05,0,0,,30,250,90,0
0.48151,3.35E-05,-1.83E-05,0,0,,30.06,250.06,90,0
0.54122,3.36E-05,-1.83E-05,0,0,,30.12,250.12,90,0
0.60093,3.36E-05,-1.83E-05,0,0,,30.18,250.18,90,0
0.66065,3.37E-05,-1.83E-05,0,0,,30.24,250.24,90,0
0.72036,3.37E-05,-1.84E-05,0,0,,30.3,250.3,90,0
0.78007,3.38E-05,-1.84E-05,0,0,,30.36,250.36,90,0
0.83978,3.38E-05,-1.84E-05,0,0,,30.42,250.42,90,0
0.89654,3.41E-05,-1.84E-05,0,4.3762,,30.48,250.48,90,0
0.94123,3.50E-05,-1.82E-05,0,4.3762,,30.54,250.54,90,0
0.98593,3.60E-05,-1.80E-05,0,4.3762,,30.6,250.6,90,0
0.99964,7.49E-05,-1.34E-05,0,16344,,30.66,250.66,90,0
0.99987,0.00013359,-6.58E-06,0,20835,,30.72,250.72,90,0
0.99989,0.00019568,4.93E-07,0,20835,,30.78,250.78,90,0
0.99991,0.00025777,7.57E-06,0,20835,,30.84,250.84,90,0
0.99993,0.00032067,1.47E-05,0,38718,,30.9,250.9,90,0
0.99994,0.00038987,1.42E-05,0,24405,,30.96,250.96,90,0
0.99995,0.00045673,1.18E-05,0,24405,,31.02,251.02,90,0
0.99995,0.00052359,9.49E-06,0,24405,,31.08,251.08,90,0
0.99996,0.00059045,7.15E-06,0,24405,,31.14,251.14,90,0
0.99996,0.00065732,4.82E-06,0,24405,,31.2,251.2,90,0
0.99997,0.00072227,1.94E-06,0,22970,,31.26,251.26,90,0
0.99998,0.00078693,-1.04E-06,0,22970,,31.32,251.32,90,0
0.99996,0.00085006,-4.03E-06,0,20978,,31.38,251.38,90,0
0.99992,0.00091194,-7.05E-06,0,20978,,31.44,251.44,90,0
0.99989,0.00097382,-1.01E-05,0,20978,,31.5,251.5,90,0
0.99985,0.0010357,-1.31E-05,0,20978,,31.56,251.56,90,0
0.99982,0.0010976,-1.61E-05,0,20978,,31.62,251.62,90,0
0.99978,0.0011595,-1.91E-05,0,20978,,31.68,251.68,90,0
0.99975,0.0012214,-2.21E-05,0,20978,,31.74,251.74,90,0
0.97736,0.0012665,-2.35E-05,0,0,,31.8,251.8,90,0
0.90123,0.0012666,-2.35E-05,0,0,,31.86,251.86,90,0
0.82612,0.0012667,-2.35E-05,0,0,,31.92,251.92,90,0
0.751,0.0012669,-2.35E-05,0,0,,31.98,251.98,90,0
0.67589,0.001267,-2.35E-05,0,0,,32.04,252.04,90,0
0.6114,0.0012671,-2.35E-05,0,0,,32.1,252.1,90,0
0.55439,0.0012671,-2.35E-05,0,0,,32.16,252.16,90,0
0.49694,0.0012671,-2.35E-05,0,0,,32.22,252.22,90,0
0.45586,0.0012672,-2.34E-05,0,0,,32.28,252.28,90,0
0.41453,0.0012672,-2.34E-05,0,0,,32.34,252.34,90,0
0.37319,0.0012672,-2.34E-05,0,0,,32.4,252.4,90,0
0.33676,0.0012672,-2.34E-05,0,0,,32.46,252.46,90,0
0.30812,0.0012672,-2.34E-05,0,0,,32.52,252.52,90,0
0.27947,0.0012672,-2.34E-05,0,0,,32.58,252.58,90,0
0.25079,0.0012672,-2.33E-05,0,0,,32.64,252.64,90,0
0.23027,0.0012673,-2.33E-05,0,0,,32.7,252.7,90,0
0.21226,0.0012673,-2.33E-05,0,0,,32.76,252.76,90,0
0.19424,0.0012673,-2.33E-05,0,0,,32.82,252.82,90,0
0.17623,0.0012673,-2.33E-05,0,0,,32.88,252.88,90,0
0.15821,0.0012673,-2.33E-05,0,0,,32.94,252.94,90,0
0.14366,0.0012673,-2.32E-05,0,0,,33,253,90,0
0.12963,0.0012673,-2.32E-05,0,0,,33.06,253.06,90,0
0.11783,0.0012673,-2.32E-05,0,0,,33.12,253.12,90,0
0.10732,0.0012673,-2.32E-05,0,0,,33.18,253.18,90,0
0.096973,0.0012674,-2.32E-05,0,0,,33.24,253.24,90,0
0.088855,0.0012674,-2.32E-05,0,0,,33.3,253.3,90,0
0.080738,0.0012674,-2.31E-05,0,0,,33.36,253.36,90,0
0.07262,0.0012674,-2.31E-05,0,0,,33.42,253.42,90,0
0.064503,0.0012674,-2.31E-05,0,0,,33.48,253.48,90,0
0.057887,0.0012674,-2.31E-05,0,0,,33.54,253.54,90,0
0.053369,0.0012674,-2.31E-05,0,0,,33.6,253.6,90,0
0.048852,0.0012674,-2.31E-05,0,0,,33.66,253.66,90,0
0.044335,0.0012674,-2.30E-05,0,0,,33.72,253.72,90,0
0.039818,0.0012674,-2.30E-05,0,0,,33.78,253.78,90,0
0.036085,0.0012674,-2.30E-05,0,0,,33.84,253.84,90,0
0.032723,0.0012674,-2.30E-05,0,0,,33.9,253.9,90,0
0.029503,0.0012675,-2.30E-05,0,0,,33.96,253.96,90,0
0.026974,0.0012675,-2.30E-05,0,0,,34.02,254.02,90,0
0.024446,0.0012675,-2.30E-05,0,0,,34.08,254.08,90,0
0.02233,0.0012675,-2.29E-05,0,0,,34.14,254.14,90,0
0.020282,0.0012675,-2.29E-05,0,0,,34.2,254.2,90,0
0.018233,0.0012675,-2.29E-05,0,0,,34.26,254.26,90,0
0.016183,0.0012675,-2.29E-05,0,0,,34.32,254.32,90,0
0.014167,0.0012675,-2.29E-05,0,0,,34.38,254.38,90,0
0.013388,0.0012675,-2.29E-05,0,0,,34.44,254.44,90,0
0.01261,0.0012675,-2.29E-05,0,0,,34.5,254.5,90,0
0.011831,0.0012675,-2.28E-05,0,0,,34.56,254.56,90,0
0.011052,0.0012675,-2.28E-05,0,0,,34.62,254.62,90,0
0.010274,0.0012676,-2.28E-05,0,0,,34.68,254.68,90,0
0.0094946,0.0012676,-2.28E-05,0,0,,34.74,254.74,90,0
0.0087158,0.0012676,-2.28E-05,0,0,,34.8,254.8,90,0
0.0079371,0.0012676,-2.28E-05,0,0,,34.86,254.86,90,0
0.0071584,0.0012676,-2.28E-05,0,0,,34.92,254.92,90,0
0.0063797,0.0012676,-2.27E-05,0,0,,34.98,254.98,90,0
0.0056009,0.0012676,-2.27E-05,0,0,,35.04,255.04,90,0
0.004822,0.0012676,-2.27E-05,0,0,,35.1,255.1,90,0
0.0040433,0.0012676,-2.27E-05,0,0,,35.16,255.16,90,0
0.0032646,0.0012676,-2.27E-05,0,0,,35.22,255.22,90,0
0.0030002,0.0012676,-2.27E-05,0,0,,35.28,255.28,90,0
0.0028367,0.0012676,-2.27E-05,0,0,,35.34,255.34,90,0
0.0026732,0.0012677,-2.26E-05,0,0,,35.4,255.4,90,0
0.0025097,0.0012677,-2.26E-05,0,0,,35.46,255.46,90,0
0.0023462,0.0012677,-2.26E-05,0,0,,35.52,255.52,90,0
0.0021827,0.0012677,-2.26E-05,0,0,,35.58,255.58,90,0
0.0020192,0.0012677,-2.26E-05,0,0,,35.64,255.64,90,0
0.0018557,0.0012677,-2.26E-05,0,0,,35.7,255.7,90,0
0.0016922,0.0012677,-2.26E-05,0,0,,35.76,255.76,90,0
0.0015287,0.0012677,-2.25E-05,0,0,,35.82,255.82,90,0
0.0013652,0.0012677,-2.25E-05,0,0,,35.88,255.88,90,0
0.0012017,0.0012677,-2.25E-05,0,0,,35.94,255.94,90,0
0.0010383,0.0012677,-2.25E-05,0,0,,36,256,90,0
0.00087476,0.0012677,-2.25E-05,0,0,,36.06,256.06,90,0
0.00071128,0.0012677,-2.25E-05,0,0,,36.12,256.12,90,0
0.0005459,0.0012678,-2.25E-05,0,0,,36.18,256.18,90,0
0.00050861,0.0012678,-2.24E-05,0,0,,36.24,256.24,90,0
0.00047974,0.0012678,-2.24E-05,0,0,,36.3,256.3,90,0
0.00045088,0.0012678,-2.24E-05,0,0,,36.36,256.36,90,0
0.00042199,0.0012678,-2.24E-05,0,0,,36.42,256.42,90,0
0.00039313,0.0012678,-2.24E-05,0,0,,36.48,256.48,90,0
0.00036426,0.0012678,-2.24E-05,0,0,,36.54,256.54,90,0
0.00033539,0.0012678,-2.24E-05,0,0,,36.6,256.6,90,0
0.00030653,0.0012678,-2.24E-05,0,0,,36.66,256.66,90,0
0.00027766,0.0012678,-2.23E-05,0,0,,36.72,256.72,90,0
0.00024879,0.0012678,-2.23E-05,0,0,,36.78,256.78,90,0
0.00021992,0.0012678,-2.23E-05,0,0,,36.84,256.84,90,0
0.00019106,0.0012679,-2.23E-05,0,0,,36.9,256.9,90,0
0.00016219,0.0012679,-2.23E-05,0,0,,36.96,256.96,90,0
0.00013332,0.0012679,-2.23E-05,0,0,,37.02,257.02,90,0
0.00011943,0.0012679,-2.23E-05,0,0,,37.08,257.08,90,0
0.00011268,0.0012679,-2.23E-05,0,0,,37.14,257.14,90,0
0.00010593,0.0012679,-2.22E-05,0,0,,37.2,257.2,90,0
9.92E-05,0.0012679,-2.22E-05,0,0,,37.26,257.26,90,0
9.24E-05,0.0012679,-2.22E-05,0,0,,37.32,257.32,90,0
8.57E-05,0.0012679,-2.22E-05,0,0,,37.38,257.38,90,0
7.89E-05,0.0012679,-2.22E-05,0,0,,37.44,257.44,90,0
7.22E-05,0.0012679,-2.22E-05,0,0,,37.5,257.5,90,0
6.54E-05,0.001268,-2.22E-05,0,0,,37.56,257.56,90,0
5.87E-05,0.001268,-2.22E-05,0,0,,37.62,257.62,90,0
5.19E-05,0.001268,-2.21E-05,0,0,,37.68,257.68,90,0
4.52E-05,0.001268,-2.21E-05,0,0,,37.74,257.74,90,0
3.84E-05,0.001268,-2.21E-05,0,0,,37.8,257.8,90,0
3.17E-05,0.001268,-2.21E-05,0,0,,37.86,257.86,90,0
2.70E-05,0.001268,-2.21E-05,0,0,,37.92,257.92,90,0
2.55E-05,0.001268,-2.21E-05,0,0,,37.98,257.98,90,0
2.40E-05,0.001268,-2.21E-05,0,0,,38.04,258.04,90,0
2.25E-05,0.001268,-2.21E-05,0,0,,38.1,258.1,90,0
2.10E-05,0.001268,-2.20E-05,0,0,,38.16,258.16,90,0
1.96E-05,0.001268,-2.20E-05,0,0,,38.22,258.22,90,0
1.81E-05,0.0012681,-2.20E-05,0,0,,38.28,258.28,90,0
1.66E-05,0.0012681,-2.20E-05,0,0,,38.34,258.34,90,0
1.51E-05,0.0012681,-2.20E-05,0,0,,38.4,258.4,90,0
1.36E-05,0.0012681,-2.20E-05,0,0,,38.46,258.46,90,0
1.21E-05,0.0012681,-2.20E-05,0,0,,38.52,258.52,90,0
1.06E-05,0.0012681,-2.20E-05,0,0,,38.58,258.58,90,0
9.10E-06,0.0012681,-2.19E-05,0,0,,38.64,258.64,90,0
7.61E-06,0.0012681,-2.19E-05,0,0,,38.7,258.7,90,0
6.11E-06,0.0012681,-2.19E-05,0,0,,38.76,258.76,90,0
5.76E-06,0.0012681,-2.19E-05,0,0,,38.82,258.82,90,0
5.43E-06,0.0012681,-2.19E-05,0,0,,38.88,258.88,90,0
5.09E-06,0.0012681,-2.19E-05,0,0,,38.94,258.94,90,0
4.76E-06,0.0012682,-2.19E-05,0,0,,39,259,90,0
4.43E-06,0.0012682,-2.19E-05,0,0,,39.06,259.06,90,0
4.10E-06,0.0012682,-2.19E-05,0,0,,39.12,259.12,90,0
3.77E-06,0.0012682,-2.18E-05,0,0,,39.18,259.18,90,0
3.44E-06,0.0012682,-2.18E-05,0,0,,39.24,259.24,90,0
3.11E-06,0.0012682,-2.18E-05,0,0,,39.3,259.3,90,0
2.78E-06,0.0012682,-2.18E-05,0,0,,39.36,259.36,90,0
2.45E-06,0.0012682,-2.18E-05,0,0,,39.42,259.42,90,0
2.12E-06,0.0012682,-2.18E-05,0,0,,39.48,259.48,90,0
1.79E-06,0.0012682,-2.18E-05,0,0,,39.54,259.54,90,0
1.46E-06,0.0012682,-2.18E-05,0,0,,39.6,259.6,90,0
1.29E-06,0.0012683,-2.17E-05,0,0,,39.66,259.66,90,0
1.22E-06,0.0012683,-2.17E-05,0,0,,39.72,259.72,90,0
1.15E-06,0.0012683,-2.17E-05,0,0,,39.78,259.78,90,0
1.07E-06,0.0012683,-2.17E-05,0,0,,39.84,259.84,90,0
1.00E-06,0.0012683,-2.17E-05,0,0,,39.9,259.9,90,0
9.29E-07,0.0012683,-2.17E-05,0,0,,39.96,259.96,90,0
8.56E-07,0.0012683,-2.17E-05,0,0,,40.02,260.02,90,0
7.83E-07,0.0012683,-2.17E-05,0,0,,40.08,260.08,90,0
7.10E-07,0.0012683,-2.17E-05,0,0,,40.14,260.14,90,0
6.37E-07,0.0012683,-2.16E-05,0,0,,40.2,260.2,90,0
5.64E-07,0.0012683,-2.16E-05,0,0,,40.26,260.26,90,0
4.91E-07,0.0012684,-2.16E-05,0,0,,40.32,260.32,90,0
4.19E-07,0.0012684,-2.16E-05,0,0,,40.38,260.38,90,0
3.46E-07,0.0012684,-2.16E-05,0,0,,40.44,260.44,90,0
2.90E-07,0.0012684,-2.16E-05,0,0,,40.5,260.5,90,0
2.74E-07,0.0012684,-2.16E-05,0,0,,40.56,260.56,90,0
2.58E-07,0.0012684,-2.16E-05,0,0,,40.62,260.62,90,0
2.42E-07,0.0012684,-2.16E-05,0,0,,40.68,260.68,90,0
2.26E-07,0.0012684,-2.16E-05,0,0,,40.74,260.74,90,0
2.10E-07,0.0012684,-2.15E-05,0,0,,40.8,260.8,90,0
1.94E-07,0.0012684,-2.15E-05,0,0,,40.86,260.86,90,0
1.78E-07,0.0012684,-2.15E-05,0,0,,40.92,260.92,90,0
1.62E-07,0.0012685,-2.15E-05,0,0,,40.98,260.98,90,0
1.46E-07,0.0012685,-2.15E-05,0,0,,41.04,261.04,90,0
1.30E-07,0.0012685,-2.15E-05,0,0,,41.1,261.1,90,0
1.14E-07,0.0012685,-2.15E-05,0,0,,41.16,261.16,90,0
9.77E-08,0.0012685,-2.15E-05,0,0,,41.22,261.22,90,0
8.17E-08,0.0012685,-2.15E-05,0,0,,41.28,261.28,90,0
6.57E-08,0.0012685,-2.14E-05,0,0,,41.34,261.34,90,0
6.12E-08,0.0012685,-2.14E-05,0,0,,41.4,261.4,90,0
5.77E-08,0.0012685,-2.14E-05,0,0,,41.46,261.46,90,0
5.42E-08,0.0012685,-2.14E-05,0,0,,41.52,261.52,90,0
5.07E-08,0.0012685,-2.14E-05,0,0,,41.58,261.58,90,0
4.72E-08,0.0012686,-2.14E-05,0,0,,41.64,261.64,90,0
4.37E-08,0.0012686,-2.14E-05,0,0,,41.7,261.7,90,0
4.02E-08,0.0012686,-2.14E-05,0,0,,41.76,261.76,90,0
3.67E-08,0.0012686,-2.14E-05,0,0,,41.82,261.82,90,0
3.32E-08,0.0012686,-2.14E-05,0,0,,41.88,261.88,90,0
2.97E-08,0.0012686,-2.13E-05,0,0,,41.94,261.94,90,0
2.62E-08,0.0012686,-2.13E-05,0,0,,42,262,90,0
2.27E-08,0.0012686,-2.13E-05,0,0,,42.06,262.06,90,0
1.92E-08,0.0012686,-2.13E-05,0,0,,42.12,262.12,90,0
1.57E-08,0.0012686,-2.13E-05,0,0,,42.18,262.18,90,0
1.37E-08,0.0012686,-2.13E-05,0,0,,42.24,262.24,90,0
1.29E-08,0.0012687,-2.13E-05,0,0,,42.3,262.3,90,0
1.21E-08,0.0012687,-2.13E-05,0,0,,42.36,262.36,90,0
1.14E-08,0.0012687,-2.13E-05,0,0,,42.42,262.42,90,0
1.06E-08,0.0012687,-2.12E-05,0,0,,42.48,262.48,90,0
9.84E-09,0.0012687,-2.12E-05,0,0,,42.54,262.54,90,0
9.08E-09,0.0012687,-2.12E-05,0,0,,42.6,262.6,90,0
8.31E-09,0.0012687,-2.12E-05,0,0,,42.66,262.66,90,0
7.55E-09,0.0012687,-2.12E-05,0,0,,42.72,262.72,90,0
6.78E-09,0.0012687,-2.12E-05,0,0,,42.78,262.78,90,0
6.02E-09,0.0012687,-2.12E-05,0,0,,42.84,262.84,90,0
5.25E-09,0.0012688,-2.12E-05,0,0,,42.9,262.9,90,0
4.49E-09,0.0012688,-2.12E-05,0,0,,42.96,262.96,90,0
3.72E-09,0.0012688,-2.12E-05,0,0,,43.02,263.02,90,0
3.05E-09,0.0012688,-2.11E-05,0,0,,43.08,263.08,90,0
2.88E-09,0.0012688,-2.11E-05,0,0,,43.14,263.14,90,0
2.72E-09,0.0012688,-2.11E-05,0,0,,43.2,263.2,90,0
2.55E-09,0.0012688,-2.11E-05,0,0,,43.26,263.26,90,0
2.38E-09,0.0012688,-2.11E-05,0,0,,43.32,263.32,90,0
2.21E-09,0.0012688,-2.11E-05,0,0,,43.38,263.38,90,0
2.05E-09,0.0012688,-2.11E-05,0,0,,43.44,263.44,90,0
1.88E-09,0.0012688,-2.11E-05,0,0,,43.5,263.5,90,0
1.71E-09,0.0012689,-2.11E-05,0,0,,43.56,263.56,90,0
1.55E-09,0.0012689,-2.11E-05,0,0,,43.62,263.62,90,0
1.38E-09,0.0012689,-2.10E-05,0,0,,43.68,263.68,90,0
1.21E-09,0.0012689,-2.10E-05,0,0,,43.74,263.74,90,0
1.04E-09,0.0012689,-2.10E-05,0,0,,43.8,263.8,90,0
8.77E-10,0.0012689,-2.10E-05,0,0,,43.86,263.86,90,0
7.10E-10,0.0012689,-2.10E-05,0,0,,43.92,263.92,90,0
6.44E-10,0.0012689,-2.10E-05,0,0,,43.98,263.98,90,0
6.07E-10,0.0012689,-2.10E-05,0,0,,44.04,264.04,90,0
5.71E-10,0.0012689,-2.10E-05,0,0,,44.1,264.1,90,0
5.34E-10,0.0012689,-2.10E-05,0,0,,44.16,264.16,90,0
4.98E-10,0.001269,-2.10E-05,0,0,,44.22,264.22,90,0
4.61E-10,0.001269,-2.10E-05,0,0,,44.28,264.28,90,0
4.25E-10,0.001269,-2.09E-05,0,0,,44.34,264.34,90,0
3.88E-10,0.001269,-2.09E-05,0,0,,44.4,264.4,90,0
3.52E-10,0.001269,-2.09E-05,0,0,,44.46,264.46,90,0
3.15E-10,0.001269,-2.09E-05,0,0,,44.52,264.52,90,0
2.79E-10,0.001269,-2.09E-05,0,0,,44.58,264.58,90,0
2.43E-10,0.001269,-2.09E-05,0,0,,44.64,264.64,90,0
2.06E-10,0.001269,-2.09E-05,0,0,,44.7,264.7,90,0
1.70E-10,0.001269,-2.09E-05,0,0,,44.76,264.76,90,0
1.43E-10,0.0012691,-2.09E-05,0,0,,44.82,264.82,90,0
1.35E-10,0.0012691,-2.09E-05,0,0,,44.88,264.88,90,0
1.27E-10,0.0012691,-2.08E-05,0,0,,44.94,264.94,90,0
1.19E-10,0.0012691,-2.08E-05,0,0,,45,265,90,0
1.11E-10,0.0012691,-2.08E-05,0,0,,45.06,265.06,90,0
1.03E-10,0.0012691,-2.08E-05,0,0,,45.12,265.12,90,0
9.55E-11,0.0012691,-2.08E-05,0,0,,45.18,265.18,90,0
8.76E-11,0.0012691,-2.08E-05,0,0,,45.24,265.24,90,0
7.97E-11,0.0012691,-2.08E-05,0,0,,45.3,265.3,90,0
7.19E-11,0.0012691,-2.08E-05,0,0,,45.36,265.36,90,0
6.40E-11,0.0012692,-2.08E-05,0,0,,45.42,265.42,90,0
5.61E-11,0.0012692,-2.08E-05,0,0,,45.48,265.48,90,0
4.82E-11,0.0012692,-2.07E-05,0,0,,45.54,265.54,90,0
4.04E-11,0.0012692,-2.07E-05,0,0,,45.6,265.6,90,0
3.25E-11,0.0012692,-2.07E-05,0,0,,45.66,265.66,90,0
3.00E-11,0.0012692,-2.07E-05,0,0,,45.72,265.72,90,0
2.83E-11,0.0012692,-2.07E-05,0,0,,45.78,265.78,90,0
2.66E-11,0.0012692,-2.07E-05,0,0,,45.84,265.84,90,0
2.49E-11,0.0012692,-2.07E-05,0,0,,45.9,265.9,90,0
2.32E-11,0.0012692,-2.07E-05,0,0,,45.96,265.96,90,0
2.15E-11,0.0012692,-2.07E-05,0,0,,46.02,266.02,90,0
1.98E-11,0.0012693,-2.07E-05,0,0,,46.08,266.08,90,0
1.81E-11,0.0012693,-2.07E-05,0,0,,46.14,266.14,90,0
1.64E-11,0.0012693,-2.06E-05,0,0,,46.2,266.2,90,0
1.47E-11,0.0012693,-2.06E-05,0,0,,46.26,266.26,90,0
1.29E-11,0.0012693,-2.06E-05,0,0,,46.32,266.32,90,0
1.12E-11,0.0012693,-2.06E-05,0,0,,46.38,266.38,90,0
9.53E-12,0.0012693,-2.06E-05,0,0,,46.44,266.44,90,0
7.82E-12,0.0012693,-2.06E-05,0,0,,46.5,266.5,90,0
6.64E-12,0.0012693,-2.06E-05,0,0,,46.56,266.56,90,0
6.27E-12,0.0012693,-2.06E-05,0,0,,46.62,266.62,90,0
5.90E-12,0.0012694,-2.06E-05,0,0,,46.68,266.68,90,0
5.54E-12,0.0012694,-2.06E-05,0,0,,46.74,266.74,90,0
5.17E-12,0.0012694,-2.06E-05,0,0,,46.8,266.8,90,0
4.80E-12,0.0012694,-2.05E-05,0,0,,46.86,266.86,90,0
4.43E-12,0.0012694,-2.05E-05,0,0,,46.92,266.92,90,0
4.07E-12,0.0012694,-2.05E-05,0,0,,46.98,266.98,90,0
3.70E-12,0.0012694,-2.05E-05,0,0,,47.04,267.04,90,0
3.33E-12,0.0012694,-2.05E-05,0,0,,47.1,267.1,90,0
2.97E-12,0.0012694,-2.05E-05,0,0,,47.16,267.16,90,0
2.60E-12,0.0012694,-2.05E-05,0,0,,47.22,267.22,90,0
2.23E-12,0.0012695,-2.05E-05,0,0,,47.28,267.28,90,0
1.86E-12,0.0012695,-2.05E-05,0,0,,47.34,267.34,90,0
1.50E-12,0.0012695,-2.05E-05,0,0,,47.4,267.4,90,0
1.39E-12,0.0012695,-2.05E-05,0,0,,47.46,267.46,90,0
1.31E-12,0.0012695,-2.04E-05,0,0,,47.52,267.52,90,0
1.23E-12,0.0012695,-2.04E-05,0,0,,47.58,267.58,90,0
1.15E-12,0.0012695,-2.04E-05,0,0,,47.64,267.64,90,0
1.07E-12,0.0012695,-2.04E-05,0,0,,47.7,267.7,90,0
9.95E-13,0.0012695,-2.04E-05,0,0,,47.76,267.76,90,0
9.15E-13,0.0012695,-2.04E-05,0,0,,47.82,267.82,90,0
8.36E-13,0.0012695,-2.04E-05,0,0,,47.88,267.88,90,0
7.56E-13,0.0012696,-2.04E-05,0,0,,47.94,267.94,90,0
6.77E-13,0.0012696,-2.04E-05,0,0,,48,268,90,0
5.97E-13,0.0012696,-2.04E-05,0,0,,48.06,268.06,90,0
5.18E-13,0.0012696,-2.04E-05,0,0,,48.12,268.12,90,0
4.38E-13,0.0012696,-2.03E-05,0,0,,48.18,268.18,90,0
3.59E-13,0.0012696,-2.03E-05,0,0,,48.24,268.24,90,0
3.10E-13,0.0012696,-2.03E-05,0,0,,48.3,268.3,90,0
2.92E-13,0.0012696,-2.03E-05,0,0,,48.36,268.36,90,0
2.75E-13,0.0012696,-2.03E-05,0,0,,48.42,268.42,90,0
2.58E-13,0.0012696,-2.03E-05,0,0,,48.48,268.48,90,0
2.40E-13,0.0012697,-2.03E-05,0,0,,48.54,268.54,90,0
2.23E-13,0.0012697,-2.03E-05,0,0,,48.6,268.6,90,0
2.06E-13,0.0012697,-2.03E-05,0,0,,48.66,268.66,90,0
1.89E-13,0.0012697,-2.03E-05,0,0,,48.72,268.72,90,0
1.71E-13,0.0012697,-2.03E-05,0,0,,48.78,268.78,90,0
1.54E-13,0.0012697,-2.02E-05,0,0,,48.84,268.84,90,0
1.37E-13,0.0012697,-2.02E-05,0,0,,48.9,268.9,90,0
1.20E-13,0.0012697,-2.02E-05,0,0,,48.96,268.96,90,0
1.02E-13,0.0012697,-2.02E-05,0,0,,49.02,269.02,90,0
8.50E-14,0.0012697,-2.02E-05,0,0,,49.08,269.08,90,0
6.86E-14,0.0012698,-2.02E-05,0,0,,49.14,269.14,90,0
6.49E-14,0.0012698,-2.02E-05,0,0,,49.2,269.2,90,0
6.11E-14,0.0012698,-2.02E-05,0,0,,49.26,269.26,90,0
5.74E-14,0.0012698,-2.02E-05,0,0,,49.32,269.32,90,0
5.37E-14,0.0012698,-2.02E-05,0,0,,49.38,269.38,90,0
4.99E-14,0.0012698,-2.02E-05,0,0,,49.44,269.44,90,0
4.62E-14,0.0012698,-2.01E-05,0,0,,49.5,269.5,90,0
4.24E-14,0.0012698,-2.01E-05,0,0,,49.56,269.56,90,0
3.87E-14,0.0012698,-2.01E-05,0,0,,49.62,269.62,90,0
3.49E-14,0.0012698,-2.01E-05,0,0,,49.68,269.68,90,0
3.12E-14,0.0012699,-2.01E-05,0,0,,49.74,269.74,90,0
2.74E-14,0.0012699,-2.01E-05,0,0,,49.8,269.8,90,0
2.37E-14,0.0012699,-2.01E-05,0,0,,49.86,269.86,90,0
1.99E-14,0.0012699,-2.01E-05,0,0,,49.92,269.92,90,0
1.62E-14,0.0012699,-2.01E-05,0,0,,49.98,269.98,90,0
1.44E-14,0.0012699,-2.01E-05,0,0,,50.04,270.04,90,0
1.36E-14,0.0012699,-2.01E-05,0,0,,50.1,270.1,90,0
1.28E-14,0.0012699,-2.00E-05,0,0,,50.16,270.16,90,0
1.20E-14,0.0012699,-2.00E-05,0,0,,50.22,270.22,90,0
1.12E-14,0.0012699,-2.00E-05,0,0,,50.28,270.28,90,0
1.04E-14,0.0012699,-2.00E-05,0,0,,50.34,270.34,90,0
9.66E-15,0.00127,-2.00E-05,0,0,,50.4,270.4,90,0
8.87E-15,0.00127,-2.00E-05,0,0,,50.46,270.46,90,0
8.08E-15,0.00127,-2.00E-05,0,0,,50.52,270.52,90,0
7.29E-15,0.00127,-2.00E-05,0,0,,50.58,270.58,90,0
6.50E-15,0.00127,-2.00E-05,0,0,,50.64,270.64,90,0
5.71E-15,0.00127,-2.00E-05,0,0,,50.7,270.7,90,0
4.92E-15,0.00127,-2.00E-05,0,0,,50.76,270.76,90,0
4.13E-15,0.00127,-2.00E-05,0,0,,50.82,270.82,90,0
3.34E-15,0.00127,-1.99E-05,0,0,,50.88,270.88,90,0
2.79E-15,0.00127,-1.99E-05,0,0,,50.94,270.94,90,0
2.65E-15,0.0012701,-1.99E-05,0,0,,51,271,90,0
2.52E-15,0.0012701,-1.99E-05,0,0,,51.06,271.06,90,0
2.38E-15,0.0012701,-1.99E-05,0,0,,51.12,271.12,90,0
2.24E-15,0.0012701,-1.99E-05,0,0,,51.18,271.18,90,0
2.11E-15,0.0012701,-1.99E-05,0,0,,51.24,271.24,90,0
1.97E-15,0.0012701,-1.99E-05,0,0,,51.3,271.3,90,0
1.84E-15,0.0012701,-1.99E-05,0,0,,51.36,271.36,90,0
1.70E-15,0.0012701,-1.99E-05,0,0,,51.42,271.42,90,0
1.56E-15,0.0012701,-1.99E-05,0,0,,51.48,271.48,90,0
1.43E-15,0.0012701,-1.98E-05,0,0,,51.54,271.54,90,0
1.29E-15,0.0012702,-1.98E-05,0,0,,51.6,271.6,90,0
1.16E-15,0.0012702,-1.98E-05,0,0,,51.66,271.66,90,0
1.02E-15,0.0012702,-1.98E-05,0,0,,51.72,271.72,90,0
8.83E-16,0.0012702,-1.98E-05,0,0,,51.78,271.78,90,0
7.47E-16,0.0012702,-1.98E-05,0,0,,51.84,271.84,90,0
6.08E-16,0.0012702,-1.98E-05,0,0,,51.9,271.9,90,0
4.65E-16,0.0012702,-1.98E-05,0,0,,51.96,271.96,90,0
3.50E-16,0.0012702,-1.98E-05,0,0,,52.02,272.02,90,0
3.34E-16,0.0012702,-1.98E-05,0,0,,52.08,272.08,90,0
3.19E-16,0.0012702,-1.98E-05,0,0,,52.14,272.14,90,0
3.03E-16,0.0012703,-1.97E-05,0,0,,52.2,272.2,90,0
2.87E-16,0.0012703,-1.97E-05,0,0,,52.26,272.26,90,0
2.72E-16,0.0012703,-1.97E-05,0,0,,52.32,272.32,90,0
2.56E-16,0.0012703,-1.97E-05,0,0,,52.38,272.38,90,0
2.40E-16,0.0012703,-1.97E-05,0,0,,52.44,272.44,90,0
2.25E-16,0.0012703,-1.97E-05,0,0,,52.5,272.5,90,0
2.09E-16,0.0012703,-1.97E-05,0,0,,52.56,272.56,90,0
1.94E-16,0.0012703,-1.97E-05,0,0,,52.62,272.62,90,0
1.78E-16,0.0012703,-1.97E-05,0,0,,52.68,272.68,90,0
1.62E-16,0.0012703,-1.97E-05,0,0,,52.74,272.74,90,0
1.47E-16,0.0012703,-1.97E-05,0,0,,52.8,272.8,90,0
1.31E-16,0.0012704,-1.97E-05,0,0,,52.86,272.86,90,0
1.16E-16,0.0012704,-1.96E-05,0,0,,52.92,272.92,90,0
9.99E-17,0.0012704,-1.96E-05,0,0,,52.98,272.98,90,0
8.43E-17,0.0012704,-1.96E-05,0,0,,53.04,273.04,90,0
6.87E-17,0.0012704,-1.96E-05,0,0,,53.1,273.1,90,0
5.31E-17,0.0012704,-1.96E-05,0,0,,53.16,273.16,90,0
3.75E-17,0.0012704,-1.96E-05,0,0,,53.22,273.22,90,0
2.78E-17,0.0012704,-1.96E-05,0,0,,53.28,273.28,90,0
2.63E-17,0.0012704,-1.96E-05,0,0,,53.34,273.34,90,0
2.49E-17,0.0012704,-1.96E-05,0,0,,53.4,273.4,90,0
2.34E-17,0.0012705,-1.96E-05,0,0,,53.46,273.46,90,0
2.20E-17,0.0012705,-1.96E-05,0,0,,53.52,273.52,90,0
2.05E-17,0.0012705,-1.95E-05,0,0,,53.58,273.58,90,0
1.90E-17,0.0012705,-1.95E-05,0,0,,53.64,273.64,90,0
1.76E-17,0.0012705,-1.95E-05,0,0,,53.7,273.7,90,0
1.61E-17,0.0012705,-1.95E-05,0,0,,53.76,273.76,90,0
1.47E-17,0.0012705,-1.95E-05,0,0,,53.82,273.82,90,0
1.32E-17,0.0012705,-1.95E-05,0,0,,53.88,273.88,90,0
1.17E-17,0.0012705,-1.95E-05,0,0,,53.94,273.94,90,0
1.03E-17,0.0012705,-1.95E-05,0,0,,54,274,90,0
9.02E-18,0.0012706,-1.95E-05,0,0,,54.06,274.06,90,0
8.24E-18,0.0012706,-1.95E-05,0,0,,54.12,274.12,90,0
7.46E-18,0.0012706,-1.95E-05,0,0,,54.18,274.18,90,0
6.68E-18,0.0012706,-1.95E-05,0,0,,54.24,274.24,90,0
5.90E-18,0.0012706,-1.94E-05,0,0,,54.3,274.3,90,0
5.12E-18,0.0012706,-1.94E-05,0,0,,54.36,274.36,90,0
4.35E-18,0.0012706,-1.94E-05,0,0,,54.42,274.42,90,0
3.57E-18,0.0012706,-1.94E-05,0,0,,54.48,274.48,90,0
2.79E-18,0.0012706,-1.94E-05,0,0,,54.54,274.54,90,0
2.01E-18,0.0012706,-1.94E-05,0,0,,54.6,274.6,90,0
1.23E-18,0.0012707,-1.94E-05,0,0,,54.66,274.66,90,0
8.74E-19,0.0012707,-1.94E-05,0,0,,54.72,274.72,90,0
8.50E-19,0.0012707,-1.94E-05,0,0,,54.78,274.78,90,0
8.26E-19,0.0012707,-1.94E-05,0,0,,54.84,274.84,90,0
8.03E-19,0.0012707,-1.94E-05,0,0,,54.9,274.9,90,0
7.79E-19,0.0012707,-1.94E-05,0,0,,54.96,274.96,90,0
7.55E-19,0.0012707,-1.93E-05,0,0,,55.02,275.02,90,0
7.31E-19,0.0012707,-1.93E-05,0,0,,55.08,275.08,90,0
7.07E-19,0.0012707,-1.93E-05,0,0,,55.14,275.14,90,0
6.83E-19,0.0012707,-1.93E-05,0,0,,55.2,275.2,90,0
6.59E-19,0.0012707,-1.93E-05,0,0,,55.26,275.26,90,0
6.36E-19,0.0012708,-1.93E-05,0,0,,55.32,275.32,90,0
6.12E-19,0.0012708,-1.93E-05,0,0,,55.38,275.38,90,0
5.88E-19,0.0012708,-1.93E-05,0,0,,55.44,275.44,90,0
5.64E-19,0.0012708,-1.93E-05,0,0,,55.5,275.5,90,0
5.40E-19,0.0012708,-1.93E-05,0,0,,55.56,275.56,90,0
5.16E-19,0.0012708,-1.93E-05,0,0,,55.62,275.62,90,0
4.93E-19,0.0012708,-1.92E-05,0,0,,55.68,275.68,90,0
4.69E-19,0.0012708,-1.92E-05,0,0,,55.74,275.74,90,0
4.45E-19,0.0012708,-1.92E-05,0,0,,55.8,275.8,90,0
4.21E-19,0.0012708,-1.92E-05,0,0,,55.86,275.86,90,0
3.97E-19,0.0012709,-1.92E-05,0,0,,55.92,275.92,90,0
3.73E-19,0.0012709,-1.92E-05,0,0,,55.98,275.98,90,0
3.49E-19,0.0012709,-1.92E-05,0,0,,56.04,276.04,90,0
3.26E-19,0.0012709,-1.92E-05,0,0,,56.1,276.1,90,0
3.02E-19,0.0012709,-1.92E-05,0,0,,56.16,276.16,90,0
2.73E-19,0.0012709,-1.92E-05,0,0,,56.22,276.22,90,0
2.36E-19,0.0012709,-1.92E-05,0,0,,56.28,276.28,90,0
1.99E-19,0.0012709,-1.92E-05,0,0,,56.34,276.34,90,0
1.62E-19,0.0012709,-1.91E-05,0,0,,56.4,276.4,90,0
1.24E-19,0.0012709,-1.91E-05,0,0,,56.46,276.46,90,0
8.69E-20,0.0012709,-1.91E-05,0,0,,56.52,276.52,90,0
4.96E-20,0.001271,-1.91E-05,0,0,,56.58,276.58,90,0
1.23E-20,0.001271,-1.91E-05,0,0,,56.64,276.64,90,0
5.72E-21,0.001271,-1.91E-05,0,0,,56.7,276.7,90,0
1.65E-21,0.001271,-1.91E-05,0,0,,56.76,276.76,90,0
4.70E-22,0.001271,-1.91E-05,0,0,,56.82,276.82,90,0
5.04E-22,0.001271,-1.91E-05,0,0,,56.88,276.88,90,0
5.37E-22,0.001271,-1.91E-05,0,0,,56.94,276.94,90,0
5.71E-22,0.001271,-1.91E-05,0,0,,57,277,90,0
6.05E-22,0.001271,-1.90E-05,0,0,,57.06,277.06,90,0
6.38E-22,0.001271,-1.90E-05,0,0,,57.12,277.12,90,0
6.72E-22,0.0012711,-1.90E-05,0,0,,57.18,277.18,90,0
7.06E-22,0.0012711,-1.90E-05,0,0,,57.24,277.24,90,0
7.40E-22,0.0012711,-1.90E-05,0,0,,57.3,277.3,90,0
7.73E-22,0.0012711,-1.90E-05,0,0,,57.36,277.36,90,0
8.07E-22,0.0012711,-1.90E-05,0,0,,57.42,277.42,90,0
8.41E-22,0.0012711,-1.90E-05,0,0,,57.48,277.48,90,0
8.74E-22,0.0012711,-1.90E-05,0,0,,57.54,277.54,90,0
9.08E-22,0.0012711,-1.90E-05,0,0,,57.6,277.6,90,0
9.42E-22,0.0012711,-1.90E-05,0,0,,57.66,277.66,90,0
9.76E-22,0.0012711,-1.90E-05,0,0,,57.72,277.72,90,0
1.01E-21,0.0012712,-1.89E-05,0,0,,57.78,277.78,90,0
1.04E-21,0.0012712,-1.89E-05,0,0,,57.84,277.84,90,0
1.08E-21,0.0012712,-1.89E-05,0,0,,57.9,277.9,90,0
1.11E-21,0.0012712,-1.89E-05,0,0,,57.96,277.96,90,0
1.14E-21,0.0012712,-1.89E-05,0,0,,58.02,278.02,90,0
1.18E-21,0.0012712,-1.89E-05,0,0,,58.08,278.08,90,0
1.21E-21,0.0012712,-1.89E-05,0,0,,58.14,278.14,90,0
1.25E-21,0.0012712,-1.89E-05,0,0,,58.2,278.2,90,0
1.28E-21,0.0012712,-1.89E-05,0,0,,58.26,278.26,90,0
1.31E-21,0.0012712,-1.89E-05,0,0,,58.32,278.32,90,0
1.35E-21,0.0012712,-1.89E-05,0,0,,58.38,278.38,90,0
1.38E-21,0.0012713,-1.88E-05,0,0,,58.44,278.44,90,0
1.41E-21,0.0012713,-1.88E-05,0,0,,58.5,278.5,90,0
1.45E-21,0.0012713,-1.88E-05,0,0,,58.56,278.56,90,0
1.48E-21,0.0012713,-1.88E-05,0,0,,58.62,278.62,90,0
1.52E-21,0.0012713,-1.88E-05,0,0,,58.68,278.68,90,0
1.55E-21,0.0012713,-1.88E-05,0,0,,58.74,278.74,90,0
1.58E-21,0.0012713,-1.88E-05,0,0,,58.8,278.8,90,0
1.62E-21,0.0012713,-1.88E-05,0,0,,58.86,278.86,90,0
1.65E-21,0.0012713,-1.88E-05,0,0,,58.92,278.92,90,0
1.68E-21,0.0012713,-1.88E-05,0,0,,58.98,278.98,90,0
1.72E-21,0.0012714,-1.88E-05,0,0,,59.04,279.04,90,0
1.75E-21,0.0012714,-1.88E-05,0,0,,59.1,279.1,90,0
1.78E-21,0.0012714,-1.87E-05,0,0,,59.16,279.16,90,0
1.82E-21,0.0012714,-1.87E-05,0,0,,59.22,279.22,90,0
1.85E-21,0.0012714,-1.87E-05,0,0,,59.28,279.28,90,0
1.89E-21,0.0012714,-1.87E-05,0,0,,59.34,279.34,90,0
1.92E-21,0.0012714,-1.87E-05,0,0,,59.4,279.4,90,0
1.95E-21,0.0012714,-1.87E-05,0,0,,59.46,279.46,90,0
1.99E-21,0.0012714,-1.87E-05,0,0,,59.52,279.52,90,0
2.02E-21,0.0012714,-1.87E-05,0,0,,59.58,279.58,90,0
2.05E-21,0.0012714,-1.87E-05,0,0,,59.64,279.64,90,0
2.09E-21,0.0012715,-1.87E-05,0,0,,59.7,279.7,90,0
2.12E-21,0.0012715,-1.87E-05,0,0,,59.76,279.76,90,0
2.16E-21,0.0012715,-1.86E-05,0,0,,59.82,279.82,90,0
2.19E-21,0.0012715,-1.86E-05,0,0,,59.88,279.88,90,0
2.22E-21,0.0012715,-1.86E-05,0,0,,59.94,279.94,90,0
2.21E-21,0.0012715,-1.86E-05,0,0,,60,280,90,0
