disp:0,disp:1,disp:2,cdf,damageW,vtkValidPointMask,arc_length,Points:0,Points:1,Points:2
0.0053237,-0.00579,0,0,8.35E-15,,0,220,90,0
0.0053246,-0.0057896,0,0,8.35E-15,,0.059998,220.06,90,0
0.0053255,-0.0057891,0,0,8.35E-15,,0.12,220.12,90,0
0.0053264,-0.0057887,0,0,8.35E-15,,0.17999,220.18,90,0
0.0053273,-0.0057883,0,0,8.35E-15,,0.24001,220.24,90,0
0.0053282,-0.0057879,0,0,8.35E-15,,0.3,220.3,90,0
0.005329,-0.0057874,0,0,8.35E-15,,0.36,220.36,90,0
0.00533,-0.005787,0,0,8.35E-15,,0.42,220.42,90,0
0.0053309,-0.0057865,0,0,8.35E-15,,0.48,220.48,90,0
0.0053319,-0.0057859,0,0,8.35E-15,,0.53999,220.54,90,0
0.0053329,-0.0057854,0,0,8.35E-15,,0.60001,220.6,90,0
0.0053338,-0.0057849,0,0,8.35E-15,,0.66,220.66,90,0
0.0053348,-0.0057844,0,0,8.35E-15,,0.72,220.72,90,0
0.0053358,-0.0057839,0,0,8.35E-15,,0.78,220.78,90,0
0.0053367,-0.0057833,0,0,8.35E-15,,0.84,220.84,90,0
0.0053377,-0.0057828,0,0,8.35E-15,,0.89999,220.9,90,0
0.0053387,-0.0057823,0,0,8.35E-15,,0.96001,220.96,90,0
0.0053396,-0.0057818,0,0,8.35E-15,,1.02,221.02,90,0
0.0053406,-0.0057812,0,0,8.35E-15,,1.08,221.08,90,0
0.0053416,-0.0057807,0,0,8.35E-15,,1.14,221.14,90,0
0.0053425,-0.0057802,0,0,8.35E-15,,1.2,221.2,90,0
0.0053435,-0.0057797,0,0,8.35E-15,,1.26,221.26,90,0
0.0053445,-0.0057791,0,0,8.35E-15,,1.32,221.32,90,0
0.0053454,-0.0057786,0,0,8.35E-15,,1.38,221.38,90,0
0.0053464,-0.0057781,0,0,8.35E-15,,1.44,221.44,90,0
0.0053474,-0.0057776,0,0,8.35E-15,,1.5,221.5,90,0
0.0053484,-0.005777,0,0,8.35E-15,,1.56,221.56,90,0
0.0053493,-0.0057765,0,0,8.35E-15,,1.62,221.62,90,0
0.0053503,-0.005776,0,0,3.98E-14,,1.68,221.68,90,0
0.0053512,-0.0057754,0,0,3.98E-14,,1.74,221.74,90,0
0.0053521,-0.0057749,0,0,3.98E-14,,1.8,221.8,90,0
0.0053531,-0.0057744,0,0,3.98E-14,,1.86,221.86,90,0
0.005354,-0.0057738,0,0,3.98E-14,,1.92,221.92,90,0
0.005355,-0.0057733,0,0,3.98E-14,,1.98,221.98,90,0
0.0053559,-0.0057727,0,0,3.98E-14,,2.04,222.04,90,0
0.0053569,-0.0057722,0,0,3.98E-14,,2.1,222.1,90,0
0.0053578,-0.0057717,0,0,3.98E-14,,2.16,222.16,90,0
0.0053587,-0.0057711,0,0,3.98E-14,,2.22,222.22,90,0
0.0053597,-0.0057706,0,0,3.98E-14,,2.28,222.28,90,0
0.0053606,-0.00577,0,0,3.98E-14,,2.34,222.34,90,0
0.0053616,-0.0057695,0,0,3.98E-14,,2.4,222.4,90,0
0.0053625,-0.0057689,0,0,3.98E-14,,2.46,222.46,90,0
0.0053634,-0.0057684,0,0,3.98E-14,,2.52,222.52,90,0
0.0053644,-0.0057679,0,0,3.98E-14,,2.58,222.58,90,0
0.0053653,-0.0057673,0,0,3.98E-14,,2.64,222.64,90,0
0.0053663,-0.0057668,0,0,3.98E-14,,2.7,222.7,90,0
0.0053672,-0.0057662,0,0,3.98E-14,,2.76,222.76,90,0
0.0053681,-0.0057657,0,0,3.98E-14,,2.82,222.82,90,0
0.0053691,-0.0057652,0,0,3.98E-14,,2.88,222.88,90,0
0.00537,-0.0057646,0,0,3.98E-14,,2.94,222.94,90,0
0.005371,-0.0057641,0,0,3.98E-14,,3,223,90,0
0.0053719,-0.0057635,0,0,3.98E-14,,3.06,223.06,90,0
0.0053729,-0.005763,0,0,3.98E-14,,3.12,223.12,90,0
0.0053738,-0.0057625,0,0,3.98E-14,,3.18,223.18,90,0
0.0053747,-0.0057619,0,0,3.98E-14,,3.24,223.24,90,0
0.0053757,-0.0057614,0,0,3.98E-14,,3.3,223.3,90,0
0.0053766,-0.0057608,0,0,3.98E-14,,3.36,223.36,90,0
0.0053775,-0.0057603,0,0,4.42E-14,,3.42,223.42,90,0
0.0053784,-0.0057597,0,0,4.42E-14,,3.48,223.48,90,0
0.0053793,-0.0057592,0,0,4.42E-14,,3.54,223.54,90,0
0.0053802,-0.0057586,0,0,4.42E-14,,3.6,223.6,90,0
0.0053811,-0.0057581,0,0,4.42E-14,,3.66,223.66,90,0
0.005382,-0.0057575,0,0,4.42E-14,,3.72,223.72,90,0
0.0053829,-0.005757,0,0,4.42E-14,,3.78,223.78,90,0
0.0053838,-0.0057564,0,0,4.42E-14,,3.84,223.84,90,0
0.0053847,-0.0057558,0,0,4.42E-14,,3.9,223.9,90,0
0.0053856,-0.0057553,0,0,4.42E-14,,3.96,223.96,90,0
0.0053865,-0.0057547,0,0,4.42E-14,,4.02,224.02,90,0
0.0053874,-0.0057542,0,0,4.42E-14,,4.08,224.08,90,0
0.0053883,-0.0057536,0,0,4.42E-14,,4.14,224.14,90,0
0.0053892,-0.0057531,0,0,4.42E-14,,4.2,224.2,90,0
0.0053902,-0.0057525,0,0,3.35E-13,,4.26,224.26,90,0
0.0053911,-0.0057519,0,0,3.35E-13,,4.32,224.32,90,0
0.0053921,-0.0057513,0,0,3.35E-13,,4.38,224.38,90,0
0.005393,-0.0057507,0,0,3.35E-13,,4.44,224.44,90,0
0.005394,-0.0057502,0,0,3.35E-13,,4.5,224.5,90,0
0.0053949,-0.0057496,0,0,3.35E-13,,4.56,224.56,90,0
0.0053959,-0.005749,0,0,3.35E-13,,4.62,224.62,90,0
0.0053968,-0.0057484,0,0,3.35E-13,,4.68,224.68,90,0
0.0053978,-0.0057478,0,0,3.35E-13,,4.74,224.74,90,0
0.0053988,-0.0057472,0,0,3.35E-13,,4.8,224.8,90,0
0.0053997,-0.0057466,0,0,3.35E-13,,4.86,224.86,90,0
0.0054007,-0.0057461,0,0,3.35E-13,,4.92,224.92,90,0
0.0054016,-0.0057455,0,0,3.35E-13,,4.98,224.98,90,0
0.0054026,-0.0057449,0,0,3.35E-13,,5.04,225.04,90,0
0.0054035,-0.0057443,0,0,3.35E-13,,5.1,225.1,90,0
0.0054045,-0.0057437,0,0,3.35E-13,,5.16,225.16,90,0
0.0054054,-0.0057431,0,0,3.35E-13,,5.22,225.22,90,0
0.0054064,-0.0057425,0,0,3.35E-13,,5.28,225.28,90,0
0.0054073,-0.0057419,0,0,3.35E-13,,5.34,225.34,90,0
0.0054083,-0.0057414,0,0,3.35E-13,,5.4,225.4,90,0
0.0054093,-0.0057408,0,0,3.30E-13,,5.46,225.46,90,0
0.0054103,-0.0057401,0,0,3.30E-13,,5.52,225.52,90,0
0.0054112,-0.0057395,0,0,3.30E-13,,5.58,225.58,90,0
0.0054122,-0.0057388,0,0,3.30E-13,,5.64,225.64,90,0
0.0054132,-0.0057382,0,0,3.30E-13,,5.7,225.7,90,0
0.0054142,-0.0057375,0,0,3.30E-13,,5.76,225.76,90,0
0.0054152,-0.0057369,0,0,3.30E-13,,5.82,225.82,90,0
0.0054162,-0.0057363,0,0,3.30E-13,,5.88,225.88,90,0
0.0054172,-0.0057356,0,0,3.30E-13,,5.94,225.94,90,0
0.0054182,-0.005735,0,0,3.30E-13,,6,226,90,0
0.0054192,-0.0057343,0,0,3.30E-13,,6.06,226.06,90,0
0.0054202,-0.0057337,0,0,3.30E-13,,6.12,226.12,90,0
0.0054212,-0.0057331,0,0,3.30E-13,,6.18,226.18,90,0
0.0054222,-0.0057324,0,0,4.49E-11,,6.24,226.24,90,0
0.0054232,-0.0057318,0,0,4.49E-11,,6.3,226.3,90,0
0.0054242,-0.0057311,0,0,4.49E-11,,6.36,226.36,90,0
0.0054252,-0.0057305,0,0,4.49E-11,,6.42,226.42,90,0
0.0054262,-0.0057298,0,0,4.49E-11,,6.48,226.48,90,0
0.0054272,-0.0057292,0,0,4.49E-11,,6.54,226.54,90,0
0.0054282,-0.0057285,0,0,4.49E-11,,6.6,226.6,90,0
0.0054292,-0.0057279,0,0,4.49E-11,,6.66,226.66,90,0
0.0054302,-0.0057272,0,0,4.49E-11,,6.72,226.72,90,0
0.0054312,-0.0057266,0,0,4.49E-11,,6.78,226.78,90,0
0.0054322,-0.0057259,0,0,4.49E-11,,6.84,226.84,90,0
0.0054332,-0.0057253,0,0,4.49E-11,,6.9,226.9,90,0
0.0054342,-0.0057247,0,0,4.49E-11,,6.96,226.96,90,0
0.0054352,-0.005724,0,0,4.49E-11,,7.02,227.02,90,0
0.0054362,-0.0057234,0,0,4.49E-11,,7.08,227.08,90,0
0.0054372,-0.0057227,0,0,4.49E-11,,7.14,227.14,90,0
0.0054383,-0.0057221,0,0,4.49E-11,,7.2,227.2,90,0
0.0054393,-0.0057214,0,0,4.49E-11,,7.26,227.26,90,0
0.0054403,-0.0057208,0,0,4.49E-11,,7.32,227.32,90,0
0.0054413,-0.0057201,0,0,4.49E-11,,7.38,227.38,90,0
0.0054423,-0.0057195,0,0,9.45E-11,,7.44,227.44,90,0
0.0054433,-0.0057188,0,0,9.45E-11,,7.5,227.5,90,0
0.0054443,-0.0057182,0,0,9.45E-11,,7.56,227.56,90,0
0.0054453,-0.0057176,0,0,9.45E-11,,7.62,227.62,90,0
0.0054463,-0.0057169,0,0,9.45E-11,,7.68,227.68,90,0
0.0054473,-0.0057163,0,0,9.45E-11,,7.74,227.74,90,0
0.0054483,-0.0057156,0,0,8.19E-10,,7.8,227.8,90,0
0.0054493,-0.005715,0,0,8.19E-10,,7.86,227.86,90,0
0.0054504,-0.0057143,0,0,8.19E-10,,7.92,227.92,90,0
0.0054514,-0.0057136,0,0,8.19E-10,,7.98,227.98,90,0
0.0054524,-0.0057129,0,0,1.50E-09,,8.04,228.04,90,0
0.0054535,-0.0057122,0,0,1.50E-09,,8.1,228.1,90,0
0.0054545,-0.0057115,0,0,1.50E-09,,8.16,228.16,90,0
0.0054556,-0.0057108,0,0,1.50E-09,,8.22,228.22,90,0
0.0054566,-0.0057101,0,0,1.50E-09,,8.28,228.28,90,0
0.0054577,-0.0057094,0,0,1.50E-09,,8.34,228.34,90,0
0.0054587,-0.0057087,0,0,1.50E-09,,8.4,228.4,90,0
0.0054598,-0.005708,0,0,1.50E-09,,8.46,228.46,90,0
0.0054608,-0.0057073,0,0,1.50E-09,,8.52,228.52,90,0
0.0054619,-0.0057066,0,0,1.50E-09,,8.58,228.58,90,0
0.0054629,-0.0057059,0,0,1.50E-09,,8.64,228.64,90,0
0.005464,-0.0057052,0,0,1.50E-09,,8.7,228.7,90,0
0.005465,-0.0057045,0,0,1.50E-09,,8.76,228.76,90,0
0.0054661,-0.0057038,0,0,1.50E-09,,8.82,228.82,90,0
0.0054671,-0.005703,0,0,1.50E-09,,8.88,228.88,90,0
0.0054682,-0.0057023,0,0,1.50E-09,,8.94,228.94,90,0
0.0054692,-0.0057016,0,0,1.50E-09,,9,229,90,0
0.0054703,-0.0057009,0,0,1.50E-09,,9.06,229.06,90,0
0.0054714,-0.0057002,0,0,5.40E-09,,9.12,229.12,90,0
0.0054724,-0.0056995,0,0,5.40E-09,,9.18,229.18,90,0
0.0054735,-0.0056988,0,0,5.40E-09,,9.24,229.24,90,0
0.0054746,-0.005698,0,0,5.40E-09,,9.3,229.3,90,0
0.0054756,-0.0056973,0,0,5.40E-09,,9.36,229.36,90,0
0.0054767,-0.0056966,0,0,5.40E-09,,9.42,229.42,90,0
0.0054778,-0.0056959,0,0,5.40E-09,,9.48,229.48,90,0
0.0054789,-0.0056951,0,0,5.40E-09,,9.54,229.54,90,0
0.0054799,-0.0056944,0,0,5.40E-09,,9.6,229.6,90,0
0.005481,-0.0056937,0,0,5.40E-09,,9.66,229.66,90,0
0.0054821,-0.005693,0,0,5.40E-09,,9.72,229.72,90,0
0.0054831,-0.0056922,0,0,5.40E-09,,9.78,229.78,90,0
0.0054842,-0.0056915,0,0,5.40E-09,,9.84,229.84,90,0
0.0054853,-0.0056908,0,0,5.40E-09,,9.9,229.9,90,0
0.0054863,-0.0056901,0,0,5.40E-09,,9.96,229.96,90,0
0.0054874,-0.0056893,0,0,4.00E-08,,10.02,230.02,90,0
0.0054885,-0.0056886,0,0,4.00E-08,,10.08,230.08,90,0
0.0054896,-0.0056878,0,0,4.00E-08,,10.14,230.14,90,0
0.0054907,-0.005687,0,0,4.00E-08,,10.2,230.2,90,0
0.0054918,-0.0056863,0,0,4.00E-08,,10.26,230.26,90,0
0.005493,-0.0056855,0,0,4.00E-08,,10.32,230.32,90,0
0.0054941,-0.0056847,0,0,4.00E-08,,10.38,230.38,90,0
0.0054952,-0.0056839,0,0,4.00E-08,,10.44,230.44,90,0
0.0054963,-0.0056832,0,0,4.00E-08,,10.5,230.5,90,0
0.0054974,-0.0056824,0,0,4.00E-08,,10.56,230.56,90,0
0.0054985,-0.0056816,0,0,4.00E-08,,10.62,230.62,90,0
0.0054996,-0.0056809,0,0,4.00E-08,,10.68,230.68,90,0
0.0055007,-0.0056801,0,0,4.00E-08,,10.74,230.74,90,0
0.0055018,-0.0056793,0,0,4.00E-08,,10.8,230.8,90,0
0.0055029,-0.0056786,0,0,4.00E-08,,10.86,230.86,90,0
0.005504,-0.0056778,0,0,1.18E-07,,10.92,230.92,90,0
0.0055051,-0.005677,0,0,1.18E-07,,10.98,230.98,90,0
0.0055063,-0.0056762,0,0,1.18E-07,,11.04,231.04,90,0
0.0055074,-0.0056754,0,0,1.18E-07,,11.1,231.1,90,0
0.0055085,-0.0056746,0,0,1.18E-07,,11.16,231.16,90,0
0.0055096,-0.0056739,0,0,1.18E-07,,11.22,231.22,90,0
0.0055107,-0.0056731,0,0,1.18E-07,,11.28,231.28,90,0
0.0055119,-0.0056723,0,0,1.18E-07,,11.34,231.34,90,0
0.005513,-0.0056715,0,0,1.18E-07,,11.4,231.4,90,0
0.0055141,-0.0056707,0,0,1.18E-07,,11.46,231.46,90,0
0.0055152,-0.0056699,0,0,1.18E-07,,11.52,231.52,90,0
0.0055163,-0.0056691,0,0,1.18E-07,,11.58,231.58,90,0
0.0055175,-0.0056683,0,0,1.18E-07,,11.64,231.64,90,0
0.0055186,-0.0056676,0,0,1.18E-07,,11.7,231.7,90,0
0.0055197,-0.0056668,0,0,8.46E-07,,11.76,231.76,90,0
0.0055209,-0.0056659,0,0,8.46E-07,,11.82,231.82,90,0
0.005522,-0.0056651,0,0,8.46E-07,,11.88,231.88,90,0
0.0055232,-0.0056643,0,0,8.46E-07,,11.94,231.94,90,0
0.0055244,-0.0056634,0,0,8.46E-07,,12,232,90,0
0.0055255,-0.0056626,0,0,8.46E-07,,12.06,232.06,90,0
0.0055267,-0.0056618,0,0,8.46E-07,,12.12,232.12,90,0
0.0055278,-0.0056609,0,0,8.46E-07,,12.18,232.18,90,0
0.005529,-0.0056601,0,0,8.46E-07,,12.24,232.24,90,0
0.0055301,-0.0056593,0,0,8.46E-07,,12.3,232.3,90,0
0.0055313,-0.0056584,0,0,8.46E-07,,12.36,232.36,90,0
0.0055325,-0.0056576,0,0,8.46E-07,,12.42,232.42,90,0
0.0055336,-0.0056568,0,0,8.46E-07,,12.48,232.48,90,0
0.0055348,-0.0056559,0,0,8.46E-07,,12.54,232.54,90,0
0.0055359,-0.0056551,0,0,2.52E-06,,12.6,232.6,90,0
0.0055371,-0.0056542,0,0,2.52E-06,,12.66,232.66,90,0
0.0055383,-0.0056534,0,0,2.52E-06,,12.72,232.72,90,0
0.0055395,-0.0056525,0,0,2.52E-06,,12.78,232.78,90,0
0.0055406,-0.0056517,0,0,2.52E-06,,12.84,232.84,90,0
0.0055418,-0.0056508,0,0,2.52E-06,,12.9,232.9,90,0
0.005543,-0.0056499,0,0,2.52E-06,,12.96,232.96,90,0
0.0055442,-0.0056491,0,0,2.52E-06,,13.02,233.02,90,0
0.0055453,-0.0056482,0,0,2.52E-06,,13.08,233.08,90,0
0.0055465,-0.0056474,0,0,2.52E-06,,13.14,233.14,90,0
0.0055477,-0.0056465,0,0,2.52E-06,,13.2,233.2,90,0
0.0055489,-0.0056457,0,0,2.52E-06,,13.26,233.26,90,0
0.00555,-0.0056448,0,0,2.52E-06,,13.32,233.32,90,0
0.0055512,-0.0056439,0,0,2.52E-06,,13.38,233.38,90,0
0.0055524,-0.0056431,0,0,2.52E-06,,13.44,233.44,90,0
0.0055536,-0.0056422,0,0,1.78E-05,,13.5,233.5,90,0
0.0055548,-0.0056413,0,0,1.78E-05,,13.56,233.56,90,0
0.005556,-0.0056404,0,0,1.78E-05,,13.62,233.62,90,0
0.0055572,-0.0056395,0,0,1.78E-05,,13.68,233.68,90,0
0.0055584,-0.0056386,0,0,1.78E-05,,13.74,233.74,90,0
0.0055597,-0.0056377,0,0,1.78E-05,,13.8,233.8,90,0
0.0055609,-0.0056367,0,0,1.78E-05,,13.86,233.86,90,0
0.0055621,-0.0056358,0,0,1.78E-05,,13.92,233.92,90,0
0.0055633,-0.0056349,0,0,1.78E-05,,13.98,233.98,90,0
0.0055645,-0.005634,0,0,1.78E-05,,14.04,234.04,90,0
0.0055657,-0.0056331,0,0,1.78E-05,,14.1,234.1,90,0
0.0055669,-0.0056322,0,0,1.78E-05,,14.16,234.16,90,0
0.0055681,-0.0056313,0,0,1.78E-05,,14.22,234.22,90,0
0.0055694,-0.0056304,0,0,1.78E-05,,14.28,234.28,90,0
0.0055706,-0.0056295,0,0,5.29E-05,,14.34,234.34,90,0
0.0055718,-0.0056285,0,0,5.29E-05,,14.4,234.4,90,0
0.005573,-0.0056276,0,0,5.29E-05,,14.46,234.46,90,0
0.0055743,-0.0056267,0,0,5.29E-05,,14.52,234.52,90,0
0.0055755,-0.0056257,0,0,5.29E-05,,14.58,234.58,90,0
0.0055767,-0.0056248,0,0,5.29E-05,,14.64,234.64,90,0
0.005578,-0.0056239,0,0,5.29E-05,,14.7,234.7,90,0
0.0055792,-0.0056229,0,0,5.29E-05,,14.76,234.76,90,0
0.0055804,-0.005622,0,0,5.29E-05,,14.82,234.82,90,0
0.0055817,-0.0056211,0,0,5.29E-05,,14.88,234.88,90,0
0.0055829,-0.0056201,0,0,5.29E-05,,14.94,234.94,90,0
0.0055842,-0.0056192,0,0,5.29E-05,,15,235,90,0
0.0055854,-0.0056182,0,0,5.29E-05,,15.06,235.06,90,0
0.0055866,-0.0056173,0,0,5.29E-05,,15.12,235.12,90,0
0.0055879,-0.0056164,0,0,5.29E-05,,15.18,235.18,90,0
0.0055891,-0.0056154,0,0,0.00037944,,15.24,235.24,90,0
0.0055904,-0.0056144,0,0,0.00037944,,15.3,235.3,90,0
0.0055917,-0.0056134,0,0,0.00037944,,15.36,235.36,90,0
0.0055929,-0.0056124,0,0,0.00037944,,15.42,235.42,90,0
0.0055942,-0.0056114,0,0,0.00037944,,15.48,235.48,90,0
0.0055955,-0.0056104,0,0,0.00037944,,15.54,235.54,90,0
0.0055968,-0.0056095,0,0,0.00037944,,15.6,235.6,90,0
0.005598,-0.0056085,0,0,0.00037944,,15.66,235.66,90,0
0.0055993,-0.0056075,0,0,0.00037944,,15.72,235.72,90,0
0.0056006,-0.0056065,0,0,0.00037944,,15.78,235.78,90,0
0.0056019,-0.0056055,0,0,0.00037944,,15.84,235.84,90,0
0.0056031,-0.0056045,0,0,0.00037944,,15.9,235.9,90,0
0.0056044,-0.0056035,0,0,0.00037944,,15.96,235.96,90,0
0.0056057,-0.0056025,0,0,0.00037944,,16.02,236.02,90,0
0.005607,-0.0056015,0,0,0.0011194,,16.08,236.08,90,0
0.0056083,-0.0056005,0,0,0.0011194,,16.14,236.14,90,0
0.0056096,-0.0055995,0,0,0.0011194,,16.2,236.2,90,0
0.0056109,-0.0055985,0,0,0.0011194,,16.26,236.26,90,0
0.0056122,-0.0055974,0,0,0.0011194,,16.32,236.32,90,0
0.0056135,-0.0055964,0,0,0.0011194,,16.38,236.38,90,0
0.0056148,-0.0055954,0,0,0.0011194,,16.44,236.44,90,0
0.0056161,-0.0055944,0,0,0.0011194,,16.5,236.5,90,0
0.0056174,-0.0055934,0,0,0.0011194,,16.56,236.56,90,0
0.0056187,-0.0055923,0,0,0.0011194,,16.62,236.62,90,0
0.00562,-0.0055913,0,0,0.0011194,,16.68,236.68,90,0
0.0056213,-0.0055903,0,0,0.0011194,,16.74,236.74,90,0
0.0056226,-0.0055893,0,0,0.0011194,,16.8,236.8,90,0
0.0056239,-0.0055882,0,0,0.0011194,,16.86,236.86,90,0
0.0056252,-0.0055872,0,0,0.0011194,,16.92,236.92,90,0
0.0056265,-0.0055862,0,0,0.0078547,,16.98,236.98,90,0
0.0056278,-0.0055851,0,0,0.0078547,,17.04,237.04,90,0
0.0056292,-0.005584,0,0,0.0078547,,17.1,237.1,90,0
0.0056305,-0.0055829,0,0,0.0078547,,17.16,237.16,90,0
0.0056318,-0.0055819,0,0,0.0078547,,17.22,237.22,90,0
0.0056332,-0.0055808,0,0,0.0078547,,17.28,237.28,90,0
0.0056345,-0.0055797,0,0,0.0078547,,17.34,237.34,90,0
0.0056359,-0.0055787,0,0,0.0078547,,17.4,237.4,90,0
0.0056372,-0.0055776,0,0,0.0078547,,17.46,237.46,90,0
0.0056385,-0.0055765,0,0,0.0078547,,17.52,237.52,90,0
0.0056399,-0.0055755,0,0,0.0078547,,17.58,237.58,90,0
0.0056412,-0.0055744,0,0,0.0078547,,17.64,237.64,90,0
0.0056426,-0.0055733,0,0,0.0078547,,17.7,237.7,90,0
0.0056439,-0.0055722,0,0,0.0078547,,17.76,237.76,90,0
0.0056452,-0.0055712,0,0,0.022762,,17.82,237.82,90,0
0.0056466,-0.0055701,0,0,0.022762,,17.88,237.88,90,0
0.005648,-0.005569,0,0,0.022762,,17.94,237.94,90,0
0.0056494,-0.005568,0,0,0.022762,,18,238,90,0
0.0056507,-0.0055669,0,0,0.022762,,18.06,238.06,90,0
0.0056521,-0.0055658,0,0,0.022762,,18.12,238.12,90,0
0.0056535,-0.0055648,0,0,0.022762,,18.18,238.18,90,0
0.0056549,-0.0055637,0,0,0.022762,,18.24,238.24,90,0
0.0056562,-0.0055626,0,0,0.022762,,18.3,238.3,90,0
0.0056576,-0.0055616,0,0,0.022762,,18.36,238.36,90,0
0.005659,-0.0055605,0,0,0.022762,,18.42,238.42,90,0
0.0056604,-0.0055594,0,0,0.022762,,18.48,238.48,90,0
0.0056617,-0.0055584,0,0,0.022762,,18.54,238.54,90,0
0.0056631,-0.0055573,0,0,0.022762,,18.6,238.6,90,0
0.0056645,-0.0055562,0,0,0.038845,,18.66,238.66,90,0
0.0056659,-0.0055553,0,0,0.11371,,18.72,238.72,90,0
0.0056672,-0.0055543,0,0,0.11371,,18.78,238.78,90,0
0.0056686,-0.0055533,0,0,0.11371,,18.84,238.84,90,0
0.00567,-0.0055524,0,0,0.11371,,18.9,238.9,90,0
0.0056714,-0.0055514,0,0,0.11371,,18.96,238.96,90,0
0.0056728,-0.0055504,0,0,0.11371,,19.02,239.02,90,0
0.0056742,-0.0055494,0,0,0.11371,,19.08,239.08,90,0
0.0056756,-0.0055485,0,0,0.11371,,19.14,239.14,90,0
0.005677,-0.0055475,0,0,0.11371,,19.2,239.2,90,0
0.0056783,-0.0055466,0,0,0.16766,,19.26,239.26,90,0
0.0056798,-0.0055457,0,0,0.16766,,19.32,239.32,90,0
0.0056812,-0.0055449,0,0,0.16766,,19.38,239.38,90,0
0.0056826,-0.005544,0,0,0.16766,,19.44,239.44,90,0
0.005684,-0.0055431,0,0,0.16766,,19.5,239.5,90,0
0.0056854,-0.0055425,0,0,0.24996,,19.56,239.56,90,0
0.0056868,-0.005542,0,0,0.24996,,19.62,239.62,90,0
0.0056882,-0.0055415,0,0,0.27915,,19.68,239.68,90,0
0.0056896,-0.005541,0,0,0.28499,,19.74,239.74,90,0
0.005691,-0.0055407,0,0,0.31578,,19.8,239.8,90,0
0.0056923,-0.0055405,0,0,0.37335,,19.86,239.86,90,0
0.0056937,-0.0055406,0,0,0.37335,,19.92,239.92,90,0
0.0056951,-0.0055409,0,0,0.49632,,19.98,239.98,90,0
0.0056964,-0.0055417,0,0,0.49632,,20.04,240.04,90,0
0.0056977,-0.0055425,0,0,0.55354,,20.1,240.1,90,0
0.0056989,-0.0055437,0,0,0.55354,,20.16,240.16,90,0
0.0057001,-0.005546,0,0,0.62714,,20.22,240.22,90,0
0.0057011,-0.0055494,0,0,0.70336,,20.28,240.28,90,0
0.0057022,-0.0055533,0,0,0.70336,,20.34,240.34,90,0
0.005703,-0.0055598,0,0,0.91091,,20.4,240.4,90,0
0.0057047,-0.0055764,0,0,0.91091,,20.46,240.46,90,0
0.0057065,-0.0055931,0,0,0.91091,,20.52,240.52,90,0
0.0057078,-0.0056159,0,0,0.97169,,20.58,240.58,90,0
0.0057023,-0.0057308,0,3252.3,0.99947,,20.64,240.64,90,0
0.0057143,-0.0060047,0,2230.9,0.9998,,20.7,240.7,90,0
0.0056123,-0.0083528,0,9.26E+05,1,,20.76,240.76,90,0
0.0054755,-0.011153,0,3.15E+06,1,,20.82,240.82,90,0
0.005202,-0.021764,0,2.05E+07,1,,20.88,240.88,90,0
0.0049932,-0.0323,0,2.05E+07,1,,20.94,240.94,90,0
0.0050075,-0.043425,0,2.13E+07,1,,21,241,90,0
0.0051659,-0.055,0,2.20E+07,1,,21.06,241.06,90,0
0.0053197,-0.066782,0,2.17E+07,1,,21.12,241.12,90,0
0.0054778,-0.07863,0,2.17E+07,1,,21.18,241.18,90,0
0.005636,-0.090481,0,2.17E+07,1,,21.24,241.24,90,0
0.0057833,-0.10224,0,1.86E+07,1,,21.3,241.3,90,0
0.0059081,-0.11397,0,1.86E+07,1,,21.36,241.36,90,0
0.0060476,-0.12568,0,1.92E+07,1,,21.42,241.42,90,0
0.0061976,-0.13732,0,1.87E+07,1,,21.48,241.48,90,0
0.0063238,-0.14879,0,1.80E+07,1,,21.54,241.54,90,0
0.0064605,-0.16024,0,1.77E+07,1,,21.6,241.6,90,0
0.0065871,-0.17162,0,1.77E+07,1,,21.66,241.66,90,0
0.0067166,-0.18286,0,1.70E+07,1,,21.72,241.72,90,0
0.0068423,-0.19402,0,1.70E+07,1,,21.78,241.78,90,0
0.0069628,-0.20515,0,1.68E+07,1,,21.84,241.84,90,0
0.0070675,-0.21621,0,1.60E+07,1,,21.9,241.9,90,0
0.007162,-0.22711,0,1.60E+07,1,,21.96,241.96,90,0
0.0072468,-0.23795,0,1.52E+07,1,,22.02,242.02,90,0
0.0073189,-0.24867,0,1.52E+07,1,,22.08,242.08,90,0
0.0073962,-0.25931,0,1.47E+07,1,,22.14,242.14,90,0
0.0074774,-0.26986,0,1.47E+07,1,,22.2,242.2,90,0
0.0075557,-0.28034,0,1.44E+07,1,,22.26,242.26,90,0
0.0076289,-0.29081,0,1.46E+07,1,,22.32,242.32,90,0
0.0076845,-0.30107,0,1.39E+07,1,,22.38,242.38,90,0
0.007736,-0.31129,0,1.37E+07,1,,22.44,242.44,90,0
0.007788,-0.32142,0,1.37E+07,1,,22.5,242.5,90,0
0.0078367,-0.3315,0,1.34E+07,1,,22.56,242.56,90,0
0.0078722,-0.34138,0,1.34E+07,1,,22.62,242.62,90,0
0.0079076,-0.35125,0,1.34E+07,1,,22.68,242.68,90,0
0.0079416,-0.36108,0,1.44E+07,1,,22.74,242.74,90,0
0.0079689,-0.37076,0,1.41E+07,1,,22.8,242.8,90,0
0.0079918,-0.38034,0,1.54E+07,1,,22.86,242.86,90,0
0.0080132,-0.38988,0,1.54E+07,1,,22.92,242.92,90,0
0.0080351,-0.39941,0,1.33E+07,1,,22.98,242.98,90,0
0.0080456,-0.40869,0,1.60E+07,1,,23.04,243.04,90,0
0.0080568,-0.41795,0,1.36E+07,1,,23.1,243.1,90,0
0.0080688,-0.42716,0,1.49E+07,1,,23.16,243.16,90,0
0.0080754,-0.43627,0,1.26E+07,1,,23.22,243.22,90,0
0.008074,-0.44524,0,1.42E+07,1,,23.28,243.28,90,0
0.0080735,-0.45418,0,1.24E+07,1,,23.34,243.34,90,0
0.0080736,-0.46308,0,1.24E+07,1,,23.4,243.4,90,0
0.0080661,-0.47177,0,1.25E+07,1,,23.46,243.46,90,0
0.0080567,-0.48042,0,1.25E+07,1,,23.52,243.52,90,0
0.0080478,-0.48904,0,1.31E+07,1,,23.58,243.58,90,0
0.0080385,-0.49758,0,1.56E+07,1,,23.64,243.64,90,0
0.0080215,-0.50597,0,1.56E+07,1,,23.7,243.7,90,0
0.008007,-0.5143,0,1.44E+07,1,,23.76,243.76,90,0
0.0079926,-0.52262,0,1.44E+07,1,,23.82,243.82,90,0
0.007973,-0.53077,0,1.17E+07,1,,23.88,243.88,90,0
0.0079504,-0.5388,0,1.17E+07,1,,23.94,243.94,90,0
0.0079257,-0.54682,0,1.16E+07,1,,24,244,90,0
0.0078952,-0.5548,0,1.16E+07,1,,24.06,244.06,90,0
0.0078678,-0.56259,0,1.10E+07,1,,24.12,244.12,90,0
0.0078357,-0.57036,0,1.04E+07,1,,24.18,244.18,90,0
0.0078023,-0.57804,0,1.04E+07,1,,24.24,244.24,90,0
0.0077706,-0.58562,0,9.55E+06,1,,24.3,244.3,90,0
0.0077415,-0.59307,0,9.55E+06,1,,24.36,244.36,90,0
0.0077119,-0.60051,0,9.69E+06,1,,24.42,244.42,90,0
0.007669,-0.60787,0,9.69E+06,1,,24.48,244.48,90,0
0.0076353,-0.6151,0,9.06E+06,1,,24.54,244.54,90,0
0.0075952,-0.62224,0,9.37E+06,1,,24.6,244.6,90,0
0.0075501,-0.62935,0,9.37E+06,1,,24.66,244.66,90,0
0.0075053,-0.63642,0,1.12E+07,1,,24.72,244.72,90,0
0.0074609,-0.64328,0,1.12E+07,1,,24.78,244.78,90,0
0.0074153,-0.65012,0,8.00E+06,1,,24.84,244.84,90,0
0.0073626,-0.6569,0,7.97E+06,1,,24.9,244.9,90,0
0.0073123,-0.66359,0,1.32E+07,1,,24.96,244.96,90,0
0.0072675,-0.67014,0,1.30E+07,1,,25.02,245.02,90,0
0.007217,-0.67665,0,9.59E+06,1,,25.08,245.08,90,0
0.0071661,-0.6831,0,9.59E+06,1,,25.14,245.14,90,0
0.0071122,-0.6894,0,7.85E+06,1,,25.2,245.2,90,0
0.0070558,-0.69562,0,7.85E+06,1,,25.26,245.26,90,0
0.0069976,-0.70183,0,7.28E+06,1,,25.32,245.32,90,0
0.0069297,-0.70795,0,7.28E+06,1,,25.38,245.38,90,0
0.0068707,-0.71394,0,6.87E+06,1,,25.44,245.44,90,0
0.0068095,-0.71989,0,6.71E+06,1,,25.5,245.5,90,0
0.0067511,-0.72572,0,6.48E+06,1,,25.56,245.56,90,0
0.0066918,-0.73152,0,6.14E+06,1,,25.62,245.62,90,0
0.0066259,-0.7371,0,6.14E+06,1,,25.68,245.68,90,0
0.0065599,-0.74269,0,6.14E+06,1,,25.74,245.74,90,0
0.0064999,-0.74824,0,5.79E+06,1,,25.8,245.8,90,0
0.0064394,-0.75367,0,6.37E+06,1,,25.86,245.86,90,0
0.0063747,-0.75899,0,5.41E+06,1,,25.92,245.92,90,0
0.0063102,-0.76426,0,5.59E+06,1,,25.98,245.98,90,0
0.0062457,-0.7695,0,5.61E+06,1,,26.04,246.04,90,0
0.0061812,-0.77452,0,5.37E+06,1,,26.1,246.1,90,0
0.0061171,-0.77949,0,5.37E+06,1,,26.16,246.16,90,0
0.006053,-0.78447,0,5.37E+06,1,,26.22,246.22,90,0
0.0059875,-0.78938,0,5.54E+06,1,,26.28,246.28,90,0
0.0059172,-0.79406,0,5.54E+06,1,,26.34,246.34,90,0
0.005847,-0.79874,0,5.54E+06,1,,26.4,246.4,90,0
0.0057766,-0.80343,0,5.68E+06,1,,26.46,246.46,90,0
0.0057043,-0.80792,0,4.46E+06,1,,26.52,246.52,90,0
0.0056309,-0.8123,0,4.46E+06,1,,26.58,246.58,90,0
0.0055575,-0.81668,0,4.46E+06,1,,26.64,246.64,90,0
0.0054841,-0.82106,0,4.46E+06,1,,26.7,246.7,90,0
0.0054095,-0.82514,0,4.08E+06,1,,26.76,246.76,90,0
0.0053349,-0.82922,0,4.08E+06,1,,26.82,246.82,90,0
0.0052603,-0.83329,0,4.08E+06,1,,26.88,246.88,90,0
0.0051846,-0.83727,0,3.32E+06,1,,26.94,246.94,90,0
0.005109,-0.84104,0,3.19E+06,1,,27,247,90,0
0.0050334,-0.84482,0,3.19E+06,1,,27.06,247.06,90,0
0.0049577,-0.84859,0,3.19E+06,1,,27.12,247.12,90,0
0.0048801,-0.85217,0,2.69E+06,1,,27.18,247.18,90,0
0.0048017,-0.85565,0,2.69E+06,1,,27.24,247.24,90,0
0.0047232,-0.85913,0,2.69E+06,1,,27.3,247.3,90,0
0.0046449,-0.86259,0,2.17E+06,1,,27.36,247.36,90,0
0.0045691,-0.86577,0,2.09E+06,1,,27.42,247.42,90,0
0.0044932,-0.86894,0,2.09E+06,1,,27.48,247.48,90,0
0.0044174,-0.87211,0,2.09E+06,1,,27.54,247.54,90,0
0.0043413,-0.87516,0,1.65E+06,1,,27.6,247.6,90,0
0.0042647,-0.87804,0,1.65E+06,1,,27.66,247.66,90,0
0.0041881,-0.88091,0,1.65E+06,1,,27.72,247.72,90,0
0.0041121,-0.88379,0,1.64E+06,1,,27.78,247.78,90,0
0.004037,-0.88644,0,1.22E+06,1,,27.84,247.84,90,0
0.0039606,-0.88901,0,1.22E+06,1,,27.9,247.9,90,0
0.0038841,-0.89159,0,1.22E+06,1,,27.96,247.96,90,0
0.0038078,-0.89414,0,8.90E+05,1,,28.02,248.02,90,0
0.0037333,-0.89642,0,8.90E+05,1,,28.08,248.08,90,0
0.0036587,-0.89869,0,8.90E+05,1,,28.14,248.14,90,0
0.0035842,-0.90097,0,8.83E+05,1,,28.2,248.2,90,0
0.0035134,-0.90313,0,6.35E+05,1,,28.26,248.26,90,0
0.0034416,-0.90512,0,5.56E+05,1,,28.32,248.32,90,0
0.003367,-0.90711,0,5.65E+05,1,,28.38,248.38,90,0
0.0032859,-0.90906,0,5.65E+05,1,,28.44,248.44,90,0
0.0032126,-0.91084,0,4.05E+05,1,,28.5,248.5,90,0
0.0031413,-0.91257,0,3.90E+05,1,,28.56,248.56,90,0
0.0030693,-0.91422,0,3.22E+05,1,,28.62,248.62,90,0
0.0029972,-0.91584,0,3.31E+05,1,,28.68,248.68,90,0
0.0029309,-0.91726,0,1.56E+05,0.99999,,28.74,248.74,90,0
0.0028605,-0.91866,0,1.56E+05,0.99999,,28.8,248.8,90,0
0.0027867,-0.92002,0,1.70E+05,0.99999,,28.86,248.86,90,0
0.0027136,-0.92132,0,92762,0.99999,,28.92,248.92,90,0
0.0026447,-0.92245,0,79135,0.99999,,28.98,248.98,90,0
0.0025707,-0.92356,0,68663,0.99998,,29.04,249.04,90,0
0.0025031,-0.92463,0,56481,0.99998,,29.1,249.1,90,0
0.0024435,-0.9256,0,8267.7,0.99993,,29.16,249.16,90,0
0.0023811,-0.92649,0,8267.7,0.99993,,29.22,249.22,90,0
0.0023169,-0.92737,0,9341.6,0.99986,,29.28,249.28,90,0
0.0022454,-0.92821,0,9341.6,0.99986,,29.34,249.34,90,0
0.0021876,-0.92891,0,63.444,0.99856,,29.4,249.4,90,0
0.0021592,-0.92956,0,65.599,0.99664,,29.46,249.46,90,0
0.0021446,-0.93022,0,65.599,0.99664,,29.52,249.52,90,0
0.0021289,-0.93085,0,68.765,0.99287,,29.58,249.58,90,0
0.0021829,-0.93115,0,64.49,0.99423,,29.64,249.64,90,0
0.0022376,-0.93146,0,64.49,0.99423,,29.7,249.7,90,0
0.0022955,-0.93166,0,69.686,0.99192,,29.76,249.76,90,0
0.0023605,-0.93173,0,67.336,0.99227,,29.82,249.82,90,0
0.0024361,-0.93167,0,69.413,0.99017,,29.88,249.88,90,0
0.0025227,-0.93153,0,69.413,0.99017,,29.94,249.94,90,0
0.0026094,-0.93138,0,69.413,0.99017,,30,250,90,0
0.0026441,-0.93095,0,67.539,0.99718,,30.06,250.06,90,0
0.0026324,-0.93033,0,67.539,0.99718,,30.12,250.12,90,0
0.0026207,-0.92972,0,67.539,0.99718,,30.18,250.18,90,0
0.002609,-0.9291,0,67.539,0.99718,,30.24,250.24,90,0
0.0025529,-0.92825,0,4145.8,0.99975,,30.3,250.3,90,0
0.0024913,-0.92738,0,4145.8,0.99975,,30.36,250.36,90,0
0.0024297,-0.92651,0,4145.8,0.99975,,30.42,250.42,90,0
0.0023684,-0.92559,0,46194,0.99998,,30.48,250.48,90,0
0.0023091,-0.92449,0,46194,0.99998,,30.54,250.54,90,0
0.0022499,-0.92339,0,46194,0.99998,,30.6,250.6,90,0
0.0021906,-0.9223,0,46194,0.99998,,30.66,250.66,90,0
0.0021367,-0.92107,0,1.34E+05,0.99999,,30.72,250.72,90,0
0.0020881,-0.91972,0,1.34E+05,0.99999,,30.78,250.78,90,0
0.0020394,-0.91838,0,1.34E+05,0.99999,,30.84,250.84,90,0
0.0019911,-0.91703,0,1.11E+05,0.99999,,30.9,250.9,90,0
0.0019497,-0.91544,0,2.76E+05,1,,30.96,250.96,90,0
0.001908,-0.9138,0,2.76E+05,1,,31.02,251.02,90,0
0.0018663,-0.91216,0,2.76E+05,1,,31.08,251.08,90,0
0.0018255,-0.91046,0,4.69E+05,1,,31.14,251.14,90,0
0.001789,-0.90853,0,4.69E+05,1,,31.2,251.2,90,0
0.0017525,-0.90661,0,4.69E+05,1,,31.26,251.26,90,0
0.001716,-0.90468,0,4.69E+05,1,,31.32,251.32,90,0
0.0016845,-0.9026,0,6.95E+05,1,,31.38,251.38,90,0
0.0016528,-0.90038,0,6.95E+05,1,,31.44,251.44,90,0
0.0016211,-0.89816,0,6.95E+05,1,,31.5,251.5,90,0
0.0015893,-0.89594,0,6.95E+05,1,,31.56,251.56,90,0
0.0015632,-0.89345,0,9.98E+05,1,,31.62,251.62,90,0
0.0015377,-0.89094,0,9.98E+05,1,,31.68,251.68,90,0
0.0015121,-0.88843,0,9.98E+05,1,,31.74,251.74,90,0
0.0014896,-0.88584,0,1.34E+06,1,,31.8,251.8,90,0
0.0014703,-0.88303,0,1.30E+06,1,,31.86,251.86,90,0
0.0014507,-0.88022,0,1.30E+06,1,,31.92,251.92,90,0
0.0014311,-0.87741,0,1.30E+06,1,,31.98,251.98,90,0
0.0014162,-0.87441,0,1.73E+06,1,,32.04,252.04,90,0
0.001404,-0.87131,0,1.73E+06,1,,32.1,252.1,90,0
0.0013918,-0.86821,0,1.73E+06,1,,32.16,252.16,90,0
0.0013798,-0.8651,0,2.16E+06,1,,32.22,252.22,90,0
0.0013743,-0.8617,0,2.11E+06,1,,32.28,252.28,90,0
0.0013685,-0.8583,0,2.11E+06,1,,32.34,252.34,90,0
0.0013626,-0.8549,0,2.11E+06,1,,32.4,252.4,90,0
0.0013599,-0.85138,0,2.60E+06,1,,32.46,252.46,90,0
0.0013625,-0.84769,0,2.60E+06,1,,32.52,252.52,90,0
0.0013651,-0.84399,0,2.60E+06,1,,32.58,252.58,90,0
0.0013677,-0.8403,0,2.51E+06,1,,32.64,252.64,90,0
0.0013736,-0.83638,0,3.04E+06,1,,32.7,252.7,90,0
0.0013816,-0.83238,0,3.04E+06,1,,32.76,252.76,90,0
0.0013895,-0.82837,0,3.04E+06,1,,32.82,252.82,90,0
0.0013988,-0.82433,0,3.86E+06,1,,32.88,252.88,90,0
0.0014154,-0.82004,0,3.86E+06,1,,32.94,252.94,90,0
0.001432,-0.81575,0,3.86E+06,1,,33,253,90,0
0.0014486,-0.81146,0,3.86E+06,1,,33.06,253.06,90,0
0.0014696,-0.80701,0,4.23E+06,1,,33.12,253.12,90,0
0.0014944,-0.80242,0,4.23E+06,1,,33.18,253.18,90,0
0.0015191,-0.79783,0,4.23E+06,1,,33.24,253.24,90,0
0.0015439,-0.79325,0,4.23E+06,1,,33.3,253.3,90,0
0.001575,-0.78839,0,4.49E+06,1,,33.36,253.36,90,0
0.0016064,-0.78352,0,4.49E+06,1,,33.42,253.42,90,0
0.0016377,-0.77866,0,4.49E+06,1,,33.48,253.48,90,0
0.0016729,-0.77368,0,5.04E+06,1,,33.54,253.54,90,0
0.0017159,-0.76852,0,5.04E+06,1,,33.6,253.6,90,0
0.0017586,-0.76335,0,5.34E+06,1,,33.66,253.66,90,0
0.0017985,-0.75815,0,5.34E+06,1,,33.72,253.72,90,0
0.0018507,-0.75276,0,5.67E+06,1,,33.78,253.78,90,0
0.0019041,-0.7473,0,5.88E+06,1,,33.84,253.84,90,0
0.0019566,-0.74183,0,5.88E+06,1,,33.9,253.9,90,0
0.0020108,-0.73631,0,6.49E+06,1,,33.96,253.96,90,0
0.0020701,-0.73059,0,6.49E+06,1,,34.02,254.02,90,0
0.0021293,-0.72484,0,7.35E+06,1,,34.08,254.08,90,0
0.0021865,-0.71906,0,6.57E+06,1,,34.14,254.14,90,0
0.0022533,-0.71313,0,7.02E+06,1,,34.2,254.2,90,0
0.0023241,-0.70712,0,7.73E+06,1,,34.26,254.26,90,0
0.0023921,-0.70105,0,7.23E+06,1,,34.32,254.32,90,0
0.0024604,-0.69495,0,7.12E+06,1,,34.38,254.38,90,0
0.0025376,-0.68862,0,8.13E+06,1,,34.44,254.44,90,0
0.0026148,-0.68228,0,8.13E+06,1,,34.5,254.5,90,0
0.002692,-0.67594,0,8.13E+06,1,,34.56,254.56,90,0
0.0027741,-0.66946,0,7.78E+06,1,,34.62,254.62,90,0
0.0028616,-0.66284,0,7.78E+06,1,,34.68,254.68,90,0
0.0029491,-0.65621,0,7.78E+06,1,,34.74,254.74,90,0
0.0030366,-0.64958,0,7.78E+06,1,,34.8,254.8,90,0
0.003138,-0.64268,0,9.17E+06,1,,34.86,254.86,90,0
0.0032402,-0.63576,0,9.17E+06,1,,34.92,254.92,90,0
0.0033425,-0.62884,0,9.17E+06,1,,34.98,254.98,90,0
0.0034465,-0.62181,0,9.52E+06,1,,35.04,255.04,90,0
0.0035534,-0.61461,0,9.52E+06,1,,35.1,255.1,90,0
0.0036603,-0.60741,0,9.52E+06,1,,35.16,255.16,90,0
0.0037672,-0.60021,0,9.52E+06,1,,35.22,255.22,90,0
0.00389,-0.59275,0,1.23E+07,1,,35.28,255.28,90,0
0.0040147,-0.58523,0,1.23E+07,1,,35.34,255.34,90,0
0.004139,-0.57772,0,1.24E+07,1,,35.4,255.4,90,0
0.0042608,-0.57017,0,1.24E+07,1,,35.46,255.46,90,0
0.0043922,-0.56243,0,1.04E+07,1,,35.52,255.52,90,0
0.0045244,-0.55461,0,1.13E+07,1,,35.58,255.58,90,0
0.0046555,-0.54676,0,1.13E+07,1,,35.64,255.64,90,0
0.0047864,-0.5389,0,1.20E+07,1,,35.7,255.7,90,0
0.0049238,-0.53082,0,1.36E+07,1,,35.76,255.76,90,0
0.0050613,-0.52271,0,1.36E+07,1,,35.82,255.82,90,0
0.0052035,-0.51449,0,2.26E+07,1,,35.88,255.88,90,0
0.0053495,-0.50625,0,2.26E+07,1,,35.94,255.94,90,0
0.0055017,-0.49784,0,1.14E+07,1,,36,256,90,0
0.0056507,-0.4894,0,1.21E+07,1,,36.06,256.06,90,0
0.0058072,-0.48087,0,1.53E+07,1,,36.12,256.12,90,0
0.0059642,-0.47234,0,1.57E+07,1,,36.18,256.18,90,0
0.0061297,-0.46356,0,1.28E+07,1,,36.24,256.24,90,0
0.0062951,-0.45476,0,1.28E+07,1,,36.3,256.3,90,0
0.0064647,-0.44594,0,1.38E+07,1,,36.36,256.36,90,0
0.006633,-0.43703,0,1.49E+07,1,,36.42,256.42,90,0
0.0067992,-0.42798,0,1.45E+07,1,,36.48,256.48,90,0
0.0069811,-0.41887,0,1.45E+07,1,,36.54,256.54,90,0
0.0071631,-0.40975,0,1.45E+07,1,,36.6,256.6,90,0
0.0073379,-0.40045,0,1.83E+07,1,,36.66,256.66,90,0
0.007511,-0.3911,0,2.25E+07,1,,36.72,256.72,90,0
0.0076925,-0.38167,0,2.21E+07,1,,36.78,256.78,90,0
0.0078778,-0.37219,0,1.81E+07,1,,36.84,256.84,90,0
0.0080582,-0.36255,0,1.63E+07,1,,36.9,256.9,90,0
0.0082484,-0.35287,0,1.56E+07,1,,36.96,256.96,90,0
0.0084409,-0.34314,0,1.56E+07,1,,37.02,257.02,90,0
0.0086334,-0.33325,0,1.65E+07,1,,37.08,257.08,90,0
0.0088271,-0.32327,0,1.65E+07,1,,37.14,257.14,90,0
0.0090207,-0.31329,0,1.65E+07,1,,37.2,257.2,90,0
0.0092137,-0.30328,0,1.60E+07,1,,37.26,257.26,90,0
0.0094093,-0.29299,0,1.70E+07,1,,37.32,257.32,90,0
0.0096051,-0.28271,0,1.70E+07,1,,37.38,257.38,90,0
0.0098009,-0.27242,0,1.70E+07,1,,37.44,257.44,90,0
0.0099967,-0.26197,0,1.61E+07,1,,37.5,257.5,90,0
0.010194,-0.25138,0,1.61E+07,1,,37.56,257.56,90,0
0.010392,-0.24078,0,1.61E+07,1,,37.62,257.62,90,0
0.010589,-0.23018,0,1.67E+07,1,,37.68,257.68,90,0
0.010788,-0.21928,0,1.69E+07,1,,37.74,257.74,90,0
0.010987,-0.20837,0,1.69E+07,1,,37.8,257.8,90,0
0.011187,-0.19745,0,1.69E+07,1,,37.86,257.86,90,0
0.011386,-0.18639,0,1.73E+07,1,,37.92,257.92,90,0
0.011584,-0.17511,0,1.73E+07,1,,37.98,257.98,90,0
0.011782,-0.16383,0,1.73E+07,1,,38.04,258.04,90,0
0.012,-0.15251,0,1.75E+07,1,,38.1,258.1,90,0
0.012204,-0.14102,0,1.85E+07,1,,38.16,258.16,90,0
0.012413,-0.12946,0,1.85E+07,1,,38.22,258.22,90,0
0.012647,-0.11778,0,1.93E+07,1,,38.28,258.28,90,0
0.012843,-0.10603,0,2.22E+07,1,,38.34,258.34,90,0
0.013002,-0.094094,0,2.22E+07,1,,38.4,258.4,90,0
0.013123,-0.082005,0,2.05E+07,1,,38.46,258.46,90,0
0.013216,-0.069819,0,2.20E+07,1,,38.52,258.52,90,0
0.013188,-0.057516,0,1.98E+07,1,,38.58,258.58,90,0
0.013152,-0.04508,0,2.36E+07,1,,38.64,258.64,90,0
0.013281,-0.031461,0,3.03E+07,1,,38.7,258.7,90,0
0.013466,-0.017648,0,1.90E+07,1,,38.76,258.76,90,0
0.013115,-0.013136,0,1.13E+07,1,,38.82,258.82,90,0
0.012766,-0.0092778,0,1.13E+07,1,,38.88,258.88,90,0
0.012645,-0.0068592,0,5.69E+05,1,,38.94,258.94,90,0
0.012627,-0.0057778,0,2056,0.99809,,39,259,90,0
0.01261,-0.0056918,0,0,0.98375,,39.06,259.06,90,0
0.012611,-0.0056547,0,0,0.98375,,39.12,259.12,90,0
0.012612,-0.0056175,0,0,0.98375,,39.18,259.18,90,0
0.012612,-0.0056037,0,0,0.85143,,39.24,259.24,90,0
0.012612,-0.0055972,0,0,0.75329,,39.3,259.3,90,0
0.012613,-0.0055923,0,0,0.71241,,39.36,259.36,90,0
0.012615,-0.005588,0,0,0.63299,,39.42,259.42,90,0
0.012616,-0.0055862,0,0,0.56942,,39.48,259.48,90,0
0.012617,-0.0055847,0,0,0.56942,,39.54,259.54,90,0
0.012619,-0.0055832,0,0,0.56942,,39.6,259.6,90,0
0.01262,-0.0055825,0,0,0.40293,,39.66,259.66,90,0
0.012622,-0.0055824,0,0,0.40293,,39.72,259.72,90,0
0.012623,-0.0055822,0,0,0.40293,,39.78,259.78,90,0
0.012624,-0.0055821,0,0,0.31822,,39.84,259.84,90,0
0.012626,-0.0055825,0,0,0.28344,,39.9,259.9,90,0
0.012627,-0.0055829,0,0,0.28344,,39.96,259.96,90,0
0.012629,-0.0055833,0,0,0.28344,,40.02,260.02,90,0
0.01263,-0.0055838,0,0,0.17176,,40.08,260.08,90,0
0.012632,-0.0055846,0,0,0.17176,,40.14,260.14,90,0
0.012633,-0.0055853,0,0,0.17176,,40.2,260.2,90,0
0.012635,-0.005586,0,0,0.17176,,40.26,260.26,90,0
0.012636,-0.0055867,0,0,0.17176,,40.32,260.32,90,0
0.012637,-0.0055874,0,0,0.17176,,40.38,260.38,90,0
0.012639,-0.0055881,0,0,0.17176,,40.44,260.44,90,0
0.01264,-0.005589,0,0,0.066719,,40.5,260.5,90,0
0.012642,-0.00559,0,0,0.066719,,40.56,260.56,90,0
0.012643,-0.005591,0,0,0.066719,,40.62,260.62,90,0
0.012644,-0.0055921,0,0,0.066719,,40.68,260.68,90,0
0.012646,-0.0055931,0,0,0.066719,,40.74,260.74,90,0
0.012647,-0.0055942,0,0,0.066719,,40.8,260.8,90,0
0.012649,-0.0055952,0,0,0.066719,,40.86,260.86,90,0
0.01265,-0.0055963,0,0,0.066719,,40.92,260.92,90,0
0.012651,-0.0055973,0,0,0.066719,,40.98,260.98,90,0
0.012653,-0.0055984,0,0,0.066719,,41.04,261.04,90,0
0.012654,-0.0055994,0,0,0.066719,,41.1,261.1,90,0
0.012655,-0.0056004,0,0,0.066719,,41.16,261.16,90,0
0.012657,-0.0056015,0,0,0.066719,,41.22,261.22,90,0
0.012658,-0.0056025,0,0,0.066719,,41.28,261.28,90,0
0.01266,-0.0056036,0,0,0.066719,,41.34,261.34,90,0
0.012661,-0.0056047,0,0,0.01219,,41.4,261.4,90,0
0.012662,-0.0056059,0,0,0.01219,,41.46,261.46,90,0
0.012664,-0.005607,0,0,0.01219,,41.52,261.52,90,0
0.012665,-0.0056081,0,0,0.01219,,41.58,261.58,90,0
0.012666,-0.0056093,0,0,0.01219,,41.64,261.64,90,0
0.012668,-0.0056104,0,0,0.01219,,41.7,261.7,90,0
0.012669,-0.0056116,0,0,0.01219,,41.76,261.76,90,0
0.01267,-0.0056127,0,0,0.01219,,41.82,261.82,90,0
0.012671,-0.0056139,0,0,0.01219,,41.88,261.88,90,0
0.012673,-0.005615,0,0,0.01219,,41.94,261.94,90,0
0.012674,-0.0056162,0,0,0.01219,,42,262,90,0
0.012675,-0.0056173,0,0,0.01219,,42.06,262.06,90,0
0.012677,-0.0056185,0,0,0.01219,,42.12,262.12,90,0
0.012678,-0.0056196,0,0,0.01219,,42.18,262.18,90,0
0.012679,-0.0056207,0,0,0.0042626,,42.24,262.24,90,0
0.012681,-0.0056219,0,0,0.0042626,,42.3,262.3,90,0
0.012682,-0.0056231,0,0,0.0042626,,42.36,262.36,90,0
0.012683,-0.0056242,0,0,0.0042626,,42.42,262.42,90,0
0.012685,-0.0056254,0,0,0.0042626,,42.48,262.48,90,0
0.012686,-0.0056265,0,0,0.0042626,,42.54,262.54,90,0
0.012687,-0.0056277,0,0,0.0042626,,42.6,262.6,90,0
0.012688,-0.0056288,0,0,0.0042626,,42.66,262.66,90,0
0.01269,-0.00563,0,0,0.0042626,,42.72,262.72,90,0
0.012691,-0.0056311,0,0,0.0042626,,42.78,262.78,90,0
0.012692,-0.0056323,0,0,0.0042626,,42.84,262.84,90,0
0.012694,-0.0056334,0,0,0.0042626,,42.9,262.9,90,0
0.012695,-0.0056346,0,0,0.0042626,,42.96,262.96,90,0
0.012696,-0.0056357,0,0,0.0042626,,43.02,263.02,90,0
0.012698,-0.0056369,0,0,0.00060604,,43.08,263.08,90,0
0.012699,-0.005638,0,0,0.00060604,,43.14,263.14,90,0
0.0127,-0.0056391,0,0,0.00060604,,43.2,263.2,90,0
0.012701,-0.0056403,0,0,0.00060604,,43.26,263.26,90,0
0.012703,-0.0056414,0,0,0.00060604,,43.32,263.32,90,0
0.012704,-0.0056425,0,0,0.00060604,,43.38,263.38,90,0
0.012705,-0.0056436,0,0,0.00060604,,43.44,263.44,90,0
0.012706,-0.0056447,0,0,0.00060604,,43.5,263.5,90,0
0.012708,-0.0056458,0,0,0.00060604,,43.56,263.56,90,0
0.012709,-0.005647,0,0,0.00060604,,43.62,263.62,90,0
0.01271,-0.0056481,0,0,0.00060604,,43.68,263.68,90,0
0.012711,-0.0056492,0,0,0.00060604,,43.74,263.74,90,0
0.012713,-0.0056503,0,0,0.00060604,,43.8,263.8,90,0
0.012714,-0.0056514,0,0,0.00060604,,43.86,263.86,90,0
0.012715,-0.0056526,0,0,0.00060604,,43.92,263.92,90,0
0.012716,-0.0056537,0,0,0.00020532,,43.98,263.98,90,0
0.012718,-0.0056548,0,0,0.00020532,,44.04,264.04,90,0
0.012719,-0.0056558,0,0,0.00020532,,44.1,264.1,90,0
0.01272,-0.0056569,0,0,0.00020532,,44.16,264.16,90,0
0.012721,-0.005658,0,0,0.00020532,,44.22,264.22,90,0
0.012723,-0.0056591,0,0,0.00020532,,44.28,264.28,90,0
0.012724,-0.0056602,0,0,0.00020532,,44.34,264.34,90,0
0.012725,-0.0056613,0,0,0.00020532,,44.4,264.4,90,0
0.012726,-0.0056624,0,0,0.00020532,,44.46,264.46,90,0
0.012728,-0.0056635,0,0,0.00020532,,44.52,264.52,90,0
0.012729,-0.0056646,0,0,0.00020532,,44.58,264.58,90,0
0.01273,-0.0056657,0,0,0.00020532,,44.64,264.64,90,0
0.012731,-0.0056668,0,0,0.00020532,,44.7,264.7,90,0
0.012733,-0.0056679,0,0,0.00020532,,44.76,264.76,90,0
0.012734,-0.005669,0,0,2.89E-05,,44.82,264.82,90,0
0.012735,-0.00567,0,0,2.89E-05,,44.88,264.88,90,0
0.012736,-0.0056711,0,0,2.89E-05,,44.94,264.94,90,0
0.012737,-0.0056721,0,0,2.89E-05,,45,265,90,0
0.012739,-0.0056732,0,0,2.89E-05,,45.06,265.06,90,0
0.01274,-0.0056742,0,0,2.89E-05,,45.12,265.12,90,0
0.012741,-0.0056753,0,0,2.89E-05,,45.18,265.18,90,0
0.012742,-0.0056763,0,0,2.89E-05,,45.24,265.24,90,0
0.012743,-0.0056774,0,0,2.89E-05,,45.3,265.3,90,0
0.012745,-0.0056784,0,0,2.89E-05,,45.36,265.36,90,0
0.012746,-0.0056795,0,0,2.89E-05,,45.42,265.42,90,0
0.012747,-0.0056805,0,0,2.89E-05,,45.48,265.48,90,0
0.012748,-0.0056815,0,0,2.89E-05,,45.54,265.54,90,0
0.012749,-0.0056826,0,0,2.89E-05,,45.6,265.6,90,0
0.012751,-0.0056836,0,0,2.89E-05,,45.66,265.66,90,0
0.012752,-0.0056847,0,0,9.75E-06,,45.72,265.72,90,0
0.012753,-0.0056857,0,0,9.75E-06,,45.78,265.78,90,0
0.012754,-0.0056867,0,0,9.75E-06,,45.84,265.84,90,0
0.012755,-0.0056877,0,0,9.75E-06,,45.9,265.9,90,0
0.012757,-0.0056887,0,0,9.75E-06,,45.96,265.96,90,0
0.012758,-0.0056898,0,0,9.75E-06,,46.02,266.02,90,0
0.012759,-0.0056908,0,0,9.75E-06,,46.08,266.08,90,0
0.01276,-0.0056918,0,0,9.75E-06,,46.14,266.14,90,0
0.012761,-0.0056928,0,0,9.75E-06,,46.2,266.2,90,0
0.012762,-0.0056938,0,0,9.75E-06,,46.26,266.26,90,0
0.012764,-0.0056949,0,0,9.75E-06,,46.32,266.32,90,0
0.012765,-0.0056959,0,0,9.75E-06,,46.38,266.38,90,0
0.012766,-0.0056969,0,0,9.75E-06,,46.44,266.44,90,0
0.012767,-0.0056979,0,0,9.75E-06,,46.5,266.5,90,0
0.012768,-0.0056989,0,0,1.37E-06,,46.56,266.56,90,0
0.01277,-0.0056999,0,0,1.37E-06,,46.62,266.62,90,0
0.012771,-0.0057009,0,0,1.37E-06,,46.68,266.68,90,0
0.012772,-0.0057019,0,0,1.37E-06,,46.74,266.74,90,0
0.012773,-0.0057028,0,0,1.37E-06,,46.8,266.8,90,0
0.012774,-0.0057038,0,0,1.37E-06,,46.86,266.86,90,0
0.012775,-0.0057048,0,0,1.37E-06,,46.92,266.92,90,0
0.012776,-0.0057057,0,0,1.37E-06,,46.98,266.98,90,0
0.012778,-0.0057067,0,0,1.37E-06,,47.04,267.04,90,0
0.012779,-0.0057077,0,0,1.37E-06,,47.1,267.1,90,0
0.01278,-0.0057087,0,0,1.37E-06,,47.16,267.16,90,0
0.012781,-0.0057096,0,0,1.37E-06,,47.22,267.22,90,0
0.012782,-0.0057106,0,0,1.37E-06,,47.28,267.28,90,0
0.012783,-0.0057116,0,0,1.37E-06,,47.34,267.34,90,0
0.012784,-0.0057126,0,0,1.37E-06,,47.4,267.4,90,0
0.012786,-0.0057135,0,0,4.61E-07,,47.46,267.46,90,0
0.012787,-0.0057145,0,0,4.61E-07,,47.52,267.52,90,0
0.012788,-0.0057154,0,0,4.61E-07,,47.58,267.58,90,0
0.012789,-0.0057164,0,0,4.61E-07,,47.64,267.64,90,0
0.01279,-0.0057173,0,0,4.61E-07,,47.7,267.7,90,0
0.012791,-0.0057183,0,0,4.61E-07,,47.76,267.76,90,0
0.012792,-0.0057192,0,0,4.61E-07,,47.82,267.82,90,0
0.012793,-0.0057202,0,0,4.61E-07,,47.88,267.88,90,0
0.012795,-0.0057211,0,0,4.61E-07,,47.94,267.94,90,0
0.012796,-0.0057221,0,0,4.61E-07,,48,268,90,0
0.012797,-0.005723,0,0,4.61E-07,,48.06,268.06,90,0
0.012798,-0.0057239,0,0,4.61E-07,,48.12,268.12,90,0
0.012799,-0.0057249,0,0,4.61E-07,,48.18,268.18,90,0
0.0128,-0.0057258,0,0,4.61E-07,,48.24,268.24,90,0
0.012801,-0.0057268,0,0,6.51E-08,,48.3,268.3,90,0
0.012802,-0.0057277,0,0,6.51E-08,,48.36,268.36,90,0
0.012804,-0.0057286,0,0,6.51E-08,,48.42,268.42,90,0
0.012805,-0.0057295,0,0,6.51E-08,,48.48,268.48,90,0
0.012806,-0.0057304,0,0,6.51E-08,,48.54,268.54,90,0
0.012807,-0.0057313,0,0,6.51E-08,,48.6,268.6,90,0
0.012808,-0.0057322,0,0,6.51E-08,,48.66,268.66,90,0
0.012809,-0.0057331,0,0,6.51E-08,,48.72,268.72,90,0
0.01281,-0.005734,0,0,6.51E-08,,48.78,268.78,90,0
0.012811,-0.0057349,0,0,6.51E-08,,48.84,268.84,90,0
0.012812,-0.0057358,0,0,6.51E-08,,48.9,268.9,90,0
0.012813,-0.0057367,0,0,6.51E-08,,48.96,268.96,90,0
0.012815,-0.0057376,0,0,6.51E-08,,49.02,269.02,90,0
0.012816,-0.0057385,0,0,6.51E-08,,49.08,269.08,90,0
0.012817,-0.0057394,0,0,2.20E-08,,49.14,269.14,90,0
0.012818,-0.0057403,0,0,2.20E-08,,49.2,269.2,90,0
0.012819,-0.0057412,0,0,2.20E-08,,49.26,269.26,90,0
0.01282,-0.0057421,0,0,2.20E-08,,49.32,269.32,90,0
0.012821,-0.005743,0,0,2.20E-08,,49.38,269.38,90,0
0.012822,-0.0057438,0,0,2.20E-08,,49.44,269.44,90,0
0.012823,-0.0057447,0,0,2.20E-08,,49.5,269.5,90,0
0.012824,-0.0057456,0,0,2.20E-08,,49.56,269.56,90,0
0.012825,-0.0057465,0,0,2.20E-08,,49.62,269.62,90,0
0.012826,-0.0057474,0,0,2.20E-08,,49.68,269.68,90,0
0.012828,-0.0057483,0,0,2.20E-08,,49.74,269.74,90,0
0.012829,-0.0057492,0,0,2.20E-08,,49.8,269.8,90,0
0.01283,-0.00575,0,0,2.20E-08,,49.86,269.86,90,0
0.012831,-0.0057509,0,0,2.20E-08,,49.92,269.92,90,0
0.012832,-0.0057518,0,0,2.20E-08,,49.98,269.98,90,0
0.012833,-0.0057527,0,0,2.99E-09,,50.04,270.04,90,0
0.012834,-0.0057535,0,0,2.99E-09,,50.1,270.1,90,0
0.012835,-0.0057543,0,0,2.99E-09,,50.16,270.16,90,0
0.012836,-0.0057552,0,0,2.99E-09,,50.22,270.22,90,0
0.012837,-0.005756,0,0,2.99E-09,,50.28,270.28,90,0
0.012838,-0.0057569,0,0,2.99E-09,,50.34,270.34,90,0
0.012839,-0.0057577,0,0,2.99E-09,,50.4,270.4,90,0
0.01284,-0.0057585,0,0,2.99E-09,,50.46,270.46,90,0
0.012841,-0.0057594,0,0,2.99E-09,,50.52,270.52,90,0
0.012842,-0.0057602,0,0,2.99E-09,,50.58,270.58,90,0
0.012843,-0.0057611,0,0,2.99E-09,,50.64,270.64,90,0
0.012844,-0.0057619,0,0,2.99E-09,,50.7,270.7,90,0
0.012845,-0.0057627,0,0,2.99E-09,,50.76,270.76,90,0
0.012847,-0.0057636,0,0,2.99E-09,,50.82,270.82,90,0
0.012848,-0.0057644,0,0,2.99E-09,,50.88,270.88,90,0
0.012849,-0.0057653,0,0,8.90E-10,,50.94,270.94,90,0
0.01285,-0.0057661,0,0,8.90E-10,,51,271,90,0
0.012851,-0.0057669,0,0,8.90E-10,,51.06,271.06,90,0
0.012852,-0.0057677,0,0,8.90E-10,,51.12,271.12,90,0
0.012853,-0.0057685,0,0,8.90E-10,,51.18,271.18,90,0
0.012854,-0.0057693,0,0,8.90E-10,,51.24,271.24,90,0
0.012855,-0.0057701,0,0,8.90E-10,,51.3,271.3,90,0
0.012856,-0.005771,0,0,8.90E-10,,51.36,271.36,90,0
0.012857,-0.0057718,0,0,8.90E-10,,51.42,271.42,90,0
0.012858,-0.0057726,0,0,8.90E-10,,51.48,271.48,90,0
0.012859,-0.0057734,0,0,8.90E-10,,51.54,271.54,90,0
0.01286,-0.0057742,0,0,8.90E-10,,51.6,271.6,90,0
0.012861,-0.005775,0,0,8.90E-10,,51.66,271.66,90,0
0.012862,-0.0057758,0,0,8.90E-10,,51.72,271.72,90,0
0.012863,-0.0057767,0,0,8.90E-10,,51.78,271.78,90,0
0.012864,-0.0057775,0,0,8.90E-10,,51.84,271.84,90,0
0.012865,-0.0057783,0,0,4.90E-10,,51.9,271.9,90,0
0.012866,-0.0057791,0,0,4.90E-10,,51.96,271.96,90,0
0.012867,-0.0057799,0,0,1.02E-10,,52.02,272.02,90,0
0.012868,-0.0057807,0,0,1.02E-10,,52.08,272.08,90,0
0.012869,-0.0057815,0,0,1.02E-10,,52.14,272.14,90,0
0.01287,-0.0057823,0,0,6.33E-11,,52.2,272.2,90,0
0.012871,-0.0057831,0,0,6.33E-11,,52.26,272.26,90,0
0.012872,-0.0057839,0,0,6.33E-11,,52.32,272.32,90,0
0.012873,-0.0057846,0,0,6.33E-11,,52.38,272.38,90,0
0.012874,-0.0057854,0,0,6.33E-11,,52.44,272.44,90,0
0.012875,-0.0057862,0,0,6.33E-11,,52.5,272.5,90,0
0.012876,-0.0057869,0,0,6.33E-11,,52.56,272.56,90,0
0.012877,-0.0057877,0,0,6.33E-11,,52.62,272.62,90,0
0.012878,-0.0057885,0,0,6.33E-11,,52.68,272.68,90,0
0.012879,-0.0057892,0,0,6.33E-11,,52.74,272.74,90,0
0.01288,-0.00579,0,0,6.33E-11,,52.8,272.8,90,0
0.012881,-0.0057908,0,0,6.33E-11,,52.86,272.86,90,0
0.012882,-0.0057915,0,0,6.33E-11,,52.92,272.92,90,0
0.012883,-0.0057923,0,0,6.33E-11,,52.98,272.98,90,0
0.012884,-0.0057931,0,0,6.33E-11,,53.04,273.04,90,0
0.012885,-0.0057938,0,0,6.33E-11,,53.1,273.1,90,0
0.012886,-0.0057946,0,0,6.33E-11,,53.16,273.16,90,0
0.012887,-0.0057954,0,0,6.33E-11,,53.22,273.22,90,0
0.012888,-0.0057961,0,0,1.04E-11,,53.28,273.28,90,0
0.012889,-0.0057969,0,0,1.04E-11,,53.34,273.34,90,0
0.01289,-0.0057976,0,0,1.04E-11,,53.4,273.4,90,0
0.012891,-0.0057984,0,0,1.04E-11,,53.46,273.46,90,0
0.012892,-0.0057991,0,0,1.04E-11,,53.52,273.52,90,0
0.012893,-0.0057998,0,0,1.04E-11,,53.58,273.58,90,0
0.012894,-0.0058006,0,0,1.04E-11,,53.64,273.64,90,0
0.012895,-0.0058013,0,0,1.04E-11,,53.7,273.7,90,0
0.012896,-0.0058021,0,0,1.04E-11,,53.76,273.76,90,0
0.012897,-0.0058028,0,0,1.04E-11,,53.82,273.82,90,0
0.012898,-0.0058036,0,0,1.04E-11,,53.88,273.88,90,0
0.012899,-0.0058043,0,0,1.04E-11,,53.94,273.94,90,0
0.0129,-0.005805,0,0,1.04E-11,,54,274,90,0
0.012901,-0.0058058,0,0,2.86E-12,,54.06,274.06,90,0
0.012902,-0.0058065,0,0,2.86E-12,,54.12,274.12,90,0
0.012903,-0.0058073,0,0,2.86E-12,,54.18,274.18,90,0
0.012904,-0.005808,0,0,2.86E-12,,54.24,274.24,90,0
0.012905,-0.0058088,0,0,2.86E-12,,54.3,274.3,90,0
0.012906,-0.0058095,0,0,2.86E-12,,54.36,274.36,90,0
0.012907,-0.0058103,0,0,2.86E-12,,54.42,274.42,90,0
0.012908,-0.005811,0,0,2.86E-12,,54.48,274.48,90,0
0.012909,-0.0058118,0,0,2.86E-12,,54.54,274.54,90,0
0.01291,-0.0058125,0,0,2.86E-12,,54.6,274.6,90,0
0.012911,-0.0058133,0,0,2.86E-12,,54.66,274.66,90,0
0.012912,-0.005814,0,0,1.88E-13,,54.72,274.72,90,0
0.012913,-0.0058147,0,0,1.88E-13,,54.78,274.78,90,0
0.012914,-0.0058154,0,0,1.88E-13,,54.84,274.84,90,0
0.012915,-0.0058161,0,0,1.88E-13,,54.9,274.9,90,0
0.012916,-0.0058168,0,0,1.88E-13,,54.96,274.96,90,0
0.012916,-0.0058175,0,0,1.88E-13,,55.02,275.02,90,0
0.012917,-0.0058182,0,0,1.88E-13,,55.08,275.08,90,0
0.012918,-0.0058189,0,0,1.88E-13,,55.14,275.14,90,0
0.012919,-0.0058196,0,0,1.88E-13,,55.2,275.2,90,0
0.01292,-0.0058204,0,0,1.88E-13,,55.26,275.26,90,0
0.012921,-0.0058211,0,0,1.88E-13,,55.32,275.32,90,0
0.012922,-0.0058218,0,0,1.88E-13,,55.38,275.38,90,0
0.012923,-0.0058225,0,0,1.88E-13,,55.44,275.44,90,0
0.012924,-0.0058232,0,0,1.88E-13,,55.5,275.5,90,0
0.012925,-0.0058239,0,0,1.88E-13,,55.56,275.56,90,0
0.012926,-0.0058246,0,0,1.88E-13,,55.62,275.62,90,0
0.012927,-0.0058253,0,0,1.88E-13,,55.68,275.68,90,0
0.012928,-0.005826,0,0,1.88E-13,,55.74,275.74,90,0
0.012929,-0.0058267,0,0,1.88E-13,,55.8,275.8,90,0
0.01293,-0.0058274,0,0,1.88E-13,,55.86,275.86,90,0
0.012931,-0.0058281,0,0,1.88E-13,,55.92,275.92,90,0
0.012932,-0.0058288,0,0,1.88E-13,,55.98,275.98,90,0
0.012933,-0.0058295,0,0,1.88E-13,,56.04,276.04,90,0
0.012934,-0.0058302,0,0,1.88E-13,,56.1,276.1,90,0
0.012935,-0.0058309,0,0,1.88E-13,,56.16,276.16,90,0
0.012936,-0.0058316,0,0,2.05E-13,,56.22,276.22,90,0
0.012937,-0.0058323,0,0,2.05E-13,,56.28,276.28,90,0
0.012938,-0.005833,0,0,2.05E-13,,56.34,276.34,90,0
0.012939,-0.0058337,0,0,2.05E-13,,56.4,276.4,90,0
0.012939,-0.0058344,0,0,2.05E-13,,56.46,276.46,90,0
0.01294,-0.005835,0,0,2.05E-13,,56.52,276.52,90,0
0.012941,-0.0058357,0,0,2.05E-13,,56.58,276.58,90,0
0.012942,-0.0058364,0,0,2.05E-13,,56.64,276.64,90,0
0.012943,-0.0058371,0,0,2.36E-14,,56.7,276.7,90,0
0.012944,-0.0058377,0,0,2.36E-14,,56.76,276.76,90,0
0.012945,-0.0058383,0,0,6.62E-15,,56.82,276.82,90,0
0.012946,-0.005839,0,0,6.62E-15,,56.88,276.88,90,0
0.012947,-0.0058397,0,0,6.62E-15,,56.94,276.94,90,0
0.012948,-0.0058403,0,0,6.62E-15,,57,277,90,0
0.012949,-0.005841,0,0,6.62E-15,,57.06,277.06,90,0
0.01295,-0.0058417,0,0,6.62E-15,,57.12,277.12,90,0
0.012951,-0.0058424,0,0,6.62E-15,,57.18,277.18,90,0
0.012952,-0.005843,0,0,6.62E-15,,57.24,277.24,90,0
0.012952,-0.0058437,0,0,6.62E-15,,57.3,277.3,90,0
0.012953,-0.0058444,0,0,6.62E-15,,57.36,277.36,90,0
0.012954,-0.005845,0,0,6.62E-15,,57.42,277.42,90,0
0.012955,-0.0058457,0,0,6.62E-15,,57.48,277.48,90,0
0.012956,-0.0058464,0,0,6.62E-15,,57.54,277.54,90,0
0.012957,-0.005847,0,0,6.62E-15,,57.6,277.6,90,0
0.012958,-0.0058477,0,0,6.62E-15,,57.66,277.66,90,0
0.012959,-0.0058484,0,0,6.62E-15,,57.72,277.72,90,0
0.01296,-0.0058491,0,0,6.62E-15,,57.78,277.78,90,0
0.012961,-0.0058497,0,0,6.62E-15,,57.84,277.84,90,0
0.012962,-0.0058504,0,0,6.62E-15,,57.9,277.9,90,0
0.012963,-0.0058511,0,0,6.62E-15,,57.96,277.96,90,0
0.012964,-0.0058517,0,0,6.62E-15,,58.02,278.02,90,0
0.012965,-0.0058524,0,0,6.62E-15,,58.08,278.08,90,0
0.012965,-0.0058531,0,0,6.62E-15,,58.14,278.14,90,0
0.012966,-0.0058537,0,0,6.62E-15,,58.2,278.2,90,0
0.012967,-0.0058544,0,0,6.62E-15,,58.26,278.26,90,0
0.012968,-0.0058551,0,0,6.62E-15,,58.32,278.32,90,0
0.012969,-0.0058557,0,0,6.62E-15,,58.38,278.38,90,0
0.01297,-0.0058564,0,0,6.62E-15,,58.44,278.44,90,0
0.012971,-0.0058571,0,0,6.62E-15,,58.5,278.5,90,0
0.012972,-0.0058578,0,0,6.62E-15,,58.56,278.56,90,0
0.012973,-0.0058584,0,0,6.62E-15,,58.62,278.62,90,0
0.012974,-0.0058591,0,0,6.62E-15,,58.68,278.68,90,0
0.012975,-0.0058598,0,0,6.62E-15,,58.74,278.74,90,0
0.012976,-0.0058604,0,0,6.62E-15,,58.8,278.8,90,0
0.012977,-0.0058611,0,0,6.62E-15,,58.86,278.86,90,0
0.012978,-0.0058618,0,0,6.62E-15,,58.92,278.92,90,0
0.012979,-0.0058624,0,0,6.62E-15,,58.98,278.98,90,0
0.012979,-0.0058631,0,0,6.62E-15,,59.04,279.04,90,0
0.01298,-0.0058638,0,0,6.62E-15,,59.1,279.1,90,0
0.012981,-0.0058645,0,0,6.62E-15,,59.16,279.16,90,0
0.012982,-0.0058651,0,0,6.62E-15,,59.22,279.22,90,0
0.012983,-0.0058658,0,0,6.62E-15,,59.28,279.28,90,0
0.012984,-0.0058665,0,0,6.62E-15,,59.34,279.34,90,0
0.012985,-0.0058671,0,0,6.62E-15,,59.4,279.4,90,0
0.012986,-0.0058678,0,0,6.62E-15,,59.46,279.46,90,0
0.012987,-0.0058685,0,0,6.62E-15,,59.52,279.52,90,0
0.012988,-0.0058691,0,0,6.62E-15,,59.58,279.58,90,0
0.012989,-0.0058698,0,0,6.62E-15,,59.64,279.64,90,0
0.01299,-0.0058705,0,0,6.62E-15,,59.7,279.7,90,0
0.012991,-0.0058711,0,0,6.62E-15,,59.76,279.76,90,0
0.012992,-0.0058718,0,0,6.62E-15,,59.82,279.82,90,0
0.012992,-0.0058725,0,0,6.62E-15,,59.88,279.88,90,0
0.012993,-0.0058732,0,0,6.62E-15,,59.94,279.94,90,0
0.012994,-0.0058738,0,0,6.62E-15,,60,280,90,0
